temperature,month,hour,weekend,sunny,crowd_level,weather_Clear,weather_Drizzle,weather_Mostly Clear,weather_Overcast,weather_Partly Cloudy,weather_Rain,weather_Snow
18.8,6,10,1,0,0.38,False,False,False,True,False,False,False
20.8,6,11,1,0,0.43,False,False,False,True,False,False,False
22.2,6,12,1,0,0.49,False,False,False,True,False,False,False
23.4,6,13,1,0,0.54,False,False,False,True,False,False,False
24.2,6,14,1,0,0.51,False,False,False,True,False,False,False
25.0,6,15,1,0,0.55,False,False,False,True,False,False,False
25.5,6,16,1,0,0.55,False,False,False,True,False,False,False
25.3,6,17,1,0,0.54,False,False,False,True,False,False,False
24.9,6,18,1,0,0.56,False,False,False,True,False,False,False
23.8,6,19,1,0,0.53,False,False,False,True,False,False,False
21.7,6,20,1,0,0.44,False,False,False,True,False,False,False
16.5,6,10,1,0,0.23,False,True,False,False,False,False,False
17.0,6,11,1,0,0.28,False,True,False,False,False,False,False
17.8,6,12,1,0,0.25,False,True,False,False,False,False,False
17.7,6,13,1,0,0.3,False,True,False,False,False,False,False
20.1,6,14,1,0,0.49,False,False,False,True,False,False,False
20.8,6,15,1,0,0.52,False,False,False,True,False,False,False
21.0,6,16,1,0,0.49,False,False,False,True,False,False,False
21.4,6,17,1,0,0.5,False,False,False,True,False,False,False
21.3,6,18,1,0,0.5,False,False,False,True,False,False,False
20.7,6,19,1,1,0.74,True,False,False,False,False,False,False
20.2,6,20,1,0,0.69,False,False,True,False,False,False,False
20.0,6,10,0,0,0.22,False,True,False,False,False,False,False
21.4,6,11,0,0,0.34,False,False,False,True,False,False,False
23.0,6,12,0,0,0.25,False,True,False,False,False,False,False
24.0,6,13,0,0,0.25,False,True,False,False,False,False,False
25.0,6,14,0,0,0.28,False,True,False,False,False,False,False
25.6,6,15,0,0,0.3,False,True,False,False,False,False,False
26.1,6,16,0,0,0.7,False,False,True,False,False,False,False
26.2,6,17,0,1,0.76,True,False,False,False,False,False,False
26.0,6,18,0,1,0.78,True,False,False,False,False,False,False
25.5,6,19,0,1,0.69,True,False,False,False,False,False,False
24.1,6,20,0,1,0.71,True,False,False,False,False,False,False
24.0,6,10,0,0,0.36,False,False,False,True,False,False,False
25.9,6,11,0,0,0.41,False,False,False,True,False,False,False
27.0,6,12,0,0,0.4,False,False,False,True,False,False,False
28.0,6,13,0,0,0.48,False,False,False,True,False,False,False
28.6,6,14,0,0,0.45,False,False,False,True,False,False,False
29.2,6,15,0,1,0.81,True,False,False,False,False,False,False
29.0,6,16,0,0,0.5,False,False,False,True,False,False,False
28.9,6,17,0,0,0.51,False,False,False,True,False,False,False
28.5,6,18,0,0,0.52,False,False,False,True,False,False,False
27.3,6,19,0,0,0.43,False,False,False,True,False,False,False
25.4,6,20,0,0,0.43,False,False,False,True,False,False,False
20.1,6,10,0,0,0.13,False,False,False,False,False,True,False
20.2,6,11,0,0,0.16,False,False,False,False,False,True,False
22.2,6,12,0,0,0.25,False,True,False,False,False,False,False
23.8,6,13,0,0,0.28,False,True,False,False,False,False,False
22.5,6,14,0,0,0.15,False,False,False,False,False,True,False
21.0,6,15,0,0,0.15,False,False,False,False,False,True,False
24.1,6,16,0,0,0.47,False,False,False,True,False,False,False
24.8,6,17,0,0,0.49,False,False,False,True,False,False,False
24.6,6,18,0,0,0.3,False,True,False,False,False,False,False
24.0,6,19,0,0,0.27,False,True,False,False,False,False,False
23.1,6,20,0,0,0.41,False,False,False,True,False,False,False
22.1,6,10,0,0,0.24,False,True,False,False,False,False,False
23.7,6,11,0,1,0.63,True,False,False,False,False,False,False
24.9,6,12,0,1,0.67,True,False,False,False,False,False,False
25.6,6,13,0,0,0.47,False,False,False,True,False,False,False
26.1,6,14,0,0,0.68,False,False,True,False,False,False,False
26.6,6,15,0,0,0.46,False,False,False,True,False,False,False
22.3,6,16,0,0,0.27,False,True,False,False,False,False,False
23.2,6,17,0,0,0.48,False,False,False,True,False,False,False
23.2,6,18,0,0,0.45,False,False,False,True,False,False,False
22.5,6,19,0,0,0.57,False,False,False,False,True,False,False
21.2,6,20,0,0,0.37,False,False,False,True,False,False,False
20.6,6,10,0,0,0.48,False,False,True,False,False,False,False
20.9,6,11,0,0,0.54,False,False,True,False,False,False,False
21.1,6,12,0,0,0.53,False,False,True,False,False,False,False
21.9,6,13,0,0,0.39,False,False,False,True,False,False,False
21.6,6,14,0,0,0.5,False,False,False,False,True,False,False
22.0,6,15,0,0,0.48,False,False,False,True,False,False,False
21.2,6,16,0,0,0.41,False,False,False,True,False,False,False
20.6,6,17,0,0,0.57,False,False,False,False,True,False,False
21.2,6,18,0,0,0.61,False,False,True,False,False,False,False
20.7,6,19,0,1,0.62,True,False,False,False,False,False,False
19.3,6,20,0,0,0.57,False,False,True,False,False,False,False
19.7,6,10,1,1,0.66,True,False,False,False,False,False,False
20.8,6,11,1,0,0.57,False,False,False,False,True,False,False
22.0,6,12,1,0,0.65,False,False,False,False,True,False,False
23.3,6,13,1,0,0.54,False,False,False,True,False,False,False
24.0,6,14,1,0,0.77,False,False,True,False,False,False,False
24.4,6,15,1,1,0.92,True,False,False,False,False,False,False
24.8,6,16,1,0,0.82,False,False,True,False,False,False,False
25.0,6,17,1,0,0.71,False,False,False,False,True,False,False
25.3,6,18,1,0,0.74,False,False,False,False,True,False,False
23.7,6,19,1,1,0.8,True,False,False,False,False,False,False
21.9,6,20,1,1,0.78,True,False,False,False,False,False,False
17.7,6,10,1,0,0.25,False,True,False,False,False,False,False
19.1,6,11,1,0,0.64,False,False,True,False,False,False,False
20.4,6,12,1,0,0.68,False,False,True,False,False,False,False
21.4,6,13,1,0,0.62,False,False,False,False,True,False,False
22.0,6,14,1,0,0.53,False,False,False,True,False,False,False
22.5,6,15,1,0,0.82,False,False,True,False,False,False,False
22.6,6,16,1,0,0.8,False,False,True,False,False,False,False
22.6,6,17,1,0,0.81,False,False,True,False,False,False,False
21.8,6,18,1,0,0.74,False,False,True,False,False,False,False
21.0,6,19,1,0,0.47,False,False,False,True,False,False,False
19.8,6,20,1,0,0.48,False,False,False,True,False,False,False
16.9,6,10,0,0,0.39,False,False,False,False,True,False,False
18.4,6,11,0,0,0.35,False,False,False,True,False,False,False
17.9,6,12,0,0,0.36,False,False,False,True,False,False,False
18.1,6,13,0,0,0.42,False,False,False,True,False,False,False
18.1,6,14,0,0,0.4,False,False,False,True,False,False,False
17.8,6,15,0,0,0.45,False,False,False,True,False,False,False
17.7,6,16,0,0,0.61,False,False,True,False,False,False,False
17.2,6,17,0,1,0.72,True,False,False,False,False,False,False
17.7,6,18,0,1,0.7,True,False,False,False,False,False,False
17.2,6,19,0,0,0.57,False,False,True,False,False,False,False
16.1,6,20,0,0,0.45,False,False,False,False,True,False,False
15.6,6,10,0,0,0.38,False,False,False,False,True,False,False
17.0,6,11,0,0,0.48,False,False,False,False,True,False,False
18.2,6,12,0,0,0.38,False,False,False,True,False,False,False
19.2,6,13,0,0,0.41,False,False,False,True,False,False,False
20.0,6,14,0,0,0.61,False,False,True,False,False,False,False
20.7,6,15,0,1,0.67,True,False,False,False,False,False,False
20.8,6,16,0,0,0.62,False,False,True,False,False,False,False
20.8,6,17,0,0,0.6,False,False,True,False,False,False,False
20.7,6,18,0,1,0.71,True,False,False,False,False,False,False
20.6,6,19,0,0,0.5,False,False,False,False,True,False,False
18.5,6,20,0,0,0.57,False,False,True,False,False,False,False
20.2,6,10,0,1,0.54,True,False,False,False,False,False,False
22.0,6,11,0,1,0.64,True,False,False,False,False,False,False
23.7,6,12,0,0,0.54,False,False,False,False,True,False,False
24.6,6,13,0,0,0.59,False,False,False,False,True,False,False
25.1,6,14,0,1,0.73,True,False,False,False,False,False,False
25.7,6,15,0,1,0.78,True,False,False,False,False,False,False
26.1,6,16,0,1,0.74,True,False,False,False,False,False,False
26.6,6,17,0,0,0.61,False,False,False,False,True,False,False
26.4,6,18,0,0,0.68,False,False,True,False,False,False,False
25.8,6,19,0,1,0.69,True,False,False,False,False,False,False
23.6,6,20,0,1,0.71,True,False,False,False,False,False,False
23.6,6,10,0,1,0.6,True,False,False,False,False,False,False
25.3,6,11,0,1,0.63,True,False,False,False,False,False,False
26.6,6,12,0,1,0.67,True,False,False,False,False,False,False
27.8,6,13,0,1,0.75,True,False,False,False,False,False,False
28.7,6,14,0,1,0.8,True,False,False,False,False,False,False
29.5,6,15,0,1,0.79,True,False,False,False,False,False,False
30.1,6,16,0,0,0.76,False,False,True,False,False,False,False
30.1,6,17,0,0,0.72,False,False,True,False,False,False,False
29.7,6,18,0,1,0.81,True,False,False,False,False,False,False
28.6,6,19,0,1,0.74,True,False,False,False,False,False,False
26.0,6,20,0,0,0.65,False,False,True,False,False,False,False
24.9,6,10,0,0,0.53,False,False,True,False,False,False,False
26.3,6,11,0,0,0.51,False,False,False,False,True,False,False
26.5,6,12,0,0,0.56,False,False,False,False,True,False,False
24.2,6,13,0,0,0.18,False,False,False,False,False,True,False
26.5,6,14,0,0,0.61,False,False,False,False,True,False,False
22.3,6,15,0,0,0.18,False,False,False,False,False,True,False
22.1,6,16,0,0,0.27,False,True,False,False,False,False,False
24.4,6,17,0,0,0.68,False,False,True,False,False,False,False
22.6,6,18,0,0,0.18,False,False,False,False,False,True,False
22.7,6,19,0,1,0.69,True,False,False,False,False,False,False
22.4,6,20,0,1,0.68,True,False,False,False,False,False,False
19.1,6,10,1,1,0.65,True,False,False,False,False,False,False
21.1,6,11,1,1,0.68,True,False,False,False,False,False,False
22.6,6,12,1,1,0.79,True,False,False,False,False,False,False
23.8,6,13,1,1,0.86,True,False,False,False,False,False,False
24.7,6,14,1,1,0.85,True,False,False,False,False,False,False
25.4,6,15,1,1,0.89,True,False,False,False,False,False,False
25.8,6,16,1,0,0.73,False,False,False,False,True,False,False
25.9,6,17,1,0,0.72,False,False,False,False,True,False,False
25.6,6,18,1,0,0.54,False,False,False,True,False,False,False
24.9,6,19,1,1,0.84,True,False,False,False,False,False,False
22.9,6,20,1,1,0.82,True,False,False,False,False,False,False
22.6,6,10,1,1,0.71,True,False,False,False,False,False,False
24.9,6,11,1,0,0.68,False,False,True,False,False,False,False
26.8,6,12,1,0,0.49,False,False,False,True,False,False,False
28.3,6,13,1,0,0.56,False,False,False,True,False,False,False
29.4,6,14,1,0,0.56,False,False,False,True,False,False,False
30.5,6,15,1,0,0.57,False,False,False,True,False,False,False
31.3,6,16,1,0,0.77,False,False,False,False,True,False,False
31.3,6,17,1,0,0.74,False,False,False,False,True,False,False
30.9,6,18,1,1,0.95,True,False,False,False,False,False,False
30.4,6,19,1,1,0.86,True,False,False,False,False,False,False
27.7,6,20,1,1,0.81,True,False,False,False,False,False,False
26.3,6,10,0,0,0.24,False,True,False,False,False,False,False
29.0,6,11,0,1,0.71,True,False,False,False,False,False,False
30.8,6,12,0,0,0.64,False,False,True,False,False,False,False
32.3,6,13,0,1,0.75,True,False,False,False,False,False,False
33.4,6,14,0,0,0.7,False,False,True,False,False,False,False
33.7,6,15,0,0,0.74,False,False,True,False,False,False,False
34.3,6,16,0,0,0.71,False,False,True,False,False,False,False
33.1,6,17,0,0,0.76,False,False,True,False,False,False,False
32.6,6,18,0,0,0.51,False,False,False,True,False,False,False
31.6,6,19,0,1,0.75,True,False,False,False,False,False,False
29.8,6,20,0,1,0.77,True,False,False,False,False,False,False
27.1,6,10,0,0,0.35,False,False,False,True,False,False,False
29.1,6,11,0,0,0.43,False,False,False,True,False,False,False
30.3,6,12,0,0,0.28,False,True,False,False,False,False,False
27.5,6,13,0,0,0.16,False,False,False,False,False,True,False
28.6,6,14,0,0,0.46,False,False,False,True,False,False,False
29.1,6,15,0,0,0.49,False,False,False,True,False,False,False
29.8,6,16,0,0,0.52,False,False,False,True,False,False,False
29.8,6,17,0,0,0.48,False,False,False,True,False,False,False
30.0,6,18,0,0,0.63,False,False,False,False,True,False,False
29.6,6,19,0,0,0.46,False,False,False,True,False,False,False
28.4,6,20,0,0,0.48,False,False,False,True,False,False,False
27.6,6,10,0,0,0.34,False,False,False,True,False,False,False
28.9,6,11,0,0,0.43,False,False,False,True,False,False,False
29.8,6,12,0,0,0.44,False,False,False,True,False,False,False
30.7,6,13,0,0,0.28,False,True,False,False,False,False,False
31.8,6,14,0,0,0.49,False,False,False,True,False,False,False
31.3,6,15,0,0,0.5,False,False,False,True,False,False,False
31.4,6,16,0,0,0.49,False,False,False,True,False,False,False
31.5,6,17,0,0,0.51,False,False,False,True,False,False,False
31.4,6,18,0,0,0.31,False,True,False,False,False,False,False
31.3,6,19,0,0,0.66,False,False,True,False,False,False,False
28.9,6,20,0,0,0.47,False,False,False,True,False,False,False
27.0,6,10,0,0,0.54,False,False,True,False,False,False,False
28.9,6,11,0,1,0.72,True,False,False,False,False,False,False
30.3,6,12,0,0,0.66,False,False,True,False,False,False,False
31.0,6,13,0,0,0.71,False,False,True,False,False,False,False
31.6,6,14,0,0,0.45,False,False,False,True,False,False,False
31.7,6,15,0,0,0.74,False,False,True,False,False,False,False
32.0,6,16,0,1,0.82,True,False,False,False,False,False,False
32.1,6,17,0,1,0.8,True,False,False,False,False,False,False
32.1,6,18,0,1,0.82,True,False,False,False,False,False,False
31.4,6,19,0,0,0.66,False,False,True,False,False,False,False
29.8,6,20,0,0,0.68,False,False,True,False,False,False,False
28.6,6,10,0,1,0.64,True,False,False,False,False,False,False
30.4,6,11,0,1,0.68,True,False,False,False,False,False,False
31.7,6,12,0,1,0.72,True,False,False,False,False,False,False
32.8,6,13,0,0,0.68,False,False,True,False,False,False,False
33.6,6,14,0,1,0.8,True,False,False,False,False,False,False
34.3,6,15,0,1,0.81,True,False,False,False,False,False,False
34.4,6,16,0,0,0.75,False,False,True,False,False,False,False
33.3,6,17,0,0,0.74,False,False,True,False,False,False,False
32.5,6,18,0,1,0.82,True,False,False,False,False,False,False
31.6,6,19,0,0,0.61,False,False,False,False,True,False,False
29.6,6,20,0,0,0.58,False,False,False,False,True,False,False
28.0,6,10,1,0,0.62,False,False,False,False,True,False,False
30.7,6,11,1,0,0.52,False,False,False,True,False,False,False
32.8,6,12,1,0,0.79,False,False,True,False,False,False,False
33.8,6,13,1,1,0.92,True,False,False,False,False,False,False
34.5,6,14,1,1,0.89,True,False,False,False,False,False,False
34.9,6,15,1,0,0.86,False,False,True,False,False,False,False
34.7,6,16,1,0,0.87,False,False,True,False,False,False,False
34.8,6,17,1,0,0.84,False,False,True,False,False,False,False
34.3,6,18,1,0,0.77,False,False,False,False,True,False,False
32.7,6,19,1,0,0.53,False,False,False,True,False,False,False
31.2,6,20,1,0,0.56,False,False,False,True,False,False,False
28.1,6,10,1,0,0.47,False,False,False,True,False,False,False
28.7,6,11,1,0,0.53,False,False,False,True,False,False,False
28.2,6,12,1,0,0.3,False,True,False,False,False,False,False
27.2,6,13,1,0,0.3,False,True,False,False,False,False,False
28.4,6,14,1,0,0.57,False,False,False,True,False,False,False
30.1,6,15,1,0,0.55,False,False,False,True,False,False,False
27.9,6,16,1,0,0.33,False,True,False,False,False,False,False
26.2,6,17,1,0,0.31,False,True,False,False,False,False,False
26.7,6,18,1,0,0.33,False,True,False,False,False,False,False
26.1,6,19,1,0,0.29,False,True,False,False,False,False,False
22.8,6,20,1,0,0.16,False,False,False,False,False,True,False
21.3,6,10,0,0,0.43,False,False,False,False,True,False,False
22.8,6,11,0,1,0.64,True,False,False,False,False,False,False
24.3,6,12,0,1,0.68,True,False,False,False,False,False,False
25.3,6,13,0,1,0.73,True,False,False,False,False,False,False
25.9,6,14,0,0,0.67,False,False,True,False,False,False,False
26.4,6,15,0,0,0.71,False,False,True,False,False,False,False
26.7,6,16,0,1,0.75,True,False,False,False,False,False,False
27.1,6,17,0,0,0.67,False,False,True,False,False,False,False
27.0,6,18,0,0,0.71,False,False,True,False,False,False,False
25.9,6,19,0,0,0.65,False,False,True,False,False,False,False
23.9,6,20,0,1,0.67,True,False,False,False,False,False,False
24.3,6,10,0,0,0.34,False,False,False,True,False,False,False
26.2,6,11,0,0,0.41,False,False,False,True,False,False,False
27.7,6,12,0,0,0.41,False,False,False,True,False,False,False
28.6,6,13,0,0,0.48,False,False,False,True,False,False,False
29.9,6,14,0,0,0.46,False,False,False,True,False,False,False
29.8,6,15,0,0,0.51,False,False,False,True,False,False,False
30.0,6,16,0,0,0.51,False,False,False,True,False,False,False
29.5,6,17,0,0,0.51,False,False,False,True,False,False,False
29.6,6,18,0,0,0.51,False,False,False,True,False,False,False
29.3,6,19,0,0,0.48,False,False,False,True,False,False,False
27.5,6,20,0,0,0.44,False,False,False,True,False,False,False
25.7,6,10,0,0,0.36,False,False,False,True,False,False,False
27.3,6,11,0,0,0.41,False,False,False,True,False,False,False
27.8,6,12,0,0,0.39,False,False,False,True,False,False,False
30.3,6,13,0,0,0.48,False,False,False,True,False,False,False
26.7,6,14,0,0,0.26,False,True,False,False,False,False,False
26.1,6,15,0,0,0.31,False,True,False,False,False,False,False
27.0,6,16,0,0,0.26,False,True,False,False,False,False,False
25.3,6,17,0,0,0.28,False,True,False,False,False,False,False
24.4,6,18,0,0,0.28,False,True,False,False,False,False,False
23.1,6,19,0,0,0.28,False,True,False,False,False,False,False
20.5,6,20,0,0,0.14,False,False,False,False,False,True,False
21.4,6,10,0,0,0.18,False,True,False,False,False,False,False
23.0,6,11,0,0,0.25,False,True,False,False,False,False,False
24.1,6,12,0,0,0.58,False,False,True,False,False,False,False
24.7,6,13,0,0,0.58,False,False,False,False,True,False,False
25.2,6,14,0,1,0.71,True,False,False,False,False,False,False
25.5,6,15,0,1,0.75,True,False,False,False,False,False,False
25.8,6,16,0,1,0.78,True,False,False,False,False,False,False
26.1,6,17,0,0,0.6,False,False,False,False,True,False,False
25.2,6,18,0,1,0.78,True,False,False,False,False,False,False
24.5,6,19,0,1,0.68,True,False,False,False,False,False,False
22.8,6,20,0,1,0.71,True,False,False,False,False,False,False
21.8,6,10,0,0,0.34,False,False,False,True,False,False,False
23.8,6,11,0,0,0.38,False,False,False,True,False,False,False
25.6,6,12,0,0,0.39,False,False,False,True,False,False,False
27.1,6,13,0,1,0.75,True,False,False,False,False,False,False
28.5,6,14,0,1,0.76,True,False,False,False,False,False,False
29.8,6,15,0,1,0.79,True,False,False,False,False,False,False
30.7,6,16,0,0,0.64,False,False,False,False,True,False,False
31.3,6,17,0,0,0.49,False,False,False,True,False,False,False
29.8,6,18,0,0,0.73,False,False,True,False,False,False,False
28.8,6,19,0,0,0.46,False,False,False,True,False,False,False
27.3,6,20,0,0,0.44,False,False,False,True,False,False,False
24.2,6,10,1,0,0.16,False,False,False,False,False,True,False
26.3,6,11,1,0,0.27,False,True,False,False,False,False,False
29.0,6,12,1,0,0.51,False,False,False,True,False,False,False
30.0,6,13,1,0,0.55,False,False,False,True,False,False,False
31.6,6,14,1,0,0.53,False,False,False,True,False,False,False
26.6,6,15,1,0,0.34,False,True,False,False,False,False,False
26.0,6,16,1,0,0.34,False,True,False,False,False,False,False
27.0,6,17,1,0,0.54,False,False,False,True,False,False,False
27.7,6,18,1,0,0.54,False,False,False,True,False,False,False
28.1,6,19,1,0,0.52,False,False,False,True,False,False,False
26.9,6,20,1,0,0.5,False,False,False,True,False,False,False
25.0,6,10,1,0,0.28,False,True,False,False,False,False,False
26.4,6,11,1,0,0.28,False,True,False,False,False,False,False
27.6,6,12,1,0,0.27,False,True,False,False,False,False,False
28.2,6,13,1,0,0.31,False,True,False,False,False,False,False
28.5,6,14,1,0,0.79,False,False,True,False,False,False,False
28.4,6,15,1,1,0.95,True,False,False,False,False,False,False
27.8,6,16,1,0,0.79,False,False,True,False,False,False,False
26.1,6,17,1,1,0.91,True,False,False,False,False,False,False
23.1,6,18,1,1,0.89,True,False,False,False,False,False,False
20.0,6,19,1,1,0.75,True,False,False,False,False,False,False
18.2,6,20,1,1,0.77,True,False,False,False,False,False,False
17.2,7,10,0,1,0.6,True,False,False,False,False,False,False
18.6,7,11,0,0,0.62,False,False,True,False,False,False,False
19.8,7,12,0,1,0.69,True,False,False,False,False,False,False
21.2,7,13,0,1,0.77,True,False,False,False,False,False,False
22.4,7,14,0,1,0.83,True,False,False,False,False,False,False
23.1,7,15,0,1,0.87,True,False,False,False,False,False,False
23.5,7,16,0,1,0.86,True,False,False,False,False,False,False
23.5,7,17,0,1,0.86,True,False,False,False,False,False,False
23.2,7,18,0,1,0.86,True,False,False,False,False,False,False
22.7,7,19,0,1,0.77,True,False,False,False,False,False,False
21.3,7,20,0,1,0.74,True,False,False,False,False,False,False
21.3,7,10,0,1,0.61,True,False,False,False,False,False,False
23.2,7,11,0,1,0.75,True,False,False,False,False,False,False
24.6,7,12,0,1,0.75,True,False,False,False,False,False,False
25.8,7,13,0,1,0.83,True,False,False,False,False,False,False
26.8,7,14,0,1,0.81,True,False,False,False,False,False,False
27.6,7,15,0,1,0.87,True,False,False,False,False,False,False
28.1,7,16,0,1,0.93,True,False,False,False,False,False,False
28.3,7,17,0,1,0.9,True,False,False,False,False,False,False
28.2,7,18,0,0,0.58,False,False,False,True,False,False,False
27.4,7,19,0,0,0.48,False,False,False,True,False,False,False
25.1,7,20,0,0,0.5,False,False,False,True,False,False,False
25.8,7,10,0,1,0.71,True,False,False,False,False,False,False
28.2,7,11,0,0,0.74,False,False,True,False,False,False,False
30.0,7,12,0,0,0.5,False,False,False,True,False,False,False
31.2,7,13,0,0,0.51,False,False,False,True,False,False,False
31.5,7,14,0,0,0.3,False,True,False,False,False,False,False
32.6,7,15,0,0,0.74,False,False,False,False,True,False,False
32.9,7,16,0,1,0.9,True,False,False,False,False,False,False
32.9,7,17,0,0,0.84,False,False,True,False,False,False,False
32.6,7,18,0,0,0.83,False,False,True,False,False,False,False
30.6,7,19,0,0,0.32,False,True,False,False,False,False,False
24.4,7,20,0,0,0.32,False,True,False,False,False,False,False
23.2,7,10,0,0,0.27,False,True,False,False,False,False,False
25.2,7,11,0,0,0.28,False,True,False,False,False,False,False
26.9,7,12,0,0,0.47,False,False,False,True,False,False,False
27.1,7,13,0,0,0.28,False,True,False,False,False,False,False
27.8,7,14,0,0,0.32,False,True,False,False,False,False,False
28.8,7,15,0,0,0.35,False,True,False,False,False,False,False
30.0,7,16,0,0,0.74,False,False,False,False,True,False,False
30.3,7,17,0,0,0.57,False,False,False,True,False,False,False
29.7,7,18,0,0,0.58,False,False,False,True,False,False,False
24.7,7,19,0,0,0.2,False,False,False,False,False,True,False
24.7,7,20,0,0,0.27,False,True,False,False,False,False,False
24.9,7,10,0,0,0.26,False,True,False,False,False,False,False
26.3,7,11,0,0,0.29,False,True,False,False,False,False,False
27.3,7,12,0,0,0.27,False,True,False,False,False,False,False
29.2,7,13,0,0,0.32,False,True,False,False,False,False,False
30.4,7,14,0,0,0.55,False,False,False,True,False,False,False
30.8,7,15,0,0,0.55,False,False,False,True,False,False,False
31.3,7,16,0,0,0.58,False,False,False,True,False,False,False
31.5,7,17,0,0,0.56,False,False,False,True,False,False,False
29.8,7,18,0,0,0.55,False,False,False,True,False,False,False
28.3,7,19,0,0,0.49,False,False,False,True,False,False,False
27.0,7,20,0,0,0.48,False,False,False,True,False,False,False
24.3,7,10,1,0,0.65,False,False,False,False,True,False,False
25.9,7,11,1,0,0.32,False,True,False,False,False,False,False
26.9,7,12,1,0,0.33,False,True,False,False,False,False,False
28.3,7,13,1,0,0.93,False,False,True,False,False,False,False
29.1,7,14,1,1,0.99,True,False,False,False,False,False,False
29.7,7,15,1,1,1.0,True,False,False,False,False,False,False
29.6,7,16,1,0,0.62,False,False,False,True,False,False,False
29.3,7,17,1,0,0.91,False,False,True,False,False,False,False
28.8,7,18,1,1,1.0,True,False,False,False,False,False,False
27.9,7,19,1,1,0.9,True,False,False,False,False,False,False
26.4,7,20,1,1,0.94,True,False,False,False,False,False,False
24.8,7,10,1,0,0.51,False,False,False,True,False,False,False
26.1,7,11,1,0,0.68,False,False,False,False,True,False,False
27.2,7,12,1,0,0.79,False,False,True,False,False,False,False
28.3,7,13,1,0,0.83,False,False,False,False,True,False,False
29.1,7,14,1,0,0.82,False,False,False,False,True,False,False
29.9,7,15,1,0,0.81,False,False,False,False,True,False,False
30.1,7,16,1,0,0.84,False,False,False,False,True,False,False
29.8,7,17,1,0,0.82,False,False,False,False,True,False,False
29.0,7,18,1,0,0.61,False,False,False,True,False,False,False
27.6,7,19,1,1,0.92,True,False,False,False,False,False,False
26.6,7,20,1,1,0.93,True,False,False,False,False,False,False
26.0,7,10,0,0,0.64,False,False,True,False,False,False,False
28.2,7,11,0,0,0.62,False,False,False,False,True,False,False
29.6,7,12,0,0,0.52,False,False,False,True,False,False,False
30.8,7,13,0,0,0.55,False,False,False,True,False,False,False
31.7,7,14,0,0,0.54,False,False,False,True,False,False,False
31.7,7,15,0,0,0.58,False,False,False,True,False,False,False
30.9,7,16,0,0,0.57,False,False,False,True,False,False,False
30.5,7,17,0,0,0.57,False,False,False,True,False,False,False
30.2,7,18,0,0,0.55,False,False,False,True,False,False,False
29.3,7,19,0,0,0.53,False,False,False,True,False,False,False
27.7,7,20,0,0,0.51,False,False,False,True,False,False,False
27.4,7,10,0,0,0.41,False,False,False,True,False,False,False
29.2,7,11,0,0,0.47,False,False,False,True,False,False,False
30.6,7,12,0,0,0.48,False,False,False,True,False,False,False
31.4,7,13,0,0,0.52,False,False,False,True,False,False,False
31.3,7,14,0,0,0.53,False,False,False,True,False,False,False
32.0,7,15,0,0,0.58,False,False,False,True,False,False,False
32.2,7,16,0,0,0.56,False,False,False,True,False,False,False
31.4,7,17,0,0,0.57,False,False,False,True,False,False,False
30.0,7,18,0,0,0.85,False,False,True,False,False,False,False
29.1,7,19,0,0,0.79,False,False,True,False,False,False,False
28.2,7,20,0,0,0.79,False,False,True,False,False,False,False
30.6,7,10,0,1,0.72,True,False,False,False,False,False,False
31.6,7,11,0,1,0.81,True,False,False,False,False,False,False
31.8,7,12,0,0,0.29,False,True,False,False,False,False,False
31.3,7,13,0,0,0.3,False,True,False,False,False,False,False
31.9,7,14,0,1,0.88,True,False,False,False,False,False,False
31.2,7,15,0,0,0.84,False,False,True,False,False,False,False
30.0,7,16,0,0,0.81,False,False,True,False,False,False,False
29.0,7,17,0,0,0.75,False,False,False,False,True,False,False
27.9,7,18,0,0,0.51,False,False,False,True,False,False,False
25.2,7,19,0,0,0.47,False,False,False,True,False,False,False
23.5,7,20,0,0,0.46,False,False,False,True,False,False,False
21.8,7,10,0,0,0.41,False,False,False,True,False,False,False
23.3,7,11,0,0,0.45,False,False,False,True,False,False,False
24.4,7,12,0,0,0.44,False,False,False,True,False,False,False
25.3,7,13,0,0,0.52,False,False,False,True,False,False,False
25.9,7,14,0,0,0.51,False,False,False,True,False,False,False
26.2,7,15,0,0,0.51,False,False,False,True,False,False,False
26.8,7,16,0,0,0.53,False,False,False,True,False,False,False
26.2,7,17,0,0,0.51,False,False,False,True,False,False,False
26.0,7,18,0,0,0.69,False,False,False,False,True,False,False
25.9,7,19,0,1,0.78,True,False,False,False,False,False,False
25.0,7,20,0,1,0.8,True,False,False,False,False,False,False
24.1,7,10,0,1,0.69,True,False,False,False,False,False,False
25.7,7,11,0,1,0.73,True,False,False,False,False,False,False
27.2,7,12,0,1,0.75,True,False,False,False,False,False,False
28.4,7,13,0,1,0.85,True,False,False,False,False,False,False
29.2,7,14,0,0,0.78,False,False,True,False,False,False,False
29.5,7,15,0,0,0.84,False,False,True,False,False,False,False
29.8,7,16,0,0,0.84,False,False,True,False,False,False,False
30.4,7,17,0,0,0.81,False,False,True,False,False,False,False
30.4,7,18,0,0,0.83,False,False,True,False,False,False,False
29.4,7,19,0,1,0.87,True,False,False,False,False,False,False
27.5,7,20,0,0,0.7,False,False,True,False,False,False,False
27.8,7,10,1,0,0.73,False,False,True,False,False,False,False
29.7,7,11,1,0,0.73,False,False,False,False,True,False,False
30.3,7,12,1,0,0.86,False,False,True,False,False,False,False
31.1,7,13,1,0,0.36,False,True,False,False,False,False,False
31.9,7,14,1,0,0.88,False,False,True,False,False,False,False
32.5,7,15,1,0,0.94,False,False,True,False,False,False,False
32.6,7,16,1,0,0.92,False,False,True,False,False,False,False
32.9,7,17,1,0,0.94,False,False,True,False,False,False,False
32.3,7,18,1,0,0.81,False,False,False,False,True,False,False
31.1,7,19,1,0,0.89,False,False,True,False,False,False,False
29.1,7,20,1,0,0.36,False,True,False,False,False,False,False
27.6,7,10,1,0,0.73,False,False,True,False,False,False,False
29.4,7,11,1,1,0.94,True,False,False,False,False,False,False
30.9,7,12,1,1,0.96,True,False,False,False,False,False,False
32.1,7,13,1,0,0.79,False,False,False,False,True,False,False
33.4,7,14,1,0,0.63,False,False,False,True,False,False,False
33.5,7,15,1,0,0.62,False,False,False,True,False,False,False
33.6,7,16,1,0,0.65,False,False,False,True,False,False,False
34.2,7,17,1,0,0.61,False,False,False,True,False,False,False
33.6,7,18,1,0,0.94,False,False,True,False,False,False,False
33.2,7,19,1,0,0.6,False,False,False,True,False,False,False
30.4,7,20,1,1,0.99,True,False,False,False,False,False,False
23.0,7,10,0,0,0.42,False,False,False,True,False,False,False
25.3,7,11,0,0,0.58,False,False,False,False,True,False,False
28.8,7,12,0,1,0.79,True,False,False,False,False,False,False
32.2,7,13,0,0,0.8,False,False,True,False,False,False,False
32.1,7,14,0,0,0.52,False,False,False,True,False,False,False
33.0,7,15,0,0,0.35,False,True,False,False,False,False,False
30.6,7,16,0,0,0.32,False,True,False,False,False,False,False
32.1,7,17,0,1,0.9,True,False,False,False,False,False,False
24.9,7,18,0,0,0.34,False,True,False,False,False,False,False
24.5,7,19,0,0,0.28,False,True,False,False,False,False,False
24.9,7,20,0,0,0.49,False,False,False,True,False,False,False
28.4,7,10,0,0,0.46,False,False,False,True,False,False,False
29.0,7,11,0,0,0.51,False,False,False,True,False,False,False
30.6,7,12,0,0,0.49,False,False,False,True,False,False,False
31.9,7,13,0,0,0.54,False,False,False,True,False,False,False
32.7,7,14,0,0,0.53,False,False,False,True,False,False,False
32.2,7,15,0,0,0.55,False,False,False,True,False,False,False
33.3,7,16,0,0,0.73,False,False,False,False,True,False,False
31.4,7,17,0,0,0.33,False,True,False,False,False,False,False
31.3,7,18,0,0,0.55,False,False,False,True,False,False,False
30.4,7,19,0,0,0.51,False,False,False,True,False,False,False
28.9,7,20,0,0,0.7,False,False,False,False,True,False,False
23.1,7,10,0,0,0.15,False,False,False,False,False,True,False
23.6,7,11,0,0,0.29,False,True,False,False,False,False,False
24.9,7,12,0,0,0.3,False,True,False,False,False,False,False
22.9,7,13,0,0,0.18,False,False,False,False,False,True,False
24.9,7,14,0,0,0.33,False,True,False,False,False,False,False
26.9,7,15,0,0,0.3,False,True,False,False,False,False,False
22.9,7,16,0,0,0.2,False,False,False,False,False,True,False
24.6,7,17,0,0,0.32,False,True,False,False,False,False,False
22.0,7,18,0,0,0.21,False,False,False,False,False,True,False
22.8,7,19,0,0,0.28,False,True,False,False,False,False,False
22.7,7,20,0,0,0.71,False,False,True,False,False,False,False
21.4,7,10,0,0,0.39,False,False,False,True,False,False,False
22.6,7,11,0,0,0.45,False,False,False,True,False,False,False
23.9,7,12,0,0,0.49,False,False,False,True,False,False,False
25.4,7,13,0,0,0.53,False,False,False,True,False,False,False
26.4,7,14,0,0,0.5,False,False,False,True,False,False,False
26.8,7,15,0,1,0.86,True,False,False,False,False,False,False
26.8,7,16,0,0,0.71,False,False,False,False,True,False,False
26.1,7,17,0,0,0.76,False,False,True,False,False,False,False
25.7,7,18,0,0,0.76,False,False,True,False,False,False,False
24.7,7,19,0,0,0.74,False,False,True,False,False,False,False
23.0,7,20,0,1,0.81,True,False,False,False,False,False,False
21.1,7,10,0,1,0.61,True,False,False,False,False,False,False
22.5,7,11,0,1,0.77,True,False,False,False,False,False,False
23.9,7,12,0,1,0.77,True,False,False,False,False,False,False
25.0,7,13,0,1,0.81,True,False,False,False,False,False,False
25.7,7,14,0,1,0.81,True,False,False,False,False,False,False
26.4,7,15,0,1,0.85,True,False,False,False,False,False,False
26.9,7,16,0,0,0.76,False,False,True,False,False,False,False
26.8,7,17,0,0,0.51,False,False,False,True,False,False,False
27.0,7,18,0,0,0.55,False,False,False,True,False,False,False
26.9,7,19,0,0,0.48,False,False,False,True,False,False,False
24.8,7,20,0,1,0.81,True,False,False,False,False,False,False
22.1,7,10,1,0,0.5,False,False,False,True,False,False,False
24.4,7,11,1,0,0.55,False,False,False,True,False,False,False
26.6,7,12,1,0,0.55,False,False,False,True,False,False,False
28.1,7,13,1,0,0.63,False,False,False,True,False,False,False
29.2,7,14,1,0,0.63,False,False,False,True,False,False,False
29.8,7,15,1,0,0.61,False,False,False,True,False,False,False
30.4,7,16,1,0,0.61,False,False,False,True,False,False,False
29.8,7,17,1,0,0.62,False,False,False,True,False,False,False
29.3,7,18,1,0,0.61,False,False,False,True,False,False,False
28.9,7,19,1,0,0.61,False,False,False,True,False,False,False
27.4,7,20,1,0,0.84,False,False,True,False,False,False,False
22.3,7,10,1,0,0.51,False,False,False,True,False,False,False
23.8,7,11,1,0,0.53,False,False,False,True,False,False,False
25.4,7,12,1,0,0.53,False,False,False,True,False,False,False
26.8,7,13,1,0,0.79,False,False,False,False,True,False,False
27.8,7,14,1,0,0.56,False,False,False,True,False,False,False
28.1,7,15,1,0,0.65,False,False,False,True,False,False,False
28.5,7,16,1,0,0.6,False,False,False,True,False,False,False
28.8,7,17,1,0,0.65,False,False,False,True,False,False,False
28.7,7,18,1,0,0.63,False,False,False,True,False,False,False
28.5,7,19,1,0,0.62,False,False,False,True,False,False,False
27.5,7,20,1,0,0.58,False,False,False,True,False,False,False
23.3,7,10,0,0,0.41,False,False,False,True,False,False,False
24.0,7,11,0,0,0.46,False,False,False,True,False,False,False
25.2,7,12,0,0,0.46,False,False,False,True,False,False,False
25.6,7,13,0,0,0.49,False,False,False,True,False,False,False
26.9,7,14,0,0,0.48,False,False,False,True,False,False,False
27.4,7,15,0,0,0.54,False,False,False,True,False,False,False
27.3,7,16,0,0,0.54,False,False,False,True,False,False,False
26.5,7,17,0,0,0.55,False,False,False,True,False,False,False
24.3,7,18,0,0,0.53,False,False,False,True,False,False,False
22.7,7,19,0,0,0.27,False,True,False,False,False,False,False
22.1,7,20,0,0,0.47,False,False,False,True,False,False,False
22.9,7,10,0,0,0.56,False,False,False,False,True,False,False
24.3,7,11,0,0,0.45,False,False,False,True,False,False,False
25.5,7,12,0,0,0.47,False,False,False,True,False,False,False
26.6,7,13,0,0,0.52,False,False,False,True,False,False,False
27.5,7,14,0,0,0.52,False,False,False,True,False,False,False
27.8,7,15,0,0,0.55,False,False,False,True,False,False,False
28.4,7,16,0,0,0.56,False,False,False,True,False,False,False
28.5,7,17,0,0,0.58,False,False,False,True,False,False,False
28.1,7,18,0,0,0.76,False,False,False,False,True,False,False
26.5,7,19,0,0,0.31,False,True,False,False,False,False,False
22.4,7,20,0,0,0.19,False,False,False,False,False,True,False
23.7,7,10,0,0,0.41,False,False,False,True,False,False,False
25.4,7,11,0,0,0.47,False,False,False,True,False,False,False
26.8,7,12,0,0,0.46,False,False,False,True,False,False,False
27.8,7,13,0,0,0.52,False,False,False,True,False,False,False
26.1,7,14,0,0,0.32,False,True,False,False,False,False,False
25.0,7,15,0,0,0.55,False,False,False,True,False,False,False
27.7,7,16,0,1,0.85,True,False,False,False,False,False,False
28.7,7,17,0,0,0.58,False,False,False,True,False,False,False
28.3,7,18,0,1,0.94,True,False,False,False,False,False,False
26.6,7,19,0,0,0.71,False,False,True,False,False,False,False
24.8,7,20,0,1,0.78,True,False,False,False,False,False,False
21.9,7,10,0,0,0.56,False,False,True,False,False,False,False
23.4,7,11,0,0,0.66,False,False,True,False,False,False,False
24.5,7,12,0,0,0.28,False,True,False,False,False,False,False
25.0,7,13,0,0,0.32,False,True,False,False,False,False,False
26.2,7,14,0,0,0.28,False,True,False,False,False,False,False
27.0,7,15,0,0,0.31,False,True,False,False,False,False,False
27.0,7,16,0,0,0.79,False,False,True,False,False,False,False
27.1,7,17,0,0,0.78,False,False,True,False,False,False,False
26.7,7,18,0,0,0.76,False,False,True,False,False,False,False
25.6,7,19,0,0,0.29,False,True,False,False,False,False,False
24.3,7,20,0,0,0.74,False,False,True,False,False,False,False
21.3,7,10,0,1,0.61,True,False,False,False,False,False,False
23.0,7,11,0,1,0.74,True,False,False,False,False,False,False
24.2,7,12,0,1,0.74,True,False,False,False,False,False,False
25.2,7,13,0,1,0.84,True,False,False,False,False,False,False
25.9,7,14,0,1,0.81,True,False,False,False,False,False,False
26.5,7,15,0,1,0.88,True,False,False,False,False,False,False
26.9,7,16,0,1,0.86,True,False,False,False,False,False,False
26.9,7,17,0,1,0.86,True,False,False,False,False,False,False
26.7,7,18,0,1,0.87,True,False,False,False,False,False,False
26.1,7,19,0,1,0.8,True,False,False,False,False,False,False
24.0,7,20,0,1,0.79,True,False,False,False,False,False,False
24.0,7,10,1,1,0.84,True,False,False,False,False,False,False
25.8,7,11,1,1,0.88,True,False,False,False,False,False,False
27.3,7,12,1,0,0.8,False,False,True,False,False,False,False
28.0,7,13,1,0,0.81,False,False,False,False,True,False,False
28.6,7,14,1,1,0.98,True,False,False,False,False,False,False
28.7,7,15,1,1,1.0,True,False,False,False,False,False,False
29.2,7,16,1,1,1.0,True,False,False,False,False,False,False
29.3,7,17,1,1,1.0,True,False,False,False,False,False,False
29.2,7,18,1,1,1.0,True,False,False,False,False,False,False
28.3,7,19,1,1,0.97,True,False,False,False,False,False,False
25.8,7,20,1,1,0.9,True,False,False,False,False,False,False
24.2,7,10,1,1,0.81,True,False,False,False,False,False,False
27.0,7,11,1,1,0.87,True,False,False,False,False,False,False
29.2,7,12,1,1,0.92,True,False,False,False,False,False,False
30.1,7,13,1,1,1.0,True,False,False,False,False,False,False
30.9,7,14,1,1,1.0,True,False,False,False,False,False,False
31.5,7,15,1,1,1.0,True,False,False,False,False,False,False
31.9,7,16,1,1,1.0,True,False,False,False,False,False,False
32.1,7,17,1,1,1.0,True,False,False,False,False,False,False
32.1,7,18,1,1,1.0,True,False,False,False,False,False,False
30.9,7,19,1,1,0.96,True,False,False,False,False,False,False
28.2,7,20,1,1,0.96,True,False,False,False,False,False,False
25.3,7,10,0,0,0.43,False,False,False,True,False,False,False
27.6,7,11,0,0,0.47,False,False,False,True,False,False,False
29.0,7,12,0,0,0.65,False,False,False,False,True,False,False
30.0,7,13,0,0,0.69,False,False,False,False,True,False,False
30.7,7,14,0,0,0.56,False,False,False,True,False,False,False
24.8,7,15,0,0,0.19,False,False,False,False,False,True,False
23.7,7,16,0,0,0.18,False,False,False,False,False,True,False
24.7,7,17,0,0,0.33,False,True,False,False,False,False,False
25.2,7,18,0,0,0.31,False,True,False,False,False,False,False
25.2,7,19,0,0,0.3,False,True,False,False,False,False,False
24.5,7,20,0,0,0.62,False,False,False,False,True,False,False
21.1,7,10,0,0,0.25,False,True,False,False,False,False,False
23.3,7,11,0,0,0.3,False,True,False,False,False,False,False
22.5,7,12,0,0,0.17,False,False,False,False,False,True,False
24.3,7,13,0,0,0.29,False,True,False,False,False,False,False
26.8,7,14,0,0,0.32,False,True,False,False,False,False,False
24.8,7,15,0,0,0.31,False,True,False,False,False,False,False
24.3,7,16,0,0,0.19,False,False,False,False,False,True,False
26.0,7,17,0,0,0.32,False,True,False,False,False,False,False
25.6,7,18,0,0,0.33,False,True,False,False,False,False,False
22.5,7,19,0,0,0.16,False,False,False,False,False,True,False
22.3,7,20,0,0,0.28,False,True,False,False,False,False,False
25.5,7,10,0,0,0.27,False,True,False,False,False,False,False
27.2,7,11,0,0,0.27,False,True,False,False,False,False,False
28.6,7,12,0,1,0.81,True,False,False,False,False,False,False
30.0,7,13,0,1,0.88,True,False,False,False,False,False,False
31.3,7,14,0,1,0.87,True,False,False,False,False,False,False
32.3,7,15,0,1,0.92,True,False,False,False,False,False,False
32.7,7,16,0,1,0.93,True,False,False,False,False,False,False
32.5,7,17,0,1,0.9,True,False,False,False,False,False,False
32.4,7,18,0,1,0.94,True,False,False,False,False,False,False
31.3,7,19,0,0,0.74,False,False,True,False,False,False,False
28.4,7,20,0,1,0.83,True,False,False,False,False,False,False
26.1,8,10,0,0,0.49,False,False,False,False,True,False,False
27.5,8,11,0,0,0.24,False,True,False,False,False,False,False
28.8,8,12,0,1,0.73,True,False,False,False,False,False,False
29.8,8,13,0,0,0.7,False,False,True,False,False,False,False
30.7,8,14,0,0,0.71,False,False,True,False,False,False,False
31.1,8,15,0,1,0.82,True,False,False,False,False,False,False
31.6,8,16,0,0,0.74,False,False,True,False,False,False,False
31.3,8,17,0,0,0.48,False,False,False,True,False,False,False
30.9,8,18,0,0,0.48,False,False,False,True,False,False,False
30.1,8,19,0,0,0.6,False,False,False,False,True,False,False
28.3,8,20,0,0,0.61,False,False,False,False,True,False,False
22.0,8,10,0,0,0.22,False,True,False,False,False,False,False
24.9,8,11,0,0,0.22,False,True,False,False,False,False,False
26.9,8,12,0,0,0.25,False,True,False,False,False,False,False
28.1,8,13,0,0,0.7,False,False,True,False,False,False,False
28.9,8,14,0,0,0.46,False,False,False,True,False,False,False
28.9,8,15,0,0,0.52,False,False,False,True,False,False,False
27.6,8,16,0,0,0.28,False,True,False,False,False,False,False
28.5,8,17,0,0,0.28,False,True,False,False,False,False,False
28.1,8,18,0,0,0.52,False,False,False,True,False,False,False
24.8,8,19,0,0,0.25,False,True,False,False,False,False,False
24.0,8,20,0,0,0.24,False,True,False,False,False,False,False
23.5,8,10,1,0,0.46,False,False,False,True,False,False,False
24.2,8,11,1,0,0.3,False,True,False,False,False,False,False
22.6,8,12,1,0,0.19,False,False,False,False,False,True,False
25.2,8,13,1,0,0.33,False,True,False,False,False,False,False
26.8,8,14,1,0,0.3,False,True,False,False,False,False,False
25.8,8,15,1,0,0.31,False,True,False,False,False,False,False
22.5,8,16,1,0,0.2,False,False,False,False,False,True,False
23.1,8,17,1,0,0.33,False,True,False,False,False,False,False
23.2,8,18,1,0,0.32,False,True,False,False,False,False,False
23.0,8,19,1,0,0.69,False,False,False,False,True,False,False
22.6,8,20,1,0,0.74,False,False,True,False,False,False,False
23.6,8,10,1,0,0.28,False,True,False,False,False,False,False
25.4,8,11,1,1,0.79,True,False,False,False,False,False,False
27.0,8,12,1,1,0.78,True,False,False,False,False,False,False
28.1,8,13,1,1,0.91,True,False,False,False,False,False,False
28.9,8,14,1,1,0.91,True,False,False,False,False,False,False
29.6,8,15,1,1,0.97,True,False,False,False,False,False,False
29.9,8,16,1,0,0.84,False,False,True,False,False,False,False
30.0,8,17,1,1,0.97,True,False,False,False,False,False,False
29.6,8,18,1,1,0.95,True,False,False,False,False,False,False
28.5,8,19,1,1,0.86,True,False,False,False,False,False,False
26.6,8,20,1,1,0.83,True,False,False,False,False,False,False
26.0,8,10,0,0,0.56,False,False,True,False,False,False,False
28.0,8,11,0,0,0.61,False,False,True,False,False,False,False
29.7,8,12,0,0,0.65,False,False,True,False,False,False,False
30.9,8,13,0,0,0.64,False,False,False,False,True,False,False
31.5,8,14,0,0,0.46,False,False,False,True,False,False,False
31.9,8,15,0,0,0.5,False,False,False,True,False,False,False
32.0,8,16,0,0,0.48,False,False,False,True,False,False,False
31.5,8,17,0,0,0.51,False,False,False,True,False,False,False
31.0,8,18,0,0,0.64,False,False,False,False,True,False,False
30.4,8,19,0,1,0.75,True,False,False,False,False,False,False
27.9,8,20,0,0,0.63,False,False,True,False,False,False,False
25.5,8,10,0,0,0.22,False,True,False,False,False,False,False
27.5,8,11,0,1,0.63,True,False,False,False,False,False,False
29.0,8,12,0,0,0.28,False,True,False,False,False,False,False
30.0,8,13,0,0,0.28,False,True,False,False,False,False,False
30.8,8,14,0,0,0.71,False,False,True,False,False,False,False
31.5,8,15,0,0,0.76,False,False,True,False,False,False,False
27.5,8,16,0,0,0.17,False,False,False,False,False,True,False
23.3,8,17,0,0,0.2,False,False,False,False,False,True,False
23.0,8,18,0,0,0.26,False,True,False,False,False,False,False
23.1,8,19,0,0,0.24,False,True,False,False,False,False,False
23.0,8,20,0,0,0.44,False,False,False,True,False,False,False
22.3,8,10,0,0,0.23,False,True,False,False,False,False,False
24.6,8,11,0,0,0.24,False,True,False,False,False,False,False
25.6,8,12,0,0,0.25,False,True,False,False,False,False,False
26.8,8,13,0,0,0.28,False,True,False,False,False,False,False
27.3,8,14,0,0,0.65,False,False,True,False,False,False,False
27.7,8,15,0,0,0.67,False,False,True,False,False,False,False
27.0,8,16,0,0,0.29,False,True,False,False,False,False,False
26.2,8,17,0,0,0.27,False,True,False,False,False,False,False
25.2,8,18,0,0,0.3,False,True,False,False,False,False,False
24.8,8,19,0,0,0.25,False,True,False,False,False,False,False
23.5,8,20,0,1,0.68,True,False,False,False,False,False,False
23.8,8,10,0,0,0.15,False,False,False,False,False,True,False
23.3,8,11,0,0,0.13,False,False,False,False,False,True,False
24.5,8,12,0,0,0.27,False,True,False,False,False,False,False
26.7,8,13,0,0,0.25,False,True,False,False,False,False,False
28.1,8,14,0,0,0.5,False,False,False,True,False,False,False
28.1,8,15,0,0,0.51,False,False,False,True,False,False,False
26.9,8,16,0,0,0.45,False,False,False,True,False,False,False
27.5,8,17,0,0,0.48,False,False,False,True,False,False,False
27.5,8,18,0,0,0.49,False,False,False,True,False,False,False
26.6,8,19,0,0,0.42,False,False,False,True,False,False,False
25.3,8,20,0,0,0.42,False,False,False,True,False,False,False
24.0,8,10,0,0,0.23,False,True,False,False,False,False,False
24.9,8,11,0,0,0.22,False,True,False,False,False,False,False
26.1,8,12,0,0,0.42,False,False,False,True,False,False,False
27.1,8,13,0,0,0.26,False,True,False,False,False,False,False
28.0,8,14,0,0,0.3,False,True,False,False,False,False,False
28.3,8,15,0,0,0.28,False,True,False,False,False,False,False
28.6,8,16,0,1,0.8,True,False,False,False,False,False,False
28.2,8,17,0,1,0.83,True,False,False,False,False,False,False
27.8,8,18,0,0,0.7,False,False,True,False,False,False,False
26.0,8,19,0,1,0.71,True,False,False,False,False,False,False
24.3,8,20,0,1,0.72,True,False,False,False,False,False,False
20.4,8,10,1,1,0.66,True,False,False,False,False,False,False
21.6,8,11,1,1,0.68,True,False,False,False,False,False,False
22.6,8,12,1,1,0.79,True,False,False,False,False,False,False
23.5,8,13,1,0,0.79,False,False,True,False,False,False,False
24.5,8,14,1,0,0.69,False,False,False,False,True,False,False
25.1,8,15,1,0,0.53,False,False,False,True,False,False,False
25.1,8,16,1,0,0.71,False,False,False,False,True,False,False
25.2,8,17,1,0,0.72,False,False,False,False,True,False,False
24.5,8,18,1,0,0.82,False,False,True,False,False,False,False
22.9,8,19,1,0,0.73,False,False,True,False,False,False,False
20.9,8,20,1,0,0.68,False,False,True,False,False,False,False
19.9,8,10,1,1,0.66,True,False,False,False,False,False,False
21.7,8,11,1,0,0.63,False,False,True,False,False,False,False
22.5,8,12,1,0,0.49,False,False,False,True,False,False,False
23.1,8,13,1,0,0.52,False,False,False,True,False,False,False
23.7,8,14,1,0,0.52,False,False,False,True,False,False,False
24.3,8,15,1,0,0.71,False,False,False,False,True,False,False
23.9,8,16,1,0,0.53,False,False,False,True,False,False,False
24.0,8,17,1,0,0.57,False,False,False,True,False,False,False
23.5,8,18,1,0,0.56,False,False,False,True,False,False,False
22.7,8,19,1,0,0.5,False,False,False,True,False,False,False
20.7,8,20,1,0,0.69,False,False,True,False,False,False,False
20.2,8,10,0,1,0.52,True,False,False,False,False,False,False
21.6,8,11,0,0,0.23,False,True,False,False,False,False,False
23.0,8,12,0,0,0.62,False,False,True,False,False,False,False
24.0,8,13,0,0,0.43,False,False,False,True,False,False,False
23.8,8,14,0,0,0.67,False,False,True,False,False,False,False
24.3,8,15,0,0,0.45,False,False,False,True,False,False,False
24.3,8,16,0,0,0.69,False,False,True,False,False,False,False
24.1,8,17,0,1,0.79,True,False,False,False,False,False,False
24.2,8,18,0,1,0.77,True,False,False,False,False,False,False
23.3,8,19,0,1,0.69,True,False,False,False,False,False,False
21.3,8,20,0,1,0.63,True,False,False,False,False,False,False
19.9,8,10,0,1,0.53,True,False,False,False,False,False,False
21.7,8,11,0,1,0.6,True,False,False,False,False,False,False
23.2,8,12,0,0,0.62,False,False,True,False,False,False,False
24.1,8,13,0,0,0.66,False,False,True,False,False,False,False
25.0,8,14,0,0,0.64,False,False,True,False,False,False,False
25.8,8,15,0,0,0.6,False,False,False,False,True,False,False
25.6,8,16,0,0,0.46,False,False,False,True,False,False,False
25.3,8,17,0,0,0.63,False,False,False,False,True,False,False
24.7,8,18,0,0,0.7,False,False,True,False,False,False,False
23.7,8,19,0,0,0.63,False,False,True,False,False,False,False
22.0,8,20,0,0,0.61,False,False,True,False,False,False,False
20.9,8,10,0,1,0.51,True,False,False,False,False,False,False
23.1,8,11,0,1,0.66,True,False,False,False,False,False,False
24.4,8,12,0,1,0.68,True,False,False,False,False,False,False
25.4,8,13,0,1,0.72,True,False,False,False,False,False,False
26.2,8,14,0,1,0.71,True,False,False,False,False,False,False
26.8,8,15,0,1,0.75,True,False,False,False,False,False,False
26.9,8,16,0,1,0.76,True,False,False,False,False,False,False
26.8,8,17,0,1,0.78,True,False,False,False,False,False,False
26.5,8,18,0,1,0.78,True,False,False,False,False,False,False
25.7,8,19,0,1,0.69,True,False,False,False,False,False,False
22.8,8,20,0,1,0.71,True,False,False,False,False,False,False
22.1,8,10,0,0,0.47,False,False,False,False,True,False,False
24.5,8,11,0,0,0.39,False,False,False,True,False,False,False
26.1,8,12,0,0,0.43,False,False,False,True,False,False,False
27.1,8,13,0,0,0.45,False,False,False,True,False,False,False
27.8,8,14,0,0,0.46,False,False,False,True,False,False,False
28.2,8,15,0,0,0.48,False,False,False,True,False,False,False
28.5,8,16,0,0,0.52,False,False,False,True,False,False,False
28.3,8,17,0,0,0.48,False,False,False,True,False,False,False
27.8,8,18,0,0,0.49,False,False,False,True,False,False,False
26.3,8,19,0,0,0.43,False,False,False,True,False,False,False
24.1,8,20,0,0,0.43,False,False,False,True,False,False,False
21.7,8,10,0,0,0.35,False,False,False,True,False,False,False
24.4,8,11,0,0,0.39,False,False,False,True,False,False,False
25.6,8,12,0,0,0.39,False,False,False,True,False,False,False
27.9,8,13,0,0,0.46,False,False,False,True,False,False,False
27.8,8,14,0,0,0.44,False,False,False,True,False,False,False
27.3,8,15,0,0,0.45,False,False,False,True,False,False,False
26.6,8,16,0,0,0.46,False,False,False,True,False,False,False
25.6,8,17,0,0,0.27,False,True,False,False,False,False,False
25.4,8,18,0,0,0.27,False,True,False,False,False,False,False
24.6,8,19,0,0,0.61,False,False,True,False,False,False,False
23.9,8,20,0,0,0.64,False,False,True,False,False,False,False
23.8,8,10,1,0,0.28,False,True,False,False,False,False,False
25.4,8,11,1,0,0.46,False,False,False,True,False,False,False
26.7,8,12,1,0,0.47,False,False,False,True,False,False,False
27.4,8,13,1,0,0.52,False,False,False,True,False,False,False
27.4,8,14,1,0,0.3,False,True,False,False,False,False,False
25.6,8,15,1,0,0.34,False,True,False,False,False,False,False
22.8,8,16,1,0,0.34,False,True,False,False,False,False,False
24.7,8,17,1,0,0.35,False,True,False,False,False,False,False
25.8,8,18,1,0,0.55,False,False,False,True,False,False,False
25.7,8,19,1,0,0.67,False,False,False,False,True,False,False
24.1,8,20,1,1,0.82,True,False,False,False,False,False,False
21.5,8,10,1,0,0.24,False,True,False,False,False,False,False
22.7,8,11,1,0,0.46,False,False,False,True,False,False,False
23.8,8,12,1,0,0.31,False,True,False,False,False,False,False
24.7,8,13,1,0,0.31,False,True,False,False,False,False,False
24.7,8,14,1,0,0.54,False,False,False,True,False,False,False
25.3,8,15,1,0,0.54,False,False,False,True,False,False,False
25.3,8,16,1,1,0.88,True,False,False,False,False,False,False
25.9,8,17,1,0,0.74,False,False,False,False,True,False,False
24.7,8,18,1,0,0.34,False,True,False,False,False,False,False
22.8,8,19,1,0,0.32,False,True,False,False,False,False,False
21.9,8,20,1,0,0.63,False,False,False,False,True,False,False
20.2,8,10,0,0,0.22,False,True,False,False,False,False,False
20.3,8,11,0,0,0.22,False,True,False,False,False,False,False
21.4,8,12,0,0,0.21,False,True,False,False,False,False,False
21.9,8,13,0,0,0.41,False,False,False,True,False,False,False
22.0,8,14,0,0,0.27,False,True,False,False,False,False,False
22.4,8,15,0,0,0.28,False,True,False,False,False,False,False
22.6,8,16,0,0,0.3,False,True,False,False,False,False,False
21.2,8,17,0,0,0.43,False,False,False,True,False,False,False
20.3,8,18,0,0,0.43,False,False,False,True,False,False,False
19.4,8,19,0,0,0.36,False,False,False,True,False,False,False
18.5,8,20,0,0,0.38,False,False,False,True,False,False,False
16.0,8,10,0,0,0.28,False,False,False,True,False,False,False
16.9,8,11,0,0,0.49,False,False,True,False,False,False,False
18.2,8,12,0,0,0.5,False,False,False,False,True,False,False
19.0,8,13,0,0,0.57,False,False,True,False,False,False,False
19.8,8,14,0,0,0.54,False,False,False,False,True,False,False
20.4,8,15,0,0,0.54,False,False,False,False,True,False,False
20.5,8,16,0,0,0.61,False,False,True,False,False,False,False
20.2,8,17,0,1,0.7,True,False,False,False,False,False,False
19.1,8,18,0,0,0.64,False,False,True,False,False,False,False
17.4,8,19,0,1,0.62,True,False,False,False,False,False,False
16.2,8,20,0,0,0.53,False,False,True,False,False,False,False
16.6,8,10,0,1,0.48,True,False,False,False,False,False,False
18.4,8,11,0,0,0.47,False,False,False,False,True,False,False
18.8,8,12,0,0,0.38,False,False,False,True,False,False,False
19.0,8,13,0,0,0.42,False,False,False,True,False,False,False
19.9,8,14,0,0,0.6,False,False,True,False,False,False,False
20.8,8,15,0,0,0.44,False,False,False,True,False,False,False
20.5,8,16,0,0,0.62,False,False,True,False,False,False,False
20.4,8,17,0,0,0.61,False,False,True,False,False,False,False
20.2,8,18,0,1,0.7,True,False,False,False,False,False,False
18.8,8,19,0,1,0.64,True,False,False,False,False,False,False
16.7,8,20,0,1,0.56,True,False,False,False,False,False,False
16.7,8,10,0,1,0.44,True,False,False,False,False,False,False
18.8,8,11,0,1,0.57,True,False,False,False,False,False,False
20.1,8,12,0,0,0.56,False,False,True,False,False,False,False
21.9,8,13,0,0,0.38,False,False,False,True,False,False,False
23.1,8,14,0,0,0.58,False,False,False,False,True,False,False
23.5,8,15,0,1,0.76,True,False,False,False,False,False,False
23.9,8,16,0,1,0.78,True,False,False,False,False,False,False
23.8,8,17,0,0,0.67,False,False,True,False,False,False,False
23.5,8,18,0,0,0.69,False,False,True,False,False,False,False
22.0,8,19,0,1,0.68,True,False,False,False,False,False,False
19.2,8,20,0,1,0.6,True,False,False,False,False,False,False
19.2,8,10,0,1,0.51,True,False,False,False,False,False,False
21.6,8,11,0,1,0.58,True,False,False,False,False,False,False
23.0,8,12,0,1,0.66,True,False,False,False,False,False,False
23.8,8,13,0,1,0.71,True,False,False,False,False,False,False
24.6,8,14,0,0,0.68,False,False,True,False,False,False,False
25.1,8,15,0,1,0.77,True,False,False,False,False,False,False
25.4,8,16,0,1,0.75,True,False,False,False,False,False,False
25.5,8,17,0,1,0.77,True,False,False,False,False,False,False
25.1,8,18,0,1,0.78,True,False,False,False,False,False,False
23.7,8,19,0,0,0.62,False,False,True,False,False,False,False
21.1,8,20,0,1,0.65,True,False,False,False,False,False,False
20.3,8,10,1,1,0.67,True,False,False,False,False,False,False
23.5,8,11,1,1,0.8,True,False,False,False,False,False,False
25.9,8,12,1,1,0.79,True,False,False,False,False,False,False
27.2,8,13,1,1,0.87,True,False,False,False,False,False,False
28.0,8,14,1,1,0.89,True,False,False,False,False,False,False
28.6,8,15,1,1,0.95,True,False,False,False,False,False,False
29.0,8,16,1,1,0.96,True,False,False,False,False,False,False
29.0,8,17,1,1,0.96,True,False,False,False,False,False,False
28.8,8,18,1,1,0.97,True,False,False,False,False,False,False
26.8,8,19,1,0,0.75,False,False,True,False,False,False,False
23.5,8,20,1,0,0.75,False,False,True,False,False,False,False
22.2,8,10,1,1,0.73,True,False,False,False,False,False,False
25.4,8,11,1,1,0.75,True,False,False,False,False,False,False
27.7,8,12,1,1,0.81,True,False,False,False,False,False,False
28.8,8,13,1,1,0.89,True,False,False,False,False,False,False
29.7,8,14,1,0,0.83,False,False,True,False,False,False,False
29.7,8,15,1,0,0.37,False,True,False,False,False,False,False
29.8,8,16,1,0,0.33,False,True,False,False,False,False,False
29.7,8,17,1,0,0.87,False,False,True,False,False,False,False
28.1,8,18,1,0,0.36,False,True,False,False,False,False,False
27.0,8,19,1,0,0.68,False,False,False,False,True,False,False
24.4,8,20,1,0,0.73,False,False,True,False,False,False,False
22.1,8,10,0,0,0.21,False,True,False,False,False,False,False
22.3,8,11,0,0,0.23,False,True,False,False,False,False,False
24.6,8,12,0,0,0.53,False,False,False,False,True,False,False
26.0,8,13,0,0,0.45,False,False,False,True,False,False,False
27.0,8,14,0,0,0.58,False,False,False,False,True,False,False
28.5,8,15,0,1,0.81,True,False,False,False,False,False,False
29.4,8,16,0,0,0.74,False,False,True,False,False,False,False
29.4,8,17,0,0,0.75,False,False,True,False,False,False,False
28.7,8,18,0,0,0.3,False,True,False,False,False,False,False
27.6,8,19,0,0,0.63,False,False,True,False,False,False,False
27.4,8,20,0,0,0.61,False,False,True,False,False,False,False
24.1,8,10,0,0,0.48,False,False,False,False,True,False,False
27.1,8,11,0,1,0.63,True,False,False,False,False,False,False
29.4,8,12,0,0,0.67,False,False,True,False,False,False,False
30.7,8,13,0,1,0.76,True,False,False,False,False,False,False
31.8,8,14,0,1,0.79,True,False,False,False,False,False,False
32.6,8,15,0,1,0.82,True,False,False,False,False,False,False
33.5,8,16,0,1,0.83,True,False,False,False,False,False,False
33.8,8,17,0,0,0.73,False,False,True,False,False,False,False
32.1,8,18,0,0,0.31,False,True,False,False,False,False,False
29.7,8,19,0,0,0.28,False,True,False,False,False,False,False
27.7,8,20,0,0,0.41,False,False,False,True,False,False,False
25.4,8,10,0,1,0.6,True,False,False,False,False,False,False
27.9,8,11,0,1,0.65,True,False,False,False,False,False,False
29.5,8,12,0,1,0.73,True,False,False,False,False,False,False
30.8,8,13,0,1,0.75,True,False,False,False,False,False,False
31.8,8,14,0,1,0.79,True,False,False,False,False,False,False
32.7,8,15,0,0,0.67,False,False,False,False,True,False,False
29.1,8,16,0,0,0.31,False,True,False,False,False,False,False
30.3,8,17,0,0,0.74,False,False,True,False,False,False,False
30.2,8,18,0,0,0.66,False,False,False,False,True,False,False
29.0,8,19,0,0,0.69,False,False,True,False,False,False,False
26.5,8,20,0,0,0.62,False,False,True,False,False,False,False
26.2,8,10,0,0,0.48,False,False,False,False,True,False,False
28.0,8,11,0,0,0.54,False,False,False,False,True,False,False
29.3,8,12,0,0,0.57,False,False,False,False,True,False,False
30.4,8,13,0,0,0.7,False,False,True,False,False,False,False
31.2,8,14,0,0,0.65,False,False,False,False,True,False,False
31.5,8,15,0,0,0.65,False,False,False,False,True,False,False
29.5,8,16,0,0,0.48,False,False,False,True,False,False,False
25.0,8,17,0,0,0.17,False,False,False,False,False,True,False
25.0,8,18,0,0,0.16,False,False,False,False,False,True,False
23.9,8,19,0,0,0.25,False,True,False,False,False,False,False
23.2,8,20,0,0,0.54,False,False,False,False,True,False,False
23.2,8,10,0,0,0.38,False,False,False,True,False,False,False
25.7,8,11,0,0,0.53,False,False,False,False,True,False,False
27.6,8,12,0,0,0.62,False,False,True,False,False,False,False
29.4,8,13,0,1,0.78,True,False,False,False,False,False,False
30.5,8,14,0,0,0.69,False,False,True,False,False,False,False
31.1,8,15,0,1,0.83,True,False,False,False,False,False,False
31.5,8,16,0,0,0.74,False,False,True,False,False,False,False
31.5,8,17,0,0,0.75,False,False,True,False,False,False,False
30.6,8,18,0,0,0.3,False,True,False,False,False,False,False
29.3,8,19,0,0,0.65,False,False,True,False,False,False,False
23.5,8,20,0,0,0.18,False,False,False,False,False,True,False
25.2,8,10,1,0,0.46,False,False,False,True,False,False,False
25.1,8,11,1,0,0.46,False,False,False,True,False,False,False
27.8,8,12,1,0,0.7,False,False,True,False,False,False,False
29.5,8,13,1,0,0.54,False,False,False,True,False,False,False
29.6,8,14,1,0,0.33,False,True,False,False,False,False,False
28.8,8,15,1,0,0.33,False,True,False,False,False,False,False
24.5,8,16,1,0,0.19,False,False,False,False,False,True,False
23.0,8,17,1,0,0.32,False,True,False,False,False,False,False
23.7,8,18,1,0,0.33,False,True,False,False,False,False,False
23.5,8,19,1,0,0.51,False,False,False,True,False,False,False
22.6,8,20,1,0,0.17,False,False,False,False,False,True,False
24.3,9,11,1,1,0.53,True,False,False,False,False,False,False
25.6,9,12,1,1,0.58,True,False,False,False,False,False,False
26.9,9,13,1,1,0.68,True,False,False,False,False,False,False
28.1,9,14,1,1,0.69,True,False,False,False,False,False,False
29.1,9,15,1,1,0.72,True,False,False,False,False,False,False
29.2,9,16,1,1,0.75,True,False,False,False,False,False,False
29.0,9,17,1,1,0.74,True,False,False,False,False,False,False
28.7,9,18,1,0,0.62,False,False,False,False,True,False,False
18.9,9,11,0,1,0.3,True,False,False,False,False,False,False
20.0,9,12,0,1,0.37,True,False,False,False,False,False,False
21.3,9,13,0,1,0.44,True,False,False,False,False,False,False
22.2,9,14,0,0,0.46,False,False,True,False,False,False,False
22.5,9,15,0,1,0.57,True,False,False,False,False,False,False
22.4,9,16,0,1,0.57,True,False,False,False,False,False,False
21.8,9,17,0,1,0.48,True,False,False,False,False,False,False
20.9,9,18,0,1,0.48,True,False,False,False,False,False,False
17.9,9,11,0,1,0.34,True,False,False,False,False,False,False
19.3,9,12,0,1,0.39,True,False,False,False,False,False,False
20.4,9,13,0,1,0.47,True,False,False,False,False,False,False
21.4,9,14,0,1,0.44,True,False,False,False,False,False,False
22.1,9,15,0,1,0.57,True,False,False,False,False,False,False
22.4,9,16,0,1,0.55,True,False,False,False,False,False,False
22.4,9,17,0,1,0.55,True,False,False,False,False,False,False
21.9,9,18,0,1,0.51,True,False,False,False,False,False,False
19.9,9,11,0,1,0.33,True,False,False,False,False,False,False
21.8,9,12,0,1,0.39,True,False,False,False,False,False,False
23.3,9,13,0,1,0.54,True,False,False,False,False,False,False
24.3,9,14,0,1,0.52,True,False,False,False,False,False,False
25.0,9,15,0,1,0.58,True,False,False,False,False,False,False
25.3,9,16,0,1,0.56,True,False,False,False,False,False,False
25.0,9,17,0,1,0.56,True,False,False,False,False,False,False
24.2,9,18,0,1,0.55,True,False,False,False,False,False,False
20.9,9,11,0,1,0.32,True,False,False,False,False,False,False
22.9,9,12,0,1,0.43,True,False,False,False,False,False,False
24.2,9,13,0,1,0.53,True,False,False,False,False,False,False
25.3,9,14,0,1,0.54,True,False,False,False,False,False,False
25.9,9,15,0,1,0.56,True,False,False,False,False,False,False
26.4,9,16,0,1,0.55,True,False,False,False,False,False,False
26.3,9,17,0,1,0.58,True,False,False,False,False,False,False
25.7,9,18,0,1,0.57,True,False,False,False,False,False,False
23.4,9,11,0,0,0.34,False,False,True,False,False,False,False
26.1,9,12,0,1,0.44,True,False,False,False,False,False,False
28.3,9,13,0,0,0.54,False,False,True,False,False,False,False
28.9,9,14,0,0,0.5,False,False,True,False,False,False,False
29.6,9,15,0,0,0.5,False,False,False,False,True,False,False
29.4,9,16,0,0,0.49,False,False,False,False,True,False,False
28.0,9,17,0,0,0.25,False,True,False,False,False,False,False
27.0,9,18,0,0,0.34,False,False,False,True,False,False,False
16.4,9,11,1,1,0.38,True,False,False,False,False,False,False
17.4,9,12,1,0,0.19,False,True,False,False,False,False,False
18.2,9,13,1,0,0.24,False,True,False,False,False,False,False
19.1,9,14,1,0,0.21,False,True,False,False,False,False,False
19.0,9,15,1,0,0.56,False,False,True,False,False,False,False
18.5,9,16,1,0,0.26,False,True,False,False,False,False,False
17.9,9,17,1,0,0.58,False,False,True,False,False,False,False
16.8,9,18,1,0,0.45,False,False,False,False,True,False,False
15.6,9,11,1,1,0.4,True,False,False,False,False,False,False
17.1,9,12,1,1,0.5,True,False,False,False,False,False,False
18.4,9,13,1,0,0.52,False,False,True,False,False,False,False
19.2,9,14,1,1,0.58,True,False,False,False,False,False,False
19.6,9,15,1,1,0.62,True,False,False,False,False,False,False
19.8,9,16,1,1,0.63,True,False,False,False,False,False,False
19.7,9,17,1,1,0.6,True,False,False,False,False,False,False
19.1,9,18,1,1,0.62,True,False,False,False,False,False,False
19.0,9,11,0,1,0.33,True,False,False,False,False,False,False
20.4,9,12,0,0,0.36,False,False,True,False,False,False,False
21.4,9,13,0,1,0.47,True,False,False,False,False,False,False
22.5,9,14,0,1,0.51,True,False,False,False,False,False,False
23.3,9,15,0,1,0.58,True,False,False,False,False,False,False
23.5,9,16,0,0,0.45,False,False,False,False,True,False,False
23.2,9,17,0,0,0.5,False,False,True,False,False,False,False
22.8,9,18,0,1,0.56,True,False,False,False,False,False,False
21.2,9,11,0,1,0.34,True,False,False,False,False,False,False
23.3,9,12,0,1,0.45,True,False,False,False,False,False,False
25.0,9,13,0,0,0.45,False,False,False,False,True,False,False
25.9,9,14,0,0,0.49,False,False,True,False,False,False,False
26.6,9,15,0,0,0.51,False,False,True,False,False,False,False
26.9,9,16,0,0,0.33,False,False,False,True,False,False,False
26.8,9,17,0,0,0.48,False,False,False,False,True,False,False
26.0,9,18,0,0,0.46,False,False,False,False,True,False,False
23.6,9,11,0,1,0.4,True,False,False,False,False,False,False
25.6,9,12,0,1,0.42,True,False,False,False,False,False,False
26.5,9,13,0,0,0.4,False,False,False,False,True,False,False
27.2,9,14,0,1,0.53,True,False,False,False,False,False,False
27.7,9,15,0,1,0.55,True,False,False,False,False,False,False
27.9,9,16,0,1,0.55,True,False,False,False,False,False,False
27.9,9,17,0,1,0.57,True,False,False,False,False,False,False
27.2,9,18,0,1,0.56,True,False,False,False,False,False,False
23.4,9,11,0,1,0.37,True,False,False,False,False,False,False
25.1,9,12,0,1,0.42,True,False,False,False,False,False,False
26.4,9,13,0,1,0.53,True,False,False,False,False,False,False
27.3,9,14,0,1,0.53,True,False,False,False,False,False,False
27.8,9,15,0,1,0.57,True,False,False,False,False,False,False
28.1,9,16,0,1,0.61,True,False,False,False,False,False,False
27.7,9,17,0,1,0.59,True,False,False,False,False,False,False
26.7,9,18,0,0,0.34,False,False,False,True,False,False,False
22.9,9,11,0,0,0.34,False,False,False,False,True,False,False
24.6,9,12,0,0,0.37,False,False,False,False,True,False,False
25.7,9,13,0,0,0.49,False,False,True,False,False,False,False
26.7,9,14,0,0,0.45,False,False,False,False,True,False,False
27.4,9,15,0,0,0.46,False,False,False,False,True,False,False
27.6,9,16,0,1,0.56,True,False,False,False,False,False,False
27.2,9,17,0,1,0.57,True,False,False,False,False,False,False
26.4,9,18,0,1,0.55,True,False,False,False,False,False,False
23.9,9,11,1,1,0.52,True,False,False,False,False,False,False
25.4,9,12,1,1,0.55,True,False,False,False,False,False,False
26.4,9,13,1,1,0.63,True,False,False,False,False,False,False
27.1,9,14,1,1,0.67,True,False,False,False,False,False,False
27.9,9,15,1,1,0.71,True,False,False,False,False,False,False
28.4,9,16,1,1,0.74,True,False,False,False,False,False,False
28.2,9,17,1,1,0.72,True,False,False,False,False,False,False
27.4,9,18,1,1,0.68,True,False,False,False,False,False,False
23.6,9,11,1,1,0.55,True,False,False,False,False,False,False
25.3,9,12,1,1,0.57,True,False,False,False,False,False,False
26.4,9,13,1,1,0.64,True,False,False,False,False,False,False
27.5,9,14,1,1,0.63,True,False,False,False,False,False,False
28.1,9,15,1,1,0.73,True,False,False,False,False,False,False
28.1,9,16,1,1,0.74,True,False,False,False,False,False,False
27.6,9,17,1,1,0.71,True,False,False,False,False,False,False
26.7,9,18,1,1,0.71,True,False,False,False,False,False,False
21.5,9,11,0,0,0.2,False,False,False,True,False,False,False
23.2,9,12,0,0,0.26,False,False,False,True,False,False,False
24.2,9,13,0,0,0.32,False,False,False,True,False,False,False
25.2,9,14,0,0,0.35,False,False,False,True,False,False,False
25.3,9,15,0,0,0.33,False,False,False,True,False,False,False
25.3,9,16,0,0,0.34,False,False,False,True,False,False,False
24.7,9,17,0,0,0.35,False,False,False,True,False,False,False
23.8,9,18,0,0,0.36,False,False,False,True,False,False,False
22.9,9,11,0,0,0.23,False,False,False,True,False,False,False
24.2,9,12,0,0,0.25,False,False,False,True,False,False,False
24.1,9,13,0,0,0.32,False,False,False,True,False,False,False
24.9,9,14,0,0,0.3,False,False,False,True,False,False,False
25.8,9,15,0,0,0.33,False,False,False,True,False,False,False
26.6,9,16,0,0,0.36,False,False,False,True,False,False,False
26.4,9,17,0,0,0.37,False,False,False,True,False,False,False
25.6,9,18,0,0,0.34,False,False,False,True,False,False,False
22.3,9,11,0,0,0.36,False,False,True,False,False,False,False
24.3,9,12,0,0,0.35,False,False,False,False,True,False,False
24.6,9,13,0,0,0.22,False,True,False,False,False,False,False
25.6,9,14,0,0,0.21,False,True,False,False,False,False,False
23.6,9,15,0,0,0.2,False,True,False,False,False,False,False
22.2,9,16,0,0,0.23,False,True,False,False,False,False,False
21.6,9,17,0,0,0.18,False,True,False,False,False,False,False
21.4,9,18,0,0,0.18,False,True,False,False,False,False,False
23.5,9,11,0,0,0.32,False,False,False,False,True,False,False
24.6,9,12,0,0,0.3,False,False,False,True,False,False,False
25.5,9,13,0,0,0.18,False,True,False,False,False,False,False
26.3,9,14,0,0,0.49,False,False,True,False,False,False,False
26.9,9,15,0,0,0.52,False,False,True,False,False,False,False
27.1,9,16,0,1,0.57,True,False,False,False,False,False,False
26.9,9,17,0,1,0.58,True,False,False,False,False,False,False
26.3,9,18,0,1,0.54,True,False,False,False,False,False,False
24.3,9,11,0,1,0.38,True,False,False,False,False,False,False
25.8,9,12,0,1,0.47,True,False,False,False,False,False,False
26.8,9,13,0,0,0.43,False,False,False,False,True,False,False
27.7,9,14,0,0,0.32,False,False,False,True,False,False,False
28.4,9,15,0,0,0.36,False,False,False,True,False,False,False
28.2,9,16,0,0,0.39,False,False,False,True,False,False,False
27.8,9,17,0,0,0.36,False,False,False,True,False,False,False
27.4,9,18,0,0,0.33,False,False,False,True,False,False,False
22.2,9,11,1,0,0.13,False,False,False,False,False,True,False
22.6,9,12,1,0,0.23,False,True,False,False,False,False,False
23.6,9,13,1,0,0.23,False,True,False,False,False,False,False
24.8,9,14,1,0,0.24,False,True,False,False,False,False,False
25.0,9,15,1,0,0.27,False,True,False,False,False,False,False
26.5,9,16,1,1,0.7,True,False,False,False,False,False,False
27.3,9,17,1,1,0.67,True,False,False,False,False,False,False
26.6,9,18,1,0,0.27,False,True,False,False,False,False,False
21.5,9,11,1,0,0.26,False,False,False,True,False,False,False
24.1,9,12,1,0,0.34,False,False,False,True,False,False,False
25.5,9,13,1,0,0.41,False,False,False,True,False,False,False
26.1,9,14,1,0,0.42,False,False,False,True,False,False,False
26.7,9,15,1,0,0.42,False,False,False,True,False,False,False
27.2,9,16,1,0,0.44,False,False,False,True,False,False,False
26.7,9,17,1,0,0.42,False,False,False,True,False,False,False
26.2,9,18,1,0,0.44,False,False,False,True,False,False,False
20.6,9,11,0,0,0.13,False,True,False,False,False,False,False
21.7,9,12,0,0,0.21,False,False,False,True,False,False,False
23.3,9,13,0,0,0.18,False,True,False,False,False,False,False
24.6,9,14,0,0,0.2,False,True,False,False,False,False,False
25.4,9,15,0,0,0.21,False,True,False,False,False,False,False
26.3,9,16,0,0,0.48,False,False,False,False,True,False,False
26.3,9,17,0,0,0.33,False,False,False,True,False,False,False
25.2,9,18,0,0,0.36,False,False,False,True,False,False,False
20.4,9,11,0,0,0.07,False,False,False,False,False,True,False
22.0,9,12,0,0,0.19,False,True,False,False,False,False,False
22.3,9,13,0,0,0.19,False,True,False,False,False,False,False
23.1,9,14,0,0,0.2,False,True,False,False,False,False,False
22.0,9,15,0,0,0.14,False,False,False,False,False,True,False
20.8,9,16,0,0,0.11,False,False,False,False,False,True,False
20.5,9,17,0,0,0.13,False,False,False,False,False,True,False
20.5,9,18,0,0,0.17,False,True,False,False,False,False,False
18.4,9,11,0,0,0.07,False,False,False,False,False,True,False
19.8,9,12,0,0,0.13,False,True,False,False,False,False,False
21.4,9,13,0,0,0.19,False,True,False,False,False,False,False
23.5,9,14,0,0,0.22,False,True,False,False,False,False,False
24.5,9,15,0,0,0.19,False,True,False,False,False,False,False
24.9,9,16,0,0,0.33,False,False,False,True,False,False,False
22.1,9,17,0,0,0.13,False,False,False,False,False,True,False
21.0,9,18,0,0,0.13,False,False,False,False,False,True,False
20.5,9,11,0,0,0.11,False,True,False,False,False,False,False
21.5,9,12,0,0,0.26,False,False,False,True,False,False,False
22.1,9,13,0,0,0.34,False,False,False,True,False,False,False
22.9,9,14,0,0,0.3,False,False,False,True,False,False,False
23.4,9,15,0,0,0.34,False,False,False,True,False,False,False
23.4,9,16,0,0,0.36,False,False,False,True,False,False,False
23.5,9,17,0,0,0.33,False,False,False,True,False,False,False
23.1,9,18,0,0,0.33,False,False,False,True,False,False,False
22.4,9,11,0,0,0.16,False,True,False,False,False,False,False
23.2,9,12,0,0,0.17,False,True,False,False,False,False,False
21.4,9,13,0,0,0.11,False,False,False,False,False,True,False
20.8,9,14,0,0,0.2,False,True,False,False,False,False,False
21.3,9,15,0,0,0.19,False,True,False,False,False,False,False
21.2,9,16,0,0,0.19,False,True,False,False,False,False,False
21.1,9,17,0,0,0.21,False,True,False,False,False,False,False
21.0,9,18,0,0,0.2,False,True,False,False,False,False,False
22.9,9,11,1,0,0.18,False,True,False,False,False,False,False
22.4,9,12,1,0,0.36,False,False,False,True,False,False,False
22.3,9,13,1,0,0.22,False,True,False,False,False,False,False
22.3,9,14,1,0,0.25,False,True,False,False,False,False,False
22.8,9,15,1,0,0.41,False,False,False,True,False,False,False
22.6,9,16,1,0,0.44,False,False,False,True,False,False,False
22.2,9,17,1,0,0.42,False,False,False,True,False,False,False
21.7,9,18,1,0,0.4,False,False,False,True,False,False,False
19.8,9,11,1,0,0.18,False,True,False,False,False,False,False
19.8,9,12,1,0,0.21,False,True,False,False,False,False,False
20.2,9,13,1,0,0.2,False,True,False,False,False,False,False
20.5,9,14,1,0,0.2,False,True,False,False,False,False,False
20.6,9,15,1,0,0.23,False,True,False,False,False,False,False
19.9,9,16,1,0,0.24,False,True,False,False,False,False,False
19.3,9,17,1,0,0.25,False,True,False,False,False,False,False
19.2,9,18,1,0,0.23,False,True,False,False,False,False,False
18.4,9,11,0,0,0.14,False,True,False,False,False,False,False
18.8,9,12,0,0,0.16,False,True,False,False,False,False,False
19.3,9,13,0,0,0.17,False,True,False,False,False,False,False
19.0,9,14,0,0,0.18,False,True,False,False,False,False,False
18.6,9,15,0,0,0.18,False,True,False,False,False,False,False
18.4,9,16,0,0,0.2,False,True,False,False,False,False,False
18.8,9,17,0,0,0.19,False,True,False,False,False,False,False
18.5,9,18,0,0,0.2,False,True,False,False,False,False,False
17.7,10,11,0,0,0.08,False,True,False,False,False,False,False
18.2,10,12,0,0,0.13,False,False,False,True,False,False,False
19.3,10,13,0,0,0.14,False,True,False,False,False,False,False
20.0,10,14,0,0,0.13,False,True,False,False,False,False,False
20.3,10,15,0,0,0.16,False,True,False,False,False,False,False
20.4,10,16,0,0,0.12,False,True,False,False,False,False,False
20.2,10,17,0,0,0.23,False,False,False,True,False,False,False
19.7,10,18,0,0,0.3,False,False,False,False,True,False,False
15.8,10,11,0,0,0.06,False,False,False,True,False,False,False
17.3,10,12,0,0,0.12,False,True,False,False,False,False,False
18.5,10,13,0,1,0.32,True,False,False,False,False,False,False
19.7,10,14,0,1,0.31,True,False,False,False,False,False,False
20.1,10,15,0,1,0.34,True,False,False,False,False,False,False
20.0,10,16,0,1,0.34,True,False,False,False,False,False,False
19.5,10,17,0,1,0.36,True,False,False,False,False,False,False
18.3,10,18,0,1,0.35,True,False,False,False,False,False,False
17.7,10,11,0,0,0.15,False,False,True,False,False,False,False
19.6,10,12,0,0,0.19,False,False,True,False,False,False,False
20.7,10,13,0,0,0.24,False,False,False,False,True,False,False
21.5,10,14,0,0,0.23,False,False,False,False,True,False,False
22.1,10,15,0,0,0.32,False,False,False,False,True,False,False
22.4,10,16,0,1,0.42,True,False,False,False,False,False,False
22.2,10,17,0,1,0.42,True,False,False,False,False,False,False
21.5,10,18,0,1,0.32,True,False,False,False,False,False,False
19.0,10,11,0,1,0.16,True,False,False,False,False,False,False
21.3,10,12,0,1,0.24,True,False,False,False,False,False,False
22.8,10,13,0,1,0.36,True,False,False,False,False,False,False
23.5,10,14,0,1,0.38,True,False,False,False,False,False,False
24.0,10,15,0,1,0.44,True,False,False,False,False,False,False
24.2,10,16,0,1,0.4,True,False,False,False,False,False,False
23.9,10,17,0,1,0.4,True,False,False,False,False,False,False
22.4,10,18,0,0,0.27,False,False,False,True,False,False,False
17.3,10,11,1,1,0.32,True,False,False,False,False,False,False
18.8,10,12,1,1,0.34,True,False,False,False,False,False,False
19.9,10,13,1,1,0.44,True,False,False,False,False,False,False
20.6,10,14,1,1,0.44,True,False,False,False,False,False,False
21.0,10,15,1,1,0.46,True,False,False,False,False,False,False
21.2,10,16,1,1,0.48,True,False,False,False,False,False,False
21.0,10,17,1,1,0.46,True,False,False,False,False,False,False
20.1,10,18,1,1,0.47,True,False,False,False,False,False,False
19.6,10,11,1,1,0.32,True,False,False,False,False,False,False
22.2,10,12,1,1,0.41,True,False,False,False,False,False,False
24.2,10,13,1,1,0.51,True,False,False,False,False,False,False
25.6,10,14,1,1,0.49,True,False,False,False,False,False,False
26.4,10,15,1,1,0.52,True,False,False,False,False,False,False
26.3,10,16,1,1,0.57,True,False,False,False,False,False,False
25.8,10,17,1,0,0.51,False,False,True,False,False,False,False
24.3,10,18,1,0,0.43,False,False,False,False,True,False,False
15.9,10,11,0,0,0.08,False,False,False,True,False,False,False
15.7,10,12,0,0,0.11,False,False,False,True,False,False,False
16.3,10,13,0,0,0.15,False,False,False,True,False,False,False
16.9,10,14,0,0,0.17,False,False,False,True,False,False,False
16.1,10,15,0,0,0.2,False,False,False,True,False,False,False
16.6,10,16,0,0,0.26,False,False,True,False,False,False,False
17.0,10,17,0,1,0.34,True,False,False,False,False,False,False
16.1,10,18,0,1,0.29,True,False,False,False,False,False,False
14.8,10,11,0,0,0.08,False,False,False,False,True,False,False
16.6,10,12,0,0,0.15,False,False,False,False,True,False,False
17.6,10,13,0,0,0.19,False,False,False,True,False,False,False
18.2,10,14,0,0,0.24,False,False,False,False,True,False,False
18.4,10,15,0,0,0.3,False,False,False,False,True,False,False
18.7,10,16,0,0,0.3,False,False,False,False,True,False,False
17.9,10,17,0,0,0.31,False,False,True,False,False,False,False
16.6,10,18,0,1,0.31,True,False,False,False,False,False,False
14.3,10,11,0,0,0.13,False,False,True,False,False,False,False
15.6,10,12,0,0,0.14,False,False,False,False,True,False,False
16.3,10,13,0,0,0.21,False,False,True,False,False,False,False
16.8,10,14,0,0,0.21,False,False,True,False,False,False,False
17.0,10,15,0,1,0.36,True,False,False,False,False,False,False
16.8,10,16,0,1,0.28,True,False,False,False,False,False,False
15.9,10,17,0,1,0.28,True,False,False,False,False,False,False
14.4,10,18,0,1,0.26,True,False,False,False,False,False,False
11.4,10,11,0,0,0.11,False,False,True,False,False,False,False
12.7,10,12,0,1,0.18,True,False,False,False,False,False,False
13.9,10,13,0,0,0.22,False,False,True,False,False,False,False
14.7,10,14,0,1,0.27,True,False,False,False,False,False,False
15.2,10,15,0,1,0.29,True,False,False,False,False,False,False
15.1,10,16,0,1,0.27,True,False,False,False,False,False,False
14.9,10,17,0,1,0.3,True,False,False,False,False,False,False
14.0,10,18,0,1,0.29,True,False,False,False,False,False,False
13.1,10,11,0,1,0.13,True,False,False,False,False,False,False
15.3,10,12,0,1,0.15,True,False,False,False,False,False,False
16.8,10,13,0,1,0.22,True,False,False,False,False,False,False
17.9,10,14,0,1,0.31,True,False,False,False,False,False,False
18.8,10,15,0,1,0.35,True,False,False,False,False,False,False
19.2,10,16,0,1,0.36,True,False,False,False,False,False,False
18.9,10,17,0,1,0.34,True,False,False,False,False,False,False
17.5,10,18,0,1,0.33,True,False,False,False,False,False,False
16.3,10,11,1,0,0.11,False,True,False,False,False,False,False
17.2,10,12,1,0,0.15,False,True,False,False,False,False,False
18.4,10,13,1,0,0.25,False,False,False,True,False,False,False
19.8,10,14,1,0,0.36,False,False,False,False,True,False,False
20.7,10,15,1,0,0.41,False,False,True,False,False,False,False
21.3,10,16,1,0,0.41,False,False,True,False,False,False,False
21.1,10,17,1,0,0.43,False,False,True,False,False,False,False
20.8,10,18,1,0,0.28,False,False,False,True,False,False,False
19.1,10,11,1,0,0.17,False,False,False,True,False,False,False
20.9,10,12,1,0,0.3,False,False,False,False,True,False,False
22.2,10,13,1,0,0.17,False,True,False,False,False,False,False
22.9,10,14,1,0,0.31,False,False,False,True,False,False,False
23.5,10,15,1,0,0.42,False,False,False,False,True,False,False
23.8,10,16,1,0,0.49,False,False,True,False,False,False,False
24.0,10,17,1,1,0.52,True,False,False,False,False,False,False
22.8,10,18,1,0,0.52,False,False,True,False,False,False,False
10.1,10,11,0,0,0.06,False,True,False,False,False,False,False
9.5,10,12,0,0,0.04,False,True,False,False,False,False,False
9.7,10,13,0,0,0.08,False,True,False,False,False,False,False
9.9,10,14,0,0,0.12,False,False,False,True,False,False,False
10.8,10,15,0,0,0.17,False,False,False,True,False,False,False
11.3,10,16,0,0,0.24,False,False,True,False,False,False,False
11.4,10,17,0,0,0.24,False,False,True,False,False,False,False
11.0,10,18,0,0,0.24,False,False,True,False,False,False,False
7.6,10,11,0,0,0.03,False,True,False,False,False,False,False
9.4,10,12,0,0,0.06,False,True,False,False,False,False,False
10.8,10,13,0,0,0.2,False,False,True,False,False,False,False
11.5,10,14,0,0,0.11,False,True,False,False,False,False,False
11.5,10,15,0,0,0.12,False,True,False,False,False,False,False
11.4,10,16,0,0,0.18,False,False,False,True,False,False,False
9.6,10,17,0,0,0.22,False,False,False,False,True,False,False
8.3,10,18,0,1,0.23,True,False,False,False,False,False,False
8.7,10,11,0,0,0.04,False,True,False,False,False,False,False
9.9,10,12,0,0,0.06,False,True,False,False,False,False,False
10.5,10,13,0,0,0.08,False,True,False,False,False,False,False
11.0,10,14,0,0,0.09,False,True,False,False,False,False,False
11.5,10,15,0,0,0.18,False,False,False,True,False,False,False
11.4,10,16,0,0,0.16,False,False,False,True,False,False,False
10.9,10,17,0,0,0.17,False,False,False,True,False,False,False
10.1,10,18,0,0,0.18,False,False,False,True,False,False,False
10.1,10,11,0,1,0.11,True,False,False,False,False,False,False
11.5,10,12,0,1,0.18,True,False,False,False,False,False,False
12.8,10,13,0,1,0.25,True,False,False,False,False,False,False
13.8,10,14,0,1,0.24,True,False,False,False,False,False,False
14.5,10,15,0,1,0.29,True,False,False,False,False,False,False
14.6,10,16,0,1,0.28,True,False,False,False,False,False,False
14.2,10,17,0,1,0.31,True,False,False,False,False,False,False
12.8,10,18,0,1,0.29,True,False,False,False,False,False,False
11.5,10,11,0,1,0.14,True,False,False,False,False,False,False
13.9,10,12,0,1,0.16,True,False,False,False,False,False,False
15.5,10,13,0,1,0.24,True,False,False,False,False,False,False
16.7,10,14,0,1,0.25,True,False,False,False,False,False,False
17.4,10,15,0,1,0.33,True,False,False,False,False,False,False
17.6,10,16,0,1,0.34,True,False,False,False,False,False,False
17.2,10,17,0,1,0.35,True,False,False,False,False,False,False
14.7,10,18,0,1,0.31,True,False,False,False,False,False,False
12.4,10,11,1,1,0.23,True,False,False,False,False,False,False
15.7,10,12,1,1,0.28,True,False,False,False,False,False,False
18.0,10,13,1,1,0.45,True,False,False,False,False,False,False
19.3,10,14,1,1,0.43,True,False,False,False,False,False,False
19.8,10,15,1,1,0.49,True,False,False,False,False,False,False
19.8,10,16,1,1,0.49,True,False,False,False,False,False,False
19.2,10,17,1,1,0.46,True,False,False,False,False,False,False
17.0,10,18,1,1,0.46,True,False,False,False,False,False,False
13.9,10,11,1,1,0.23,True,False,False,False,False,False,False
17.1,10,12,1,1,0.33,True,False,False,False,False,False,False
19.6,10,13,1,1,0.46,True,False,False,False,False,False,False
20.9,10,14,1,1,0.46,True,False,False,False,False,False,False
21.4,10,15,1,1,0.49,True,False,False,False,False,False,False
21.4,10,16,1,1,0.48,True,False,False,False,False,False,False
20.5,10,17,1,1,0.49,True,False,False,False,False,False,False
17.4,10,18,1,1,0.47,True,False,False,False,False,False,False
15.6,10,11,0,1,0.13,True,False,False,False,False,False,False
18.7,10,12,0,1,0.24,True,False,False,False,False,False,False
21.1,10,13,0,1,0.3,True,False,False,False,False,False,False
22.7,10,14,0,1,0.36,True,False,False,False,False,False,False
23.4,10,15,0,1,0.4,True,False,False,False,False,False,False
23.4,10,16,0,1,0.41,True,False,False,False,False,False,False
22.6,10,17,0,1,0.4,True,False,False,False,False,False,False
20.0,10,18,0,1,0.35,True,False,False,False,False,False,False
17.9,10,11,0,1,0.15,True,False,False,False,False,False,False
20.9,10,12,0,1,0.22,True,False,False,False,False,False,False
22.9,10,13,0,1,0.39,True,False,False,False,False,False,False
24.4,10,14,0,1,0.37,True,False,False,False,False,False,False
25.3,10,15,0,1,0.4,True,False,False,False,False,False,False
25.4,10,16,0,1,0.39,True,False,False,False,False,False,False
24.5,10,17,0,1,0.42,True,False,False,False,False,False,False
21.4,10,18,0,0,0.32,False,False,True,False,False,False,False
18.5,10,11,0,0,0.17,False,False,False,False,True,False,False
20.4,10,12,0,0,0.16,False,False,False,True,False,False,False
21.7,10,13,0,1,0.31,True,False,False,False,False,False,False
22.7,10,14,0,0,0.24,False,False,False,True,False,False,False
23.1,10,15,0,0,0.25,False,False,False,True,False,False,False
23.0,10,16,0,0,0.28,False,False,False,True,False,False,False
22.2,10,17,0,0,0.27,False,False,False,True,False,False,False
20.8,10,18,0,0,0.2,False,False,False,True,False,False,False
10.5,10,11,0,0,0.07,False,False,False,True,False,False,False
11.6,10,12,0,0,0.11,False,False,False,True,False,False,False
12.6,10,13,0,0,0.23,False,False,True,False,False,False,False
13.6,10,14,0,0,0.2,False,False,True,False,False,False,False
14.0,10,15,0,1,0.27,True,False,False,False,False,False,False
14.3,10,16,0,1,0.27,True,False,False,False,False,False,False
14.0,10,17,0,1,0.29,True,False,False,False,False,False,False
12.5,10,18,0,1,0.3,True,False,False,False,False,False,False
12.2,10,11,0,0,0.07,False,False,False,True,False,False,False
15.2,10,12,0,0,0.13,False,False,False,True,False,False,False
16.5,10,13,0,0,0.15,False,False,False,True,False,False,False
17.9,10,14,0,0,0.2,False,False,False,True,False,False,False
18.9,10,15,0,0,0.24,False,False,False,True,False,False,False
19.6,10,16,0,0,0.24,False,False,False,True,False,False,False
19.4,10,17,0,0,0.22,False,False,False,True,False,False,False
17.5,10,18,0,1,0.35,True,False,False,False,False,False,False
12.9,10,11,1,0,0.24,False,False,True,False,False,False,False
13.5,10,12,1,1,0.28,True,False,False,False,False,False,False
14.3,10,13,1,1,0.38,True,False,False,False,False,False,False
14.9,10,14,1,1,0.4,True,False,False,False,False,False,False
15.1,10,15,1,1,0.43,True,False,False,False,False,False,False
14.8,10,16,1,1,0.44,True,False,False,False,False,False,False
13.7,10,17,1,1,0.41,True,False,False,False,False,False,False
12.1,10,18,1,0,0.27,False,False,False,True,False,False,False
8.2,10,11,1,1,0.21,True,False,False,False,False,False,False
9.8,10,12,1,1,0.26,True,False,False,False,False,False,False
10.9,10,13,1,1,0.39,True,False,False,False,False,False,False
11.6,10,14,1,1,0.38,True,False,False,False,False,False,False
12.1,10,15,1,1,0.39,True,False,False,False,False,False,False
12.3,10,16,1,1,0.43,True,False,False,False,False,False,False
11.9,10,17,1,1,0.4,True,False,False,False,False,False,False
9.8,10,18,1,1,0.4,True,False,False,False,False,False,False
9.4,10,11,0,0,0.07,False,False,False,False,True,False,False
12.6,10,12,0,1,0.17,True,False,False,False,False,False,False
14.7,10,13,0,0,0.23,False,False,True,False,False,False,False
16.1,10,14,0,0,0.14,False,False,False,True,False,False,False
16.8,10,15,0,0,0.2,False,False,False,True,False,False,False
17.3,10,16,0,0,0.34,False,False,True,False,False,False,False
17.0,10,17,0,0,0.26,False,False,False,False,True,False,False
14.4,10,18,0,0,0.16,False,False,False,True,False,False,False
15.1,10,11,0,1,0.1,True,False,False,False,False,False,False
18.6,10,12,0,0,0.17,False,False,False,True,False,False,False
21.1,10,13,0,0,0.21,False,False,False,True,False,False,False
22.4,10,14,0,0,0.33,False,False,True,False,False,False,False
23.3,10,15,0,0,0.27,False,False,False,True,False,False,False
23.3,10,16,0,0,0.26,False,False,False,True,False,False,False
22.7,10,17,0,0,0.35,False,False,False,False,True,False,False
21.0,10,18,0,0,0.29,False,False,True,False,False,False,False
19.2,10,11,0,0,0.14,False,False,False,False,True,False,False
21.0,10,12,0,0,0.15,False,False,False,True,False,False,False
22.4,10,13,0,0,0.23,False,False,False,True,False,False,False
23.2,10,14,0,0,0.22,False,False,False,True,False,False,False
23.5,10,15,0,0,0.27,False,False,False,True,False,False,False
23.2,10,16,0,0,0.27,False,False,False,True,False,False,False
22.3,10,17,0,0,0.25,False,False,False,True,False,False,False
20.1,10,18,0,0,0.2,False,False,False,True,False,False,False
21.8,10,11,0,0,0.14,False,False,True,False,False,False,False
23.3,10,12,0,0,0.29,False,False,True,False,False,False,False
24.4,10,13,0,1,0.4,True,False,False,False,False,False,False
25.2,10,14,0,0,0.25,False,False,False,True,False,False,False
25.7,10,15,0,1,0.41,True,False,False,False,False,False,False
26.0,10,16,0,0,0.38,False,False,True,False,False,False,False
25.0,10,17,0,1,0.41,True,False,False,False,False,False,False
23.8,10,18,0,0,0.35,False,False,False,False,True,False,False
12.0,11,11,0,1,0.01,True,False,False,False,False,False,False
12.6,11,12,0,1,0.05,True,False,False,False,False,False,False
13.3,11,13,0,1,0.14,True,False,False,False,False,False,False
14.0,11,14,0,1,0.14,True,False,False,False,False,False,False
14.2,11,15,0,1,0.18,True,False,False,False,False,False,False
13.9,11,16,0,1,0.18,True,False,False,False,False,False,False
13.4,11,17,0,1,0.19,True,False,False,False,False,False,False
12.2,11,18,0,1,0.21,True,False,False,False,False,False,False
10.5,11,11,1,0,0.14,False,False,False,False,True,False,False
11.4,11,12,1,0,0.16,False,False,True,False,False,False,False
12.2,11,13,1,1,0.28,True,False,False,False,False,False,False
13.0,11,14,1,1,0.25,True,False,False,False,False,False,False
13.6,11,15,1,1,0.32,True,False,False,False,False,False,False
13.7,11,16,1,1,0.29,True,False,False,False,False,False,False
13.2,11,17,1,1,0.34,True,False,False,False,False,False,False
11.5,11,18,1,1,0.3,True,False,False,False,False,False,False
10.6,11,11,1,1,0.14,True,False,False,False,False,False,False
13.1,11,12,1,1,0.2,True,False,False,False,False,False,False
15.0,11,13,1,0,0.2,False,False,False,False,True,False,False
16.2,11,14,1,0,0.18,False,False,False,True,False,False,False
16.9,11,15,1,0,0.29,False,False,True,False,False,False,False
17.0,11,16,1,1,0.38,True,False,False,False,False,False,False
16.1,11,17,1,1,0.32,True,False,False,False,False,False,False
14.0,11,18,1,1,0.32,True,False,False,False,False,False,False
14.2,11,11,0,0,0.02,False,False,False,True,False,False,False
17.1,11,12,0,0,0.07,False,False,False,True,False,False,False
19.0,11,13,0,0,0.15,False,False,False,True,False,False,False
20.5,11,14,0,0,0.16,False,False,False,True,False,False,False
21.2,11,15,0,0,0.16,False,False,False,True,False,False,False
21.2,11,16,0,0,0.18,False,False,False,True,False,False,False
20.6,11,17,0,0,0.19,False,False,False,False,True,False,False
18.9,11,18,0,0,0.17,False,False,False,True,False,False,False
18.9,11,11,0,0,0.04,False,False,False,True,False,False,False
21.7,11,12,0,0,0.09,False,False,False,False,True,False,False
23.8,11,13,0,1,0.29,True,False,False,False,False,False,False
25.4,11,14,0,1,0.25,True,False,False,False,False,False,False
26.0,11,15,0,0,0.3,False,False,True,False,False,False,False
26.0,11,16,0,0,0.3,False,False,True,False,False,False,False
25.1,11,17,0,0,0.3,False,False,True,False,False,False,False
23.1,11,18,0,1,0.3,True,False,False,False,False,False,False
19.4,11,11,0,0,0.05,False,True,False,False,False,False,False
19.7,11,12,0,0,0.07,False,True,False,False,False,False,False
20.5,11,13,0,0,0.1,False,True,False,False,False,False,False
21.2,11,14,0,0,0.14,False,False,False,True,False,False,False
21.1,11,15,0,0,0.17,False,False,False,True,False,False,False
21.0,11,16,0,0,0.16,False,False,False,True,False,False,False
20.6,11,17,0,0,0.17,False,False,False,True,False,False,False
19.8,11,18,0,0,0.14,False,False,False,True,False,False,False
14.2,11,11,0,0,0.02,False,False,True,False,False,False,False
15.0,11,12,0,0,0.06,False,False,False,True,False,False,False
15.5,11,13,0,0,0.12,False,False,False,True,False,False,False
16.5,11,14,0,0,0.11,False,False,True,False,False,False,False
16.9,11,15,0,1,0.18,True,False,False,False,False,False,False
16.9,11,16,0,1,0.16,True,False,False,False,False,False,False
16.2,11,17,0,1,0.17,True,False,False,False,False,False,False
14.1,11,18,0,1,0.17,True,False,False,False,False,False,False
11.4,11,11,0,1,0.01,True,False,False,False,False,False,False
13.8,11,12,0,1,0.08,True,False,False,False,False,False,False
15.7,11,13,0,1,0.14,True,False,False,False,False,False,False
17.0,11,14,0,1,0.19,True,False,False,False,False,False,False
17.2,11,15,0,1,0.27,True,False,False,False,False,False,False
16.8,11,16,0,0,0.18,False,False,True,False,False,False,False
15.9,11,17,0,1,0.19,True,False,False,False,False,False,False
14.1,11,18,0,0,0.18,False,False,True,False,False,False,False
7.7,11,11,1,0,0.08,False,False,False,True,False,False,False
9.4,11,12,1,0,0.08,False,False,False,True,False,False,False
11.0,11,13,1,0,0.2,False,False,False,True,False,False,False
12.2,11,14,1,0,0.15,False,False,False,True,False,False,False
13.1,11,15,1,0,0.18,False,False,False,True,False,False,False
13.3,11,16,1,0,0.19,False,False,False,True,False,False,False
12.8,11,17,1,0,0.22,False,False,False,True,False,False,False
10.8,11,18,1,0,0.2,False,False,False,True,False,False,False
12.2,11,11,1,0,0.06,False,True,False,False,False,False,False
11.9,11,12,1,0,0.11,False,True,False,False,False,False,False
11.4,11,13,1,0,0.05,False,False,False,False,False,True,False
11.4,11,14,1,0,0.07,False,False,False,False,False,True,False
11.9,11,15,1,0,0.07,False,False,False,False,False,True,False
12.4,11,16,1,0,0.08,False,False,False,False,False,True,False
12.5,11,17,1,0,0.12,False,True,False,False,False,False,False
12.7,11,18,1,0,0.14,False,True,False,False,False,False,False
12.1,11,11,0,1,0.03,True,False,False,False,False,False,False
13.8,11,12,0,0,0.04,False,False,True,False,False,False,False
14.9,11,13,0,0,0.11,False,False,False,False,True,False,False
16.0,11,14,0,1,0.14,True,False,False,False,False,False,False
16.6,11,15,0,0,0.18,False,False,False,False,True,False,False
16.1,11,16,0,1,0.18,True,False,False,False,False,False,False
15.3,11,17,0,1,0.21,True,False,False,False,False,False,False
13.8,11,18,0,1,0.16,True,False,False,False,False,False,False
7.2,11,11,0,0,0.01,False,False,False,True,False,False,False
7.8,11,12,0,0,0.03,False,False,True,False,False,False,False
8.8,11,13,0,0,0.09,False,False,True,False,False,False,False
8.9,11,14,0,0,0.11,False,False,True,False,False,False,False
8.9,11,15,0,0,0.14,False,False,True,False,False,False,False
8.8,11,16,0,1,0.17,True,False,False,False,False,False,False
8.4,11,17,0,0,0.15,False,False,True,False,False,False,False
7.1,11,18,0,1,0.13,True,False,False,False,False,False,False
5.1,11,11,0,0,0.01,False,False,False,True,False,False,False
7.4,11,12,0,0,0.0,False,False,False,True,False,False,False
9.3,11,13,0,0,0.07,False,False,False,True,False,False,False
10.9,11,14,0,0,0.11,False,False,False,True,False,False,False
11.8,11,15,0,0,0.13,False,False,False,True,False,False,False
11.8,11,16,0,0,0.1,False,False,False,True,False,False,False
10.8,11,17,0,0,0.13,False,False,False,True,False,False,False
9.0,11,18,0,0,0.08,False,False,False,True,False,False,False
4.5,11,11,0,0,0.04,False,False,False,False,False,True,False
4.8,11,12,0,0,0.04,False,False,False,False,False,True,False
5.0,11,13,0,0,0.06,False,False,False,False,False,True,False
5.6,11,14,0,0,0.06,False,False,False,False,False,True,False
6.0,11,15,0,0,0.06,False,True,False,False,False,False,False
5.9,11,16,0,0,0.09,False,True,False,False,False,False,False
6.3,11,17,0,0,0.05,False,True,False,False,False,False,False
6.0,11,18,0,0,0.07,False,True,False,False,False,False,False
9.6,11,11,0,0,0.03,False,False,False,True,False,False,False
10.2,11,12,0,0,0.07,False,False,False,True,False,False,False
10.6,11,13,0,0,0.1,False,False,False,True,False,False,False
11.0,11,14,0,0,0.05,False,True,False,False,False,False,False
11.2,11,15,0,0,0.1,False,False,False,True,False,False,False
11.4,11,16,0,0,0.13,False,False,False,True,False,False,False
11.0,11,17,0,0,0.06,False,True,False,False,False,False,False
10.4,11,18,0,0,0.1,False,False,False,True,False,False,False
8.9,11,11,1,0,0.06,False,False,False,True,False,False,False
9.6,11,12,1,0,0.12,False,False,False,True,False,False,False
10.2,11,13,1,0,0.24,False,False,False,False,True,False,False
10.7,11,14,1,0,0.2,False,False,False,True,False,False,False
11.2,11,15,1,0,0.22,False,False,False,True,False,False,False
11.2,11,16,1,0,0.22,False,False,False,True,False,False,False
10.8,11,17,1,0,0.26,False,False,False,False,True,False,False
9.3,11,18,1,0,0.18,False,False,False,True,False,False,False
6.2,11,11,1,0,0.06,False,False,False,True,False,False,False
8.0,11,12,1,0,0.12,False,False,False,True,False,False,False
9.5,11,13,1,0,0.16,False,False,False,True,False,False,False
10.6,11,14,1,0,0.19,False,False,False,True,False,False,False
11.6,11,15,1,0,0.21,False,False,False,True,False,False,False
11.9,11,16,1,0,0.18,False,False,False,True,False,False,False
11.6,11,17,1,0,0.18,False,False,False,True,False,False,False
10.1,11,18,1,0,0.18,False,False,False,True,False,False,False
13.1,11,11,0,0,0.01,False,False,False,True,False,False,False
14.4,11,12,0,0,0.06,False,False,False,False,True,False,False
15.9,11,13,0,0,0.08,False,False,False,True,False,False,False
16.6,11,14,0,0,0.09,False,False,False,True,False,False,False
16.7,11,15,0,0,0.12,False,False,False,True,False,False,False
16.7,11,16,0,0,0.13,False,False,False,True,False,False,False
16.1,11,17,0,0,0.16,False,False,True,False,False,False,False
14.3,11,18,0,0,0.11,False,False,False,True,False,False,False
14.9,11,11,0,0,0.05,False,False,False,True,False,False,False
15.8,11,12,0,0,0.07,False,False,False,True,False,False,False
16.9,11,13,0,0,0.12,False,False,False,True,False,False,False
17.6,11,14,0,0,0.12,False,False,False,True,False,False,False
17.9,11,15,0,0,0.15,False,False,False,True,False,False,False
17.5,11,16,0,0,0.18,False,False,False,True,False,False,False
16.9,11,17,0,0,0.14,False,False,False,True,False,False,False
16.2,11,18,0,0,0.1,False,True,False,False,False,False,False
14.4,11,11,0,0,0.04,False,False,False,True,False,False,False
15.5,11,12,0,0,0.03,False,True,False,False,False,False,False
16.7,11,13,0,0,0.15,False,False,True,False,False,False,False
18.0,11,14,0,0,0.12,False,False,False,True,False,False,False
15.9,11,15,0,0,0.07,False,False,False,False,False,True,False
15.9,11,16,0,0,0.1,False,True,False,False,False,False,False
14.8,11,17,0,0,0.08,False,True,False,False,False,False,False
13.6,11,18,0,0,0.04,False,False,False,False,False,True,False
3.9,11,11,0,0,0.04,False,True,False,False,False,False,False
4.2,11,12,0,0,0.04,False,True,False,False,False,False,False
4.6,11,13,0,0,0.04,False,True,False,False,False,False,False
3.8,11,14,0,0,0.01,False,False,False,False,False,False,True
4.5,11,15,0,0,0.06,False,True,False,False,False,False,False
3.9,11,16,0,0,0.06,False,True,False,False,False,False,False
3.7,11,17,0,0,0.1,False,False,False,True,False,False,False
2.8,11,18,0,0,0.09,False,False,False,True,False,False,False
1.7,11,11,0,0,0.05,False,False,False,False,False,False,True
1.9,11,12,0,0,0.01,False,False,False,False,False,False,True
2.1,11,13,0,0,0.05,False,False,False,False,False,False,True
2.8,11,14,0,0,0.04,False,True,False,False,False,False,False
3.3,11,15,0,0,0.07,False,True,False,False,False,False,False
3.6,11,16,0,0,0.04,False,True,False,False,False,False,False
3.7,11,17,0,0,0.07,False,True,False,False,False,False,False
3.9,11,18,0,0,0.06,False,True,False,False,False,False,False
6.0,11,11,1,0,0.04,False,True,False,False,False,False,False
6.3,11,12,1,0,0.05,False,True,False,False,False,False,False
6.8,11,13,1,0,0.08,False,True,False,False,False,False,False
7.3,11,14,1,0,0.17,False,False,False,True,False,False,False
7.6,11,15,1,0,0.18,False,False,False,True,False,False,False
7.5,11,16,1,0,0.17,False,False,False,True,False,False,False
7.3,11,17,1,0,0.17,False,False,False,True,False,False,False
7.1,11,18,1,0,0.2,False,False,False,True,False,False,False
5.4,11,11,1,0,0.07,False,False,False,True,False,False,False
5.6,11,12,1,0,0.12,False,False,False,True,False,False,False
5.7,11,13,1,0,0.14,False,False,False,True,False,False,False
6.1,11,14,1,0,0.14,False,False,False,True,False,False,False
6.7,11,15,1,0,0.15,False,False,False,True,False,False,False
7.3,11,16,1,0,0.19,False,False,False,True,False,False,False
7.7,11,17,1,1,0.26,True,False,False,False,False,False,False
5.6,11,18,1,1,0.26,True,False,False,False,False,False,False
6.1,11,11,0,0,0.0,False,False,False,True,False,False,False
6.8,11,12,0,0,0.04,False,False,False,True,False,False,False
7.6,11,13,0,0,0.05,False,True,False,False,False,False,False
8.5,11,14,0,0,0.07,False,True,False,False,False,False,False
9.9,11,15,0,0,0.09,False,False,False,True,False,False,False
10.1,11,16,0,0,0.12,False,False,False,True,False,False,False
9.6,11,17,0,0,0.12,False,False,False,True,False,False,False
9.3,11,18,0,0,0.07,False,False,False,True,False,False,False
6.1,11,11,0,0,0.04,False,False,False,True,False,False,False
6.2,11,12,0,0,0.02,False,False,False,True,False,False,False
6.5,11,13,0,0,0.08,False,False,False,False,True,False,False
7.0,11,14,0,1,0.12,True,False,False,False,False,False,False
7.4,11,15,0,0,0.12,False,False,True,False,False,False,False
7.4,11,16,0,0,0.13,False,False,True,False,False,False,False
6.8,11,17,0,1,0.14,True,False,False,False,False,False,False
5.6,11,18,0,1,0.14,True,False,False,False,False,False,False
3.6,11,11,0,0,0.05,False,False,False,True,False,False,False
5.1,11,12,0,0,0.05,False,False,False,True,False,False,False
6.3,11,13,0,0,0.09,False,False,False,True,False,False,False
7.2,11,14,0,0,0.09,False,False,False,True,False,False,False
7.0,11,15,0,0,0.08,False,False,False,True,False,False,False
7.2,11,16,0,0,0.11,False,False,False,True,False,False,False
6.7,11,17,0,0,0.1,False,False,False,True,False,False,False
5.9,11,18,0,0,0.11,False,False,False,True,False,False,False
3.0,11,11,0,0,0.02,False,True,False,False,False,False,False
3.5,11,12,0,0,0.03,False,True,False,False,False,False,False
4.2,11,13,0,0,0.03,False,True,False,False,False,False,False
5.0,11,14,0,0,0.06,False,False,False,True,False,False,False
5.0,11,15,0,0,0.08,False,True,False,False,False,False,False
4.9,11,16,0,0,0.07,False,True,False,False,False,False,False
4.3,11,17,0,0,0.08,False,True,False,False,False,False,False
3.8,11,18,0,0,0.08,False,True,False,False,False,False,False
-0.5,11,11,0,0,0.03,False,False,False,True,False,False,False
-0.5,11,12,0,0,0.02,False,False,False,True,False,False,False
-0.3,11,13,0,0,0.07,False,False,False,True,False,False,False
-0.4,11,14,0,0,0.03,False,False,False,True,False,False,False
-0.6,11,15,0,0,0.09,False,False,False,True,False,False,False
-1.0,11,16,0,0,0.07,False,False,False,True,False,False,False
-1.3,11,17,0,0,0.09,False,False,False,True,False,False,False
-1.7,11,18,0,0,0.08,False,False,False,True,False,False,False
-5.2,11,11,1,0,0.07,False,False,False,True,False,False,False
-4.4,11,12,1,0,0.11,False,False,False,True,False,False,False
-4.1,11,13,1,0,0.11,False,False,False,True,False,False,False
-4.1,11,14,1,0,0.12,False,False,False,True,False,False,False
-3.9,11,15,1,0,0.15,False,False,False,True,False,False,False
-3.5,11,16,1,0,0.17,False,False,False,True,False,False,False
-3.3,11,17,1,0,0.13,False,False,False,True,False,False,False
-3.3,11,18,1,1,0.25,True,False,False,False,False,False,False
-3.2,12,11,1,1,0.0,True,False,False,False,False,False,False
-2.0,12,12,1,1,0.09,True,False,False,False,False,False,False
-1.0,12,13,1,0,0.17,False,False,True,False,False,False,False
-0.5,12,14,1,1,0.18,True,False,False,False,False,False,False
-0.3,12,15,1,0,0.17,False,False,True,False,False,False,False
-0.6,12,16,1,0,0.14,False,False,False,False,True,False,False
-2.7,12,11,0,0,0.02,False,False,False,True,False,False,False
-1.8,12,12,0,0,0.03,False,False,False,True,False,False,False
-0.8,12,13,0,0,0.0,False,False,False,False,True,False,False
0.1,12,14,0,0,0.03,False,False,False,False,True,False,False
0.3,12,15,0,0,0.07,False,False,False,True,False,False,False
0.2,12,16,0,0,0.05,False,False,False,True,False,False,False
-2.8,12,11,0,1,0.0,True,False,False,False,False,False,False
-1.7,12,12,0,1,0.01,True,False,False,False,False,False,False
-0.8,12,13,0,1,0.03,True,False,False,False,False,False,False
-0.2,12,14,0,1,0.02,True,False,False,False,False,False,False
0.2,12,15,0,0,0.05,False,False,True,False,False,False,False
-0.1,12,16,0,0,0.03,False,False,False,True,False,False,False
-2.5,12,11,0,0,0.01,False,False,False,True,False,False,False
-1.7,12,12,0,0,0.01,False,False,False,True,False,False,False
-0.7,12,13,0,0,0.03,False,False,False,True,False,False,False
0.0,12,14,0,0,0.04,False,False,False,True,False,False,False
0.9,12,15,0,0,0.05,False,False,False,True,False,False,False
1.7,12,16,0,0,0.07,False,False,False,True,False,False,False
-4.6,12,11,0,0,0.03,False,False,False,True,False,False,False
-4.0,12,12,0,0,0.02,False,False,True,False,False,False,False
-2.9,12,13,0,0,0.04,False,False,False,True,False,False,False
-2.8,12,14,0,0,0.03,False,False,False,False,True,False,False
-3.2,12,15,0,0,0.06,False,False,False,True,False,False,False
-3.5,12,16,0,0,0.05,False,False,False,True,False,False,False
-4.1,12,11,0,1,0.02,True,False,False,False,False,False,False
-2.6,12,12,0,0,0.03,False,False,True,False,False,False,False
-1.6,12,13,0,0,0.05,False,False,False,True,False,False,False
-1.2,12,14,0,0,0.04,False,False,False,True,False,False,False
-1.5,12,15,0,0,0.06,False,False,False,True,False,False,False
-1.5,12,16,0,0,0.05,False,False,False,True,False,False,False
-2.3,12,11,1,0,0.04,False,False,False,True,False,False,False
-1.2,12,12,1,0,0.08,False,False,False,True,False,False,False
-0.1,12,13,1,0,0.09,False,False,False,True,False,False,False
0.9,12,14,1,0,0.08,False,False,False,True,False,False,False
1.5,12,15,1,0,0.15,False,False,True,False,False,False,False
1.9,12,16,1,0,0.16,False,False,False,False,True,False,False
6.2,12,11,1,0,0.05,False,False,True,False,False,False,False
7.5,12,12,1,0,0.08,False,False,True,False,False,False,False
8.6,12,13,1,0,0.16,False,False,True,False,False,False,False
9.5,12,14,1,1,0.16,True,False,False,False,False,False,False
9.9,12,15,1,1,0.25,True,False,False,False,False,False,False
9.8,12,16,1,1,0.21,True,False,False,False,False,False,False
10.1,12,11,0,0,0.01,False,True,False,False,False,False,False
10.5,12,12,0,0,0.03,False,True,False,False,False,False,False
10.9,12,13,0,0,0.03,False,True,False,False,False,False,False
11.6,12,14,0,0,0.08,False,False,False,True,False,False,False
11.8,12,15,0,0,0.07,False,True,False,False,False,False,False
11.4,12,16,0,0,0.09,False,True,False,False,False,False,False
9.6,12,11,0,0,0.02,False,False,False,True,False,False,False
11.4,12,12,0,0,0.02,False,False,False,True,False,False,False
13.1,12,13,0,0,0.07,False,False,False,True,False,False,False
12.7,12,14,0,0,0.07,False,False,False,False,True,False,False
13.8,12,15,0,0,0.11,False,False,False,False,True,False,False
13.2,12,16,0,0,0.05,False,True,False,False,False,False,False
4.3,12,11,0,0,0.01,False,True,False,False,False,False,False
3.1,12,12,0,0,0.01,False,True,False,False,False,False,False
2.0,12,13,0,0,0.01,False,True,False,False,False,False,False
1.5,12,14,0,0,0.03,False,False,False,False,False,False,True
1.2,12,15,0,0,0.02,False,False,False,False,False,False,True
0.9,12,16,0,0,0.0,False,False,False,False,False,False,True
-5.2,12,11,0,0,0.05,False,False,True,False,False,False,False
-6.0,12,12,0,1,0.03,True,False,False,False,False,False,False
-6.1,12,13,0,0,0.02,False,False,True,False,False,False,False
-5.9,12,14,0,0,0.01,False,False,True,False,False,False,False
-6.0,12,15,0,1,0.09,True,False,False,False,False,False,False
-6.1,12,16,0,1,0.06,True,False,False,False,False,False,False
-5.8,12,11,0,0,0.03,False,False,False,True,False,False,False
-4.9,12,12,0,0,0.01,False,False,False,False,True,False,False
-3.9,12,13,0,1,0.02,True,False,False,False,False,False,False
-3.1,12,14,0,1,0.01,True,False,False,False,False,False,False
-2.6,12,15,0,1,0.09,True,False,False,False,False,False,False
-2.6,12,16,0,1,0.07,True,False,False,False,False,False,False
-3.0,12,11,1,0,0.03,False,False,False,True,False,False,False
-0.7,12,12,1,0,0.07,False,False,False,False,True,False,False
1.2,12,13,1,0,0.11,False,False,False,False,True,False,False
2.5,12,14,1,0,0.11,False,False,False,False,True,False,False
3.2,12,15,1,0,0.14,False,False,False,True,False,False,False
3.2,12,16,1,0,0.16,False,False,False,False,True,False,False
1.3,12,11,1,0,0.03,False,True,False,False,False,False,False
1.6,12,12,1,0,0.03,False,True,False,False,False,False,False
1.8,12,13,1,0,0.03,False,False,False,False,False,True,False
2.3,12,14,1,0,0.07,False,False,False,False,False,True,False
2.8,12,15,1,0,0.06,False,True,False,False,False,False,False
3.3,12,16,1,0,0.1,False,False,False,True,False,False,False
5.6,12,11,0,0,0.01,False,False,False,True,False,False,False
6.7,12,12,0,0,0.01,False,False,False,True,False,False,False
8.5,12,13,0,0,0.02,False,False,False,True,False,False,False
9.8,12,14,0,0,0.03,False,False,False,True,False,False,False
11.3,12,15,0,0,0.11,False,False,False,True,False,False,False
10.5,12,16,0,0,0.07,False,True,False,False,False,False,False
6.5,12,11,0,1,0.04,True,False,False,False,False,False,False
7.6,12,12,0,1,0.04,True,False,False,False,False,False,False
8.5,12,13,0,1,0.05,True,False,False,False,False,False,False
9.3,12,14,0,1,0.03,True,False,False,False,False,False,False
9.7,12,15,0,1,0.11,True,False,False,False,False,False,False
9.7,12,16,0,0,0.07,False,False,True,False,False,False,False
1.8,12,11,0,0,0.02,False,False,False,True,False,False,False
3.1,12,12,0,0,0.04,False,False,False,True,False,False,False
3.4,12,13,0,0,0.05,False,True,False,False,False,False,False
2.7,12,14,0,0,0.04,False,False,False,False,False,True,False
2.1,12,15,0,0,0.02,False,False,False,False,False,True,False
1.9,12,16,0,0,0.05,False,True,False,False,False,False,False
0.9,12,11,0,0,0.02,False,False,False,True,False,False,False
1.7,12,12,0,0,0.02,False,False,False,True,False,False,False
1.9,12,13,0,0,0.05,False,False,False,True,False,False,False
2.0,12,14,0,0,0.01,False,False,False,True,False,False,False
2.1,12,15,0,0,0.06,False,False,False,True,False,False,False
2.2,12,16,0,0,0.05,False,False,False,True,False,False,False
0.3,12,11,0,0,0.03,False,False,False,False,False,False,True
0.9,12,12,0,0,0.04,False,False,False,True,False,False,False
1.8,12,13,0,0,0.03,False,False,False,True,False,False,False
1.9,12,14,0,0,0.01,False,False,False,True,False,False,False
2.1,12,15,0,0,0.05,False,False,False,True,False,False,False
2.1,12,16,0,0,0.04,False,False,False,True,False,False,False
-3.0,12,11,1,0,0.01,False,False,False,False,False,False,True
-2.7,12,12,1,0,0.03,False,False,False,False,False,False,True
-2.8,12,13,1,0,0.09,False,False,False,True,False,False,False
-2.9,12,14,1,0,0.12,False,False,False,True,False,False,False
-3.0,12,15,1,0,0.05,False,False,False,False,False,False,True
-3.2,12,16,1,0,0.03,False,False,False,False,False,False,True
-6.4,12,11,1,0,0.01,False,False,False,True,False,False,False
-5.4,12,12,1,0,0.07,False,False,False,True,False,False,False
-4.7,12,13,1,0,0.13,False,False,False,False,True,False,False
-4.1,12,14,1,0,0.11,False,False,False,True,False,False,False
-3.9,12,15,1,0,0.15,False,False,False,True,False,False,False
-4.1,12,16,1,0,0.14,False,False,False,True,False,False,False
-3.0,12,11,0,0,0.03,False,False,False,True,False,False,False
-0.2,12,12,0,0,0.01,False,False,False,True,False,False,False
2.2,12,13,0,0,0.0,False,False,False,True,False,False,False
3.8,12,14,0,0,0.01,False,False,False,True,False,False,False
4.4,12,15,0,0,0.05,False,False,False,True,False,False,False
4.9,12,16,0,0,0.06,False,False,False,True,False,False,False
2.3,12,11,0,0,0.02,False,False,False,True,False,False,False
2.6,12,12,0,0,0.01,False,False,False,True,False,False,False
3.1,12,13,0,0,0.0,False,False,False,True,False,False,False
3.3,12,14,0,0,0.02,False,False,False,True,False,False,False
3.3,12,15,0,0,0.05,False,False,False,True,False,False,False
2.9,12,16,0,0,0.03,False,True,False,False,False,False,False
1.8,12,11,0,0,0.03,False,False,False,True,False,False,False
2.3,12,12,0,0,0.04,False,False,False,True,False,False,False
2.9,12,13,0,0,0.01,False,False,False,True,False,False,False
3.1,12,14,0,0,0.01,False,False,False,True,False,False,False
3.1,12,15,0,0,0.05,False,False,False,True,False,False,False
3.2,12,16,0,0,0.04,False,False,False,True,False,False,False
3.3,12,11,0,1,0.02,True,False,False,False,False,False,False
4.8,12,12,0,1,0.04,True,False,False,False,False,False,False
6.2,12,13,0,0,0.03,False,False,True,False,False,False,False
7.2,12,14,0,1,0.07,True,False,False,False,False,False,False
8.0,12,15,0,0,0.08,False,False,True,False,False,False,False
8.0,12,16,0,0,0.1,False,False,False,False,True,False,False
4.5,12,11,0,0,0.01,False,False,False,True,False,False,False
6.6,12,12,0,0,0.01,False,False,False,True,False,False,False
8.5,12,13,0,0,0.06,False,False,False,True,False,False,False
9.9,12,14,0,0,0.06,False,False,False,True,False,False,False
10.5,12,15,0,0,0.1,False,False,False,True,False,False,False
10.2,12,16,0,0,0.1,False,False,False,True,False,False,False
12.4,12,11,1,0,0.05,False,False,False,True,False,False,False
13.4,12,12,1,0,0.11,False,False,False,True,False,False,False
14.5,12,13,1,0,0.11,False,True,False,False,False,False,False
15.0,12,14,1,0,0.12,False,False,False,True,False,False,False
15.5,12,15,1,0,0.17,False,False,False,True,False,False,False
15.7,12,16,1,0,0.16,False,False,False,True,False,False,False
14.4,12,11,1,0,0.06,False,False,False,True,False,False,False
16.9,12,12,1,0,0.08,False,False,False,True,False,False,False
17.4,12,13,1,0,0.2,False,False,False,True,False,False,False
17.4,12,14,1,0,0.16,False,False,False,True,False,False,False
16.6,12,15,1,0,0.12,False,True,False,False,False,False,False
17.9,12,16,1,0,0.11,False,True,False,False,False,False,False
5.0,12,11,0,0,0.03,False,True,False,False,False,False,False
6.2,12,12,0,0,0.02,False,True,False,False,False,False,False
6.4,12,13,0,0,0.05,False,True,False,False,False,False,False
7.2,12,14,0,0,0.04,False,False,False,False,True,False,False
8.3,12,15,0,0,0.06,False,False,True,False,False,False,False
8.9,12,16,0,1,0.07,True,False,False,False,False,False,False
7.0,12,11,0,0,0.01,False,False,False,False,True,False,False
9.8,12,12,0,0,0.04,False,False,False,True,False,False,False
10.1,12,13,0,0,0.05,False,False,False,True,False,False,False
8.6,12,14,0,0,0.06,False,True,False,False,False,False,False
7.6,12,15,0,0,0.07,False,True,False,False,False,False,False
8.7,12,16,0,0,0.03,False,True,False,False,False,False,False
1.8,1,11,0,0,0.03,False,False,False,True,False,False,False
2.1,1,12,0,0,0.05,False,False,False,True,False,False,False
2.8,1,13,0,0,0.03,False,True,False,False,False,False,False
3.0,1,14,0,0,0.04,False,False,False,True,False,False,False
3.0,1,15,0,0,0.06,False,False,False,True,False,False,False
3.1,1,16,0,0,0.04,False,True,False,False,False,False,False
-1.8,1,11,0,0,0.03,False,False,False,True,False,False,False
-1.7,1,12,0,0,0.05,False,False,False,True,False,False,False
-1.0,1,13,0,0,0.03,False,False,False,True,False,False,False
-0.3,1,14,0,0,0.02,False,False,False,True,False,False,False
-0.1,1,15,0,0,0.03,False,False,False,True,False,False,False
-0.3,1,16,0,0,0.04,False,False,False,True,False,False,False
-1.7,1,11,0,0,0.03,False,False,False,False,False,False,True
-1.4,1,12,0,0,0.03,False,False,False,False,False,False,True
-1.7,1,13,0,0,0.02,False,False,False,False,False,False,True
-1.8,1,14,0,0,0.0,False,False,False,False,False,False,True
-1.6,1,15,0,0,0.03,False,False,False,False,False,False,True
-2.2,1,16,0,0,0.05,False,False,False,False,False,False,True
-6.5,1,11,1,0,0.03,False,False,False,False,False,False,True
-6.0,1,12,1,0,0.02,False,False,False,False,False,False,True
-6.0,1,13,1,0,0.04,False,False,False,False,False,False,True
-6.0,1,14,1,0,0.05,False,False,False,False,False,False,True
-6.2,1,15,1,0,0.04,False,False,False,False,False,False,True
-6.4,1,16,1,0,0.14,False,False,False,True,False,False,False
-10.4,1,11,1,0,0.0,False,False,False,True,False,False,False
-9.0,1,12,1,0,0.08,False,False,False,False,True,False,False
-7.7,1,13,1,0,0.12,False,False,False,True,False,False,False
-6.9,1,14,1,0,0.11,False,False,False,True,False,False,False
-6.4,1,15,1,0,0.15,False,False,False,True,False,False,False
-6.0,1,16,1,0,0.1,False,False,False,True,False,False,False
-5.5,1,11,0,0,0.01,False,False,False,False,False,False,True
-4.9,1,12,0,0,0.04,False,False,False,True,False,False,False
-4.6,1,13,0,0,0.03,False,False,False,False,False,False,True
-4.5,1,14,0,0,0.02,False,False,False,False,False,False,True
-4.0,1,15,0,0,0.0,False,False,False,False,False,False,True
-3.6,1,16,0,0,0.03,False,False,False,False,False,False,True
-4.3,1,11,0,0,0.04,False,False,False,True,False,False,False
-4.0,1,12,0,0,0.04,False,True,False,False,False,False,False
-3.7,1,13,0,0,0.02,False,False,False,True,False,False,False
-3.6,1,14,0,0,0.01,False,False,False,True,False,False,False
-4.1,1,15,0,0,0.06,False,False,False,True,False,False,False
-4.7,1,16,0,0,0.03,False,False,False,True,False,False,False
-5.9,1,11,0,0,0.02,False,False,False,True,False,False,False
-5.8,1,12,0,0,0.05,False,False,False,False,False,False,True
-5.8,1,13,0,0,0.01,False,False,False,False,False,False,True
-6.0,1,14,0,0,0.05,False,False,False,True,False,False,False
-6.4,1,15,0,0,0.03,False,False,False,True,False,False,False
-6.6,1,16,0,0,0.07,False,False,False,True,False,False,False
-8.3,1,11,0,0,0.03,False,False,True,False,False,False,False
-7.9,1,12,0,0,0.02,False,False,False,False,True,False,False
-7.5,1,13,0,0,0.01,False,False,False,True,False,False,False
-7.3,1,14,0,0,0.04,False,False,False,True,False,False,False
-7.0,1,15,0,0,0.07,False,False,False,True,False,False,False
-6.8,1,16,0,0,0.04,False,False,False,True,False,False,False
-12.8,1,11,0,0,0.03,False,False,False,True,False,False,False
-10.0,1,12,0,0,0.05,False,False,False,True,False,False,False
-8.4,1,13,0,0,0.04,False,False,False,True,False,False,False
-7.2,1,14,0,0,0.04,False,False,False,True,False,False,False
-6.4,1,15,0,0,0.06,False,False,False,True,False,False,False
-6.2,1,16,0,0,0.06,False,False,False,True,False,False,False
-6.0,1,11,1,0,0.04,False,False,False,False,False,False,True
-5.3,1,12,1,0,0.01,False,False,False,False,False,False,True
-4.8,1,13,1,0,0.05,False,False,False,False,False,False,True
-4.0,1,14,1,0,0.04,False,False,False,False,False,False,True
-3.7,1,15,1,0,0.03,False,False,False,False,False,False,True
-3.3,1,16,1,0,0.13,False,False,False,True,False,False,False
-4.9,1,11,1,0,0.04,False,False,False,True,False,False,False
-3.6,1,12,1,0,0.06,False,False,False,True,False,False,False
-3.0,1,13,1,0,0.1,False,False,False,True,False,False,False
-2.3,1,14,1,0,0.12,False,False,False,True,False,False,False
-1.7,1,15,1,0,0.13,False,False,False,True,False,False,False
-1.4,1,16,1,0,0.17,False,False,False,False,True,False,False
0.2,1,11,0,1,0.0,True,False,False,False,False,False,False
-0.6,1,12,0,1,0.01,True,False,False,False,False,False,False
-1.2,1,13,0,1,0.03,True,False,False,False,False,False,False
-1.7,1,14,0,1,0.02,True,False,False,False,False,False,False
-1.9,1,15,0,1,0.09,True,False,False,False,False,False,False
-2.2,1,16,0,1,0.06,True,False,False,False,False,False,False
-11.3,1,11,0,1,0.02,True,False,False,False,False,False,False
-9.8,1,12,0,0,0.02,False,False,False,False,True,False,False
-8.6,1,13,0,0,0.03,False,False,False,True,False,False,False
-7.7,1,14,0,0,0.02,False,False,False,True,False,False,False
-7.4,1,15,0,0,0.04,False,False,False,False,False,False,True
-7.3,1,16,0,0,0.05,False,False,False,False,False,False,True
-11.5,1,11,0,0,0.03,False,False,False,True,False,False,False
-10.1,1,12,0,0,0.02,False,False,False,True,False,False,False
-9.0,1,13,0,0,0.04,False,False,False,True,False,False,False
-8.3,1,14,0,0,0.01,False,False,False,True,False,False,False
-7.9,1,15,0,0,0.05,False,False,False,True,False,False,False
-7.7,1,16,0,0,0.03,False,False,False,True,False,False,False
-5.8,1,11,0,0,0.01,False,False,False,False,False,False,True
-4.9,1,12,0,0,0.01,False,False,False,False,False,False,True
-4.4,1,13,0,0,0.01,False,False,False,False,False,False,True
-3.8,1,14,0,0,0.05,False,False,False,False,False,False,True
-2.4,1,15,0,0,0.04,False,False,False,True,False,False,False
-1.9,1,16,0,0,0.07,False,False,False,True,False,False,False
-0.3,1,11,0,0,0.02,False,False,False,True,False,False,False
0.2,1,12,0,0,0.05,False,False,False,False,True,False,False
0.7,1,13,0,0,0.03,False,False,True,False,False,False,False
1.2,1,14,0,0,0.02,False,False,False,False,True,False,False
1.4,1,15,0,0,0.05,False,False,False,False,True,False,False
1.7,1,16,0,1,0.06,True,False,False,False,False,False,False
1.2,1,11,1,0,0.01,False,False,False,False,False,False,True
1.6,1,12,1,0,0.03,False,True,False,False,False,False,False
2.1,1,13,1,0,0.08,False,True,False,False,False,False,False
2.2,1,14,1,0,0.08,False,True,False,False,False,False,False
2.6,1,15,1,0,0.07,False,True,False,False,False,False,False
2.2,1,16,1,0,0.06,False,True,False,False,False,False,False
-5.7,1,11,1,0,0.0,False,False,False,False,False,False,True
-5.7,1,12,1,0,0.01,False,False,False,False,False,False,True
-5.5,1,13,1,0,0.01,False,False,False,False,False,False,True
-5.4,1,14,1,0,0.02,False,False,False,False,False,False,True
-5.2,1,15,1,0,0.03,False,False,False,False,False,False,True
-5.1,1,16,1,0,0.02,False,False,False,False,False,False,True
-13.9,1,11,0,1,0.04,True,False,False,False,False,False,False
-13.3,1,12,0,1,0.05,True,False,False,False,False,False,False
-12.8,1,13,0,0,0.04,False,False,True,False,False,False,False
-12.4,1,14,0,0,0.04,False,False,False,False,True,False,False
-12.3,1,15,0,0,0.06,False,False,False,False,True,False,False
-12.3,1,16,0,0,0.06,False,False,False,True,False,False,False
-16.5,1,11,0,0,0.01,False,False,False,True,False,False,False
-14.7,1,12,0,0,0.01,False,False,False,True,False,False,False
-13.3,1,13,0,0,0.0,False,False,False,True,False,False,False
-12.4,1,14,0,0,0.0,False,False,False,True,False,False,False
-11.8,1,15,0,0,0.04,False,False,False,True,False,False,False
-11.5,1,16,0,0,0.04,False,False,True,False,False,False,False
-19.0,1,11,0,1,0.03,True,False,False,False,False,False,False
-16.8,1,12,0,0,0.04,False,False,False,True,False,False,False
-15.4,1,13,0,0,0.03,False,False,False,True,False,False,False
-14.5,1,14,0,0,0.02,False,False,False,True,False,False,False
-13.8,1,15,0,0,0.06,False,False,False,True,False,False,False
-13.4,1,16,0,0,0.05,False,False,False,True,False,False,False
-9.6,1,11,0,1,0.03,True,False,False,False,False,False,False
-7.5,1,12,0,1,0.01,True,False,False,False,False,False,False
-6.0,1,13,0,0,0.02,False,False,False,False,True,False,False
-5.1,1,14,0,0,0.04,False,False,False,True,False,False,False
-4.8,1,15,0,0,0.04,False,False,False,True,False,False,False
-4.9,1,16,0,0,0.06,False,False,False,True,False,False,False
-8.1,1,11,0,0,0.02,False,False,False,True,False,False,False
-7.1,1,12,0,0,0.01,False,False,False,True,False,False,False
-6.5,1,13,0,0,0.02,False,False,False,True,False,False,False
-6.2,1,14,0,0,0.03,False,False,False,True,False,False,False
-6.1,1,15,0,0,0.04,False,False,False,True,False,False,False
-6.1,1,16,0,0,0.03,False,False,False,True,False,False,False
-7.4,1,11,1,0,0.03,False,False,True,False,False,False,False
-5.7,1,12,1,0,0.09,False,False,True,False,False,False,False
-3.8,1,13,1,0,0.11,False,False,False,True,False,False,False
-2.5,1,14,1,0,0.14,False,False,False,False,True,False,False
-1.5,1,15,1,0,0.13,False,False,False,True,False,False,False
-0.9,1,16,1,0,0.12,False,False,False,True,False,False,False
-1.0,1,11,1,0,0.03,False,False,False,True,False,False,False
-0.6,1,12,1,0,0.06,False,False,False,True,False,False,False
-0.2,1,13,1,0,0.08,False,False,False,True,False,False,False
0.1,1,14,1,0,0.09,False,False,False,True,False,False,False
0.3,1,15,1,0,0.14,False,False,False,True,False,False,False
0.2,1,16,1,0,0.13,False,False,False,True,False,False,False
-4.9,1,11,0,1,0.04,True,False,False,False,False,False,False
-3.5,1,12,0,1,0.0,True,False,False,False,False,False,False
-2.4,1,13,0,1,0.0,True,False,False,False,False,False,False
-1.6,1,14,0,1,0.01,True,False,False,False,False,False,False
-1.0,1,15,0,1,0.07,True,False,False,False,False,False,False
-0.7,1,16,0,1,0.04,True,False,False,False,False,False,False
0.1,1,11,0,0,0.02,False,False,False,True,False,False,False
0.3,1,12,0,0,0.01,False,False,False,True,False,False,False
0.7,1,13,0,0,0.04,False,False,False,True,False,False,False
1.5,1,14,0,0,0.04,False,False,False,True,False,False,False
1.8,1,15,0,0,0.03,False,False,False,True,False,False,False
2.1,1,16,0,0,0.05,False,False,False,True,False,False,False
3.2,1,11,0,0,0.04,False,False,False,False,True,False,False
3.9,1,12,0,0,0.01,False,False,False,True,False,False,False
4.0,1,13,0,0,0.04,False,False,False,True,False,False,False
4.1,1,14,0,0,0.03,False,False,False,True,False,False,False
4.0,1,15,0,0,0.04,False,False,True,False,False,False,False
4.1,1,16,0,0,0.04,False,False,True,False,False,False,False
1.0,1,11,0,0,0.03,False,False,False,False,True,False,False
3.8,1,12,0,0,0.02,False,False,False,True,False,False,False
5.6,1,13,0,0,0.04,False,False,False,True,False,False,False
7.0,1,14,0,0,0.04,False,False,False,True,False,False,False
7.7,1,15,0,0,0.06,False,False,False,True,False,False,False
7.7,1,16,0,0,0.07,False,False,False,True,False,False,False
4.7,1,11,0,0,0.05,False,True,False,False,False,False,False
5.2,1,12,0,0,0.02,False,True,False,False,False,False,False
6.3,1,13,0,0,0.01,False,False,False,False,False,True,False
7.6,1,14,0,0,0.03,False,False,False,False,False,True,False
8.3,1,15,0,0,0.05,False,False,False,False,False,True,False
9.5,1,16,0,0,0.05,False,False,False,False,False,True,False
-3.4,2,11,1,1,0.04,True,False,False,False,False,False,False
-2.8,2,12,1,1,0.05,True,False,False,False,False,False,False
-2.4,2,13,1,1,0.15,True,False,False,False,False,False,False
-2.0,2,14,1,1,0.17,True,False,False,False,False,False,False
-1.9,2,15,1,1,0.2,True,False,False,False,False,False,False
-2.0,2,16,1,1,0.18,True,False,False,False,False,False,False
0.6,2,11,1,0,0.0,False,False,False,True,False,False,False
2.1,2,12,1,0,0.08,False,False,False,True,False,False,False
4.7,2,13,1,0,0.1,False,False,False,True,False,False,False
6.4,2,14,1,0,0.13,False,False,False,True,False,False,False
5.9,2,15,1,0,0.11,False,True,False,False,False,False,False
6.4,2,16,1,0,0.14,False,False,False,True,False,False,False
5.1,2,11,0,0,0.02,False,False,False,True,False,False,False
7.6,2,12,0,0,0.02,False,False,False,True,False,False,False
9.9,2,13,0,0,0.03,False,False,False,True,False,False,False
12.4,2,14,0,0,0.06,False,False,False,True,False,False,False
14.8,2,15,0,0,0.11,False,False,False,True,False,False,False
15.2,2,16,0,0,0.09,False,False,False,True,False,False,False
1.0,2,11,0,0,0.02,False,False,False,True,False,False,False
0.9,2,12,0,0,0.01,False,False,False,True,False,False,False
2.1,2,13,0,1,0.02,True,False,False,False,False,False,False
2.8,2,14,0,1,0.02,True,False,False,False,False,False,False
3.1,2,15,0,1,0.08,True,False,False,False,False,False,False
2.8,2,16,0,1,0.05,True,False,False,False,False,False,False
-2.9,2,11,0,0,0.03,False,False,False,True,False,False,False
-2.4,2,12,0,0,0.02,False,False,False,True,False,False,False
-2.1,2,13,0,0,0.01,False,False,False,True,False,False,False
-1.7,2,14,0,0,0.04,False,False,False,True,False,False,False
-1.3,2,15,0,0,0.04,False,False,False,True,False,False,False
-0.9,2,16,0,0,0.06,False,False,False,True,False,False,False
5.2,2,11,0,0,0.0,False,True,False,False,False,False,False
5.4,2,12,0,0,0.05,False,False,False,True,False,False,False
6.0,2,13,0,0,0.05,False,False,False,True,False,False,False
6.7,2,14,0,0,0.06,False,False,False,True,False,False,False
7.6,2,15,0,0,0.09,False,False,False,True,False,False,False
7.9,2,16,0,0,0.07,False,False,False,True,False,False,False
-0.5,2,11,0,0,0.05,False,False,False,True,False,False,False
-0.7,2,12,0,0,0.03,False,False,False,True,False,False,False
-0.6,2,13,0,0,0.04,False,False,False,True,False,False,False
-0.1,2,14,0,0,0.02,False,False,False,True,False,False,False
-0.2,2,15,0,0,0.05,False,False,False,True,False,False,False
-0.2,2,16,0,0,0.03,False,False,False,True,False,False,False
-1.8,2,11,1,0,0.04,False,False,False,True,False,False,False
-0.2,2,12,1,0,0.06,False,False,False,True,False,False,False
1.2,2,13,1,0,0.11,False,False,False,True,False,False,False
2.5,2,14,1,0,0.12,False,False,False,True,False,False,False
3.7,2,15,1,0,0.13,False,False,False,True,False,False,False
3.2,2,16,1,0,0.07,False,True,False,False,False,False,False
-0.9,2,11,1,0,0.05,False,False,False,True,False,False,False
-0.5,2,12,1,0,0.03,False,False,False,True,False,False,False
0.1,2,13,1,0,0.08,False,False,False,True,False,False,False
0.5,2,14,1,0,0.09,False,False,False,True,False,False,False
1.0,2,15,1,0,0.14,False,False,False,True,False,False,False
1.2,2,16,1,0,0.18,False,False,False,False,True,False,False
-2.2,2,11,0,0,0.04,False,False,False,True,False,False,False
-1.8,2,12,0,0,0.01,False,False,False,True,False,False,False
-1.1,2,13,0,0,0.03,False,False,False,False,True,False,False
-0.2,2,14,0,0,0.04,False,False,True,False,False,False,False
1.4,2,15,0,0,0.07,False,False,False,False,True,False,False
1.3,2,16,0,0,0.04,False,False,False,True,False,False,False
-0.7,2,11,0,0,0.04,False,False,False,True,False,False,False
0.4,2,12,0,0,0.0,False,False,False,True,False,False,False
0.9,2,13,0,0,0.01,False,False,False,False,False,False,True
1.2,2,14,0,0,0.05,False,False,False,False,False,False,True
0.9,2,15,0,0,0.04,False,False,False,False,False,False,True
0.7,2,16,0,0,0.05,False,False,False,False,False,False,True
-0.8,2,11,0,0,0.02,False,False,False,False,False,False,True
-0.2,2,12,0,0,0.04,False,False,False,False,False,False,True
0.3,2,13,0,0,0.02,False,False,False,True,False,False,False
1.3,2,14,0,0,0.04,False,False,False,True,False,False,False
1.6,2,15,0,0,0.02,False,True,False,False,False,False,False
1.4,2,16,0,0,0.06,False,True,False,False,False,False,False
2.4,2,11,0,0,0.04,False,True,False,False,False,False,False
1.5,2,12,0,0,0.02,False,False,False,True,False,False,False
2.1,2,13,0,0,0.01,False,False,False,True,False,False,False
1.6,2,14,0,0,0.04,False,False,False,True,False,False,False
1.2,2,15,0,0,0.04,False,False,False,True,False,False,False
0.5,2,16,0,0,0.04,False,False,False,True,False,False,False
-5.6,2,11,0,1,0.04,True,False,False,False,False,False,False
-4.2,2,12,0,0,0.01,False,False,True,False,False,False,False
-3.0,2,13,0,1,0.04,True,False,False,False,False,False,False
-1.9,2,14,0,0,0.05,False,False,True,False,False,False,False
-1.1,2,15,0,0,0.03,False,False,False,True,False,False,False
-0.7,2,16,0,0,0.07,False,False,False,True,False,False,False
0.8,2,11,1,0,0.03,False,False,False,False,False,False,True
1.1,2,12,1,0,0.02,False,False,False,False,False,False,True
1.8,2,13,1,0,0.02,False,False,False,False,False,False,True
2.1,2,14,1,0,0.05,False,False,False,False,False,True,False
2.6,2,15,1,0,0.09,False,True,False,False,False,False,False
3.0,2,16,1,0,0.07,False,False,False,False,False,True,False
3.4,2,11,1,0,0.03,False,True,False,False,False,False,False
2.8,2,12,1,0,0.06,False,True,False,False,False,False,False
3.4,2,13,1,0,0.07,False,True,False,False,False,False,False
2.3,2,14,1,0,0.09,False,True,False,False,False,False,False
1.4,2,15,1,0,0.02,False,False,False,False,False,False,True
0.5,2,16,1,0,0.01,False,False,False,False,False,False,True
-5.2,2,11,0,0,0.01,False,False,False,True,False,False,False
-5.3,2,12,0,0,0.03,False,False,False,True,False,False,False
-4.7,2,13,0,0,0.05,False,False,False,True,False,False,False
-4.5,2,14,0,0,0.04,False,False,False,True,False,False,False
-4.2,2,15,0,0,0.07,False,False,True,False,False,False,False
-4.1,2,16,0,0,0.07,False,False,True,False,False,False,False
-11.3,2,11,0,0,0.02,False,False,False,True,False,False,False
-10.4,2,12,0,0,0.0,False,False,False,True,False,False,False
-9.5,2,13,0,0,0.02,False,False,False,True,False,False,False
-8.8,2,14,0,0,0.02,False,False,False,True,False,False,False
-8.3,2,15,0,0,0.06,False,False,False,True,False,False,False
-8.3,2,16,0,0,0.06,False,False,False,False,True,False,False
-9.4,2,11,0,0,0.03,False,False,False,True,False,False,False
-8.4,2,12,0,0,0.04,False,False,False,True,False,False,False
-7.5,2,13,0,0,0.04,False,False,False,True,False,False,False
-6.5,2,14,0,0,0.03,False,False,False,True,False,False,False
-5.7,2,15,0,0,0.07,False,False,False,True,False,False,False
-5.4,2,16,0,0,0.03,False,False,False,True,False,False,False
-8.6,2,11,0,0,0.0,False,False,False,False,False,False,True
-7.9,2,12,0,0,0.04,False,False,False,False,False,False,True
-7.3,2,13,0,0,0.0,False,False,False,False,False,False,True
-6.7,2,14,0,0,0.04,False,False,False,False,False,False,True
-6.4,2,15,0,0,0.03,False,False,False,False,False,False,True
-6.4,2,16,0,0,0.03,False,False,False,False,False,False,True
-6.4,2,11,0,0,0.02,False,False,False,True,False,False,False
-6.0,2,12,0,0,0.0,False,False,False,True,False,False,False
-5.3,2,13,0,0,0.04,False,False,False,True,False,False,False
-4.8,2,14,0,0,0.05,False,False,False,True,False,False,False
-4.3,2,15,0,0,0.06,False,False,False,True,False,False,False
-4.0,2,16,0,0,0.06,False,False,False,True,False,False,False
-4.5,2,11,1,1,0.0,True,False,False,False,False,False,False
-3.0,2,12,1,0,0.05,False,False,False,False,True,False,False
-1.7,2,13,1,0,0.1,False,False,False,True,False,False,False
-0.5,2,14,1,0,0.1,False,False,False,True,False,False,False
0.5,2,15,1,0,0.18,False,False,True,False,False,False,False
1.2,2,16,1,1,0.19,True,False,False,False,False,False,False
0.2,2,11,1,0,0.03,False,False,True,False,False,False,False
2.0,2,12,1,0,0.07,False,False,False,True,False,False,False
3.3,2,13,1,0,0.12,False,False,False,True,False,False,False
4.1,2,14,1,0,0.13,False,False,False,True,False,False,False
4.6,2,15,1,0,0.1,False,False,False,True,False,False,False
4.6,2,16,1,0,0.12,False,False,False,True,False,False,False
4.6,2,11,0,0,0.04,False,False,False,True,False,False,False
6.7,2,12,0,0,0.03,False,False,False,True,False,False,False
7.8,2,13,0,0,0.02,False,False,False,True,False,False,False
8.9,2,14,0,0,0.04,False,False,False,True,False,False,False
9.9,2,15,0,0,0.05,False,False,False,True,False,False,False
10.5,2,16,0,0,0.1,False,False,False,True,False,False,False
5.0,2,11,0,0,0.02,False,True,False,False,False,False,False
6.3,2,12,0,1,0.04,True,False,False,False,False,False,False
10.3,2,13,0,0,0.09,False,False,False,False,True,False,False
11.5,2,14,0,0,0.06,False,False,False,False,True,False,False
11.8,2,15,0,0,0.1,False,False,False,True,False,False,False
12.2,2,16,0,0,0.08,False,False,False,True,False,False,False
5.3,2,11,0,0,0.04,False,False,False,True,False,False,False
8.0,2,12,0,0,0.04,False,False,False,True,False,False,False
9.4,2,13,0,0,0.06,False,False,False,True,False,False,False
9.9,2,14,0,0,0.03,False,False,False,True,False,False,False
10.3,2,15,0,0,0.08,False,False,False,True,False,False,False
9.2,2,16,0,0,0.07,False,True,False,False,False,False,False
7.5,2,11,0,0,0.01,False,False,False,True,False,False,False
7.7,2,12,0,0,0.03,False,False,False,True,False,False,False
7.9,2,13,0,0,0.02,False,False,False,True,False,False,False
7.9,2,14,0,0,0.03,False,False,False,True,False,False,False
7.6,2,15,0,0,0.07,False,True,False,False,False,False,False
7.9,2,16,0,0,0.07,False,True,False,False,False,False,False
3.2,2,11,0,0,0.01,False,False,False,True,False,False,False
4.5,2,12,0,0,0.0,False,False,False,True,False,False,False
5.9,2,13,0,0,0.02,False,False,False,True,False,False,False
7.0,2,14,0,0,0.06,False,False,False,True,False,False,False
8.0,2,15,0,0,0.07,False,False,False,True,False,False,False
8.7,2,16,0,0,0.06,False,False,False,True,False,False,False
0.7,3,11,1,0,0.03,False,False,False,False,False,False,True
-1.8,3,12,1,0,0.05,False,False,False,False,False,False,True
-1.4,3,13,1,0,0.16,False,False,False,True,False,False,False
-2.3,3,14,1,0,0.14,False,False,False,True,False,False,False
-2.3,3,15,1,0,0.15,False,False,False,True,False,False,False
-3.1,3,16,1,0,0.16,False,False,False,True,False,False,False
-4.0,3,17,1,0,0.14,False,False,False,True,False,False,False
-4.7,3,18,1,0,0.14,False,False,False,True,False,False,False
-5.7,3,11,1,0,0.06,False,False,False,True,False,False,False
-4.5,3,12,1,0,0.1,False,False,False,True,False,False,False
-3.1,3,13,1,0,0.14,False,False,False,True,False,False,False
-2.0,3,14,1,0,0.11,False,False,False,True,False,False,False
-1.2,3,15,1,0,0.16,False,False,False,True,False,False,False
-0.9,3,16,1,0,0.2,False,False,False,False,True,False,False
-0.6,3,17,1,1,0.23,True,False,False,False,False,False,False
-1.1,3,18,1,1,0.25,True,False,False,False,False,False,False
-1.0,3,11,0,1,0.03,True,False,False,False,False,False,False
0.6,3,12,0,1,0.02,True,False,False,False,False,False,False
1.9,3,13,0,1,0.06,True,False,False,False,False,False,False
3.0,3,14,0,1,0.06,True,False,False,False,False,False,False
3.7,3,15,0,1,0.11,True,False,False,False,False,False,False
4.3,3,16,0,1,0.11,True,False,False,False,False,False,False
4.5,3,17,0,1,0.12,True,False,False,False,False,False,False
4.2,3,18,0,0,0.06,False,False,False,True,False,False,False
9.0,3,11,0,0,0.03,False,False,False,True,False,False,False
11.8,3,12,0,0,0.04,False,False,False,True,False,False,False
13.9,3,13,0,0,0.1,False,False,False,True,False,False,False
15.3,3,14,0,0,0.11,False,False,False,True,False,False,False
16.2,3,15,0,1,0.19,True,False,False,False,False,False,False
16.7,3,16,0,1,0.2,True,False,False,False,False,False,False
16.9,3,17,0,1,0.18,True,False,False,False,False,False,False
15.7,3,18,0,1,0.18,True,False,False,False,False,False,False
12.7,3,11,0,0,0.04,False,True,False,False,False,False,False
11.8,3,12,0,0,0.02,False,False,False,False,False,True,False
12.2,3,13,0,0,0.03,False,False,False,False,False,True,False
13.0,3,14,0,0,0.04,False,True,False,False,False,False,False
14.1,3,15,0,0,0.07,False,False,False,False,False,True,False
16.0,3,16,0,0,0.07,False,True,False,False,False,False,False
15.4,3,17,0,0,0.07,False,True,False,False,False,False,False
15.5,3,18,0,0,0.19,False,False,True,False,False,False,False
0.1,3,11,0,0,0.0,False,False,False,True,False,False,False
-0.3,3,12,0,0,0.01,False,False,False,True,False,False,False
-0.1,3,13,0,0,0.04,False,False,False,True,False,False,False
0.1,3,14,0,0,0.04,False,False,False,True,False,False,False
0.3,3,15,0,0,0.08,False,False,False,True,False,False,False
0.8,3,16,0,0,0.08,False,False,False,True,False,False,False
0.8,3,17,0,0,0.06,False,False,False,True,False,False,False
0.9,3,18,0,0,0.09,False,False,False,True,False,False,False
2.8,3,11,0,1,0.01,True,False,False,False,False,False,False
4.5,3,12,0,1,0.02,True,False,False,False,False,False,False
6.2,3,13,0,0,0.08,False,False,False,False,True,False,False
7.3,3,14,0,0,0.11,False,False,True,False,False,False,False
7.6,3,15,0,0,0.11,False,False,False,True,False,False,False
7.4,3,16,0,0,0.1,False,False,False,True,False,False,False
6.2,3,17,0,0,0.09,False,False,False,True,False,False,False
4.8,3,18,0,0,0.07,False,True,False,False,False,False,False
0.3,3,11,1,0,0.06,False,False,False,True,False,False,False
0.2,3,12,1,0,0.07,False,False,False,True,False,False,False
-0.5,3,13,1,0,0.13,False,False,False,True,False,False,False
-0.2,3,14,1,0,0.11,False,False,False,True,False,False,False
0.4,3,15,1,0,0.22,False,False,False,False,True,False,False
1.2,3,16,1,0,0.23,False,False,False,False,True,False,False
1.5,3,17,1,0,0.24,False,False,True,False,False,False,False
1.0,3,18,1,1,0.26,True,False,False,False,False,False,False
5.0,3,11,1,0,0.09,False,False,True,False,False,False,False
7.0,3,12,1,1,0.16,True,False,False,False,False,False,False
8.6,3,13,1,1,0.22,True,False,False,False,False,False,False
9.7,3,14,1,1,0.24,True,False,False,False,False,False,False
10.5,3,15,1,1,0.31,True,False,False,False,False,False,False
11.0,3,16,1,1,0.33,True,False,False,False,False,False,False
10.6,3,17,1,1,0.33,True,False,False,False,False,False,False
9.9,3,18,1,1,0.25,True,False,False,False,False,False,False
8.7,3,11,0,1,0.04,True,False,False,False,False,False,False
11.1,3,12,0,1,0.05,True,False,False,False,False,False,False
13.0,3,13,0,1,0.14,True,False,False,False,False,False,False
14.3,3,14,0,1,0.16,True,False,False,False,False,False,False
15.2,3,15,0,1,0.17,True,False,False,False,False,False,False
15.5,3,16,0,1,0.18,True,False,False,False,False,False,False
15.3,3,17,0,1,0.19,True,False,False,False,False,False,False
14.6,3,18,0,1,0.16,True,False,False,False,False,False,False
12.4,3,11,0,1,0.03,True,False,False,False,False,False,False
14.9,3,12,0,1,0.05,True,False,False,False,False,False,False
16.5,3,13,0,1,0.14,True,False,False,False,False,False,False
17.7,3,14,0,1,0.18,True,False,False,False,False,False,False
18.6,3,15,0,1,0.27,True,False,False,False,False,False,False
19.0,3,16,0,0,0.22,False,False,True,False,False,False,False
19.1,3,17,0,0,0.2,False,False,True,False,False,False,False
18.1,3,18,0,1,0.22,True,False,False,False,False,False,False
9.7,3,11,0,1,0.03,True,False,False,False,False,False,False
12.5,3,12,0,1,0.08,True,False,False,False,False,False,False
14.4,3,13,0,1,0.12,True,False,False,False,False,False,False
16.2,3,14,0,1,0.14,True,False,False,False,False,False,False
17.4,3,15,0,1,0.25,True,False,False,False,False,False,False
18.7,3,16,0,1,0.23,True,False,False,False,False,False,False
19.6,3,17,0,1,0.27,True,False,False,False,False,False,False
19.0,3,18,0,1,0.26,True,False,False,False,False,False,False
11.9,3,11,0,1,0.03,True,False,False,False,False,False,False
14.7,3,12,0,1,0.07,True,False,False,False,False,False,False
16.8,3,13,0,0,0.16,False,False,True,False,False,False,False
18.2,3,14,0,0,0.16,False,False,False,False,True,False,False
19.1,3,15,0,0,0.19,False,False,False,False,True,False,False
19.5,3,16,0,0,0.23,False,False,True,False,False,False,False
19.5,3,17,0,1,0.25,True,False,False,False,False,False,False
18.9,3,18,0,1,0.23,True,False,False,False,False,False,False
13.5,3,11,0,0,0.03,False,False,True,False,False,False,False
16.8,3,12,0,0,0.06,False,False,False,False,True,False,False
19.4,3,13,0,0,0.19,False,False,True,False,False,False,False
21.2,3,14,0,0,0.2,False,False,True,False,False,False,False
22.3,3,15,0,0,0.2,False,False,False,True,False,False,False
22.9,3,16,0,0,0.22,False,False,False,True,False,False,False
23.1,3,17,0,0,0.27,False,False,False,False,True,False,False
22.0,3,18,0,0,0.21,False,False,False,True,False,False,False
17.1,3,11,1,0,0.15,False,False,False,True,False,False,False
18.9,3,12,1,0,0.15,False,False,False,True,False,False,False
19.3,3,13,1,0,0.23,False,False,False,True,False,False,False
21.6,3,14,1,0,0.21,False,False,False,True,False,False,False
21.4,3,15,1,0,0.25,False,False,False,True,False,False,False
21.6,3,16,1,0,0.23,False,False,False,True,False,False,False
22.0,3,17,1,0,0.29,False,False,False,True,False,False,False
19.6,3,18,1,0,0.16,False,True,False,False,False,False,False
16.5,3,11,1,0,0.05,False,True,False,False,False,False,False
16.8,3,12,1,0,0.07,False,True,False,False,False,False,False
18.2,3,13,1,0,0.07,False,False,False,False,False,True,False
17.2,3,14,1,0,0.14,False,True,False,False,False,False,False
18.1,3,15,1,0,0.35,False,False,True,False,False,False,False
19.3,3,16,1,0,0.34,False,False,True,False,False,False,False
17.2,3,17,1,0,0.15,False,True,False,False,False,False,False
16.9,3,18,1,1,0.3,True,False,False,False,False,False,False
2.2,3,11,0,0,0.04,False,False,False,True,False,False,False
2.3,3,12,0,0,0.0,False,False,False,True,False,False,False
3.1,3,13,0,0,0.04,False,False,False,True,False,False,False
4.0,3,14,0,0,0.08,False,False,False,False,True,False,False
4.7,3,15,0,1,0.14,True,False,False,False,False,False,False
5.5,3,16,0,1,0.15,True,False,False,False,False,False,False
5.9,3,17,0,1,0.16,True,False,False,False,False,False,False
5.5,3,18,0,1,0.16,True,False,False,False,False,False,False
7.5,3,11,0,1,0.01,True,False,False,False,False,False,False
10.4,3,12,0,1,0.06,True,False,False,False,False,False,False
12.9,3,13,0,1,0.14,True,False,False,False,False,False,False
14.9,3,14,0,1,0.16,True,False,False,False,False,False,False
16.3,3,15,0,1,0.18,True,False,False,False,False,False,False
17.1,3,16,0,1,0.25,True,False,False,False,False,False,False
17.4,3,17,0,0,0.22,False,False,True,False,False,False,False
16.8,3,18,0,1,0.18,True,False,False,False,False,False,False
16.4,3,11,0,0,0.05,False,False,False,True,False,False,False
19.1,3,12,0,0,0.11,False,False,False,True,False,False,False
20.4,3,13,0,0,0.11,False,False,False,True,False,False,False
22.7,3,14,0,0,0.2,False,False,False,True,False,False,False
23.1,3,15,0,0,0.21,False,False,False,True,False,False,False
23.0,3,16,0,0,0.18,False,False,False,True,False,False,False
22.8,3,17,0,0,0.17,False,False,False,True,False,False,False
21.6,3,18,0,0,0.13,False,False,False,True,False,False,False
9.7,3,11,0,0,0.04,False,False,False,False,False,True,False
10.5,3,12,0,0,0.02,False,True,False,False,False,False,False
9.8,3,13,0,0,0.03,False,True,False,False,False,False,False
12.9,3,14,0,0,0.15,False,False,True,False,False,False,False
13.6,3,15,0,0,0.1,False,False,False,True,False,False,False
11.5,3,16,0,0,0.12,False,False,False,True,False,False,False
11.0,3,17,0,0,0.14,False,False,False,True,False,False,False
7.4,3,18,0,0,0.1,False,False,False,True,False,False,False
3.4,3,11,0,1,0.03,True,False,False,False,False,False,False
5.1,3,12,0,1,0.0,True,False,False,False,False,False,False
6.7,3,13,0,0,0.11,False,False,False,False,True,False,False
8.1,3,14,0,0,0.11,False,False,True,False,False,False,False
9.2,3,15,0,0,0.13,False,False,False,False,True,False,False
10.0,3,16,0,0,0.14,False,False,False,True,False,False,False
10.2,3,17,0,1,0.16,True,False,False,False,False,False,False
10.1,3,18,0,0,0.16,False,False,True,False,False,False,False
7.5,3,11,1,0,0.04,False,True,False,False,False,False,False
10.3,3,12,1,0,0.14,False,False,False,False,True,False,False
10.1,3,13,1,0,0.11,False,True,False,False,False,False,False
9.0,3,14,1,0,0.11,False,True,False,False,False,False,False
6.8,3,15,1,0,0.13,False,True,False,False,False,False,False
8.5,3,16,1,0,0.2,False,False,False,True,False,False,False
7.2,3,17,1,0,0.18,False,False,False,True,False,False,False
6.0,3,18,1,0,0.21,False,False,False,False,True,False,False
2.1,3,11,1,0,0.05,False,False,False,True,False,False,False
3.7,3,12,1,0,0.1,False,False,False,True,False,False,False
5.1,3,13,1,0,0.13,False,False,False,True,False,False,False
6.6,3,14,1,0,0.15,False,False,False,True,False,False,False
7.6,3,15,1,0,0.19,False,False,False,True,False,False,False
7.2,3,16,1,0,0.15,False,False,False,True,False,False,False
7.5,3,17,1,0,0.15,False,False,False,True,False,False,False
6.9,3,18,1,0,0.2,False,False,False,True,False,False,False
8.5,3,11,0,1,0.01,True,False,False,False,False,False,False
10.1,3,12,0,1,0.09,True,False,False,False,False,False,False
11.4,3,13,0,0,0.11,False,False,False,False,True,False,False
12.1,3,14,0,0,0.08,False,False,False,True,False,False,False
11.8,3,15,0,1,0.2,True,False,False,False,False,False,False
12.7,3,16,0,0,0.17,False,False,True,False,False,False,False
11.7,3,17,0,0,0.06,False,True,False,False,False,False,False
11.0,3,18,0,0,0.15,False,False,True,False,False,False,False
6.5,3,11,0,0,0.02,False,False,False,True,False,False,False
7.9,3,12,0,0,0.02,False,False,False,True,False,False,False
8.6,3,13,0,0,0.05,False,False,False,True,False,False,False
9.5,3,14,0,0,0.05,False,False,False,True,False,False,False
10.0,3,15,0,0,0.15,False,False,False,False,True,False,False
10.3,3,16,0,0,0.14,False,False,False,True,False,False,False
9.8,3,17,0,0,0.08,False,False,False,True,False,False,False
9.4,3,18,0,0,0.08,False,False,False,True,False,False,False
2.0,3,11,0,0,0.0,False,False,False,True,False,False,False
2.1,3,12,0,0,0.01,False,False,False,True,False,False,False
2.8,3,13,0,0,0.04,False,False,False,True,False,False,False
3.5,3,14,0,0,0.08,False,False,False,True,False,False,False
4.2,3,15,0,0,0.07,False,False,False,True,False,False,False
4.9,3,16,0,0,0.06,False,False,False,True,False,False,False
5.0,3,17,0,0,0.11,False,False,False,True,False,False,False
5.2,3,18,0,0,0.11,False,False,False,True,False,False,False
5.9,3,11,0,1,0.01,True,False,False,False,False,False,False
8.0,3,12,0,1,0.03,True,False,False,False,False,False,False
9.7,3,13,0,1,0.11,True,False,False,False,False,False,False
11.1,3,14,0,1,0.13,True,False,False,False,False,False,False
12.6,3,15,0,0,0.12,False,False,False,True,False,False,False
12.9,3,16,0,0,0.11,False,False,False,True,False,False,False
13.1,3,17,0,0,0.14,False,False,False,False,True,False,False
12.9,3,18,0,0,0.14,False,False,False,False,True,False,False
13.0,3,11,0,0,0.01,False,False,False,True,False,False,False
16.9,3,12,0,0,0.05,False,False,False,True,False,False,False
19.9,3,13,0,0,0.12,False,False,False,True,False,False,False
17.0,3,14,0,0,0.08,False,True,False,False,False,False,False
15.0,3,15,0,0,0.08,False,True,False,False,False,False,False
15.2,3,16,0,0,0.07,False,False,False,False,False,True,False
14.0,3,17,0,0,0.03,False,False,False,False,False,True,False
15.0,3,18,0,0,0.1,False,True,False,False,False,False,False
19.7,3,11,1,0,0.12,False,False,False,True,False,False,False
20.3,3,12,1,0,0.17,False,False,False,True,False,False,False
22.5,3,13,1,0,0.3,False,False,False,False,True,False,False
22.2,3,14,1,0,0.34,False,False,False,False,True,False,False
21.7,3,15,1,0,0.23,False,False,False,True,False,False,False
22.5,3,16,1,0,0.28,False,False,False,True,False,False,False
22.7,3,17,1,0,0.27,False,False,False,True,False,False,False
22.2,3,18,1,0,0.28,False,False,False,True,False,False,False
20.1,3,11,1,0,0.13,False,False,False,True,False,False,False
20.3,3,12,1,0,0.17,False,False,False,True,False,False,False
16.6,3,13,1,0,0.13,False,True,False,False,False,False,False
15.9,3,14,1,0,0.12,False,True,False,False,False,False,False
17.5,3,15,1,0,0.15,False,True,False,False,False,False,False
18.6,3,16,1,0,0.16,False,True,False,False,False,False,False
20.7,3,17,1,0,0.23,False,False,False,True,False,False,False
20.6,3,18,1,0,0.34,False,False,True,False,False,False,False
15.5,3,11,0,0,0.04,False,True,False,False,False,False,False
17.1,3,12,0,0,0.07,False,True,False,False,False,False,False
16.7,3,13,0,0,0.11,False,False,False,True,False,False,False
15.7,3,14,0,0,0.1,False,False,False,True,False,False,False
13.9,3,15,0,0,0.1,False,False,False,True,False,False,False
14.1,3,16,0,0,0.1,False,False,False,True,False,False,False
14.0,3,17,0,0,0.13,False,False,False,True,False,False,False
11.7,3,18,0,0,0.14,False,False,False,True,False,False,False
2.6,4,11,0,0,0.02,False,False,False,True,False,False,False
3.8,4,12,0,0,0.09,False,False,False,False,True,False,False
5.4,4,13,0,1,0.23,True,False,False,False,False,False,False
6.8,4,14,0,1,0.19,True,False,False,False,False,False,False
7.6,4,15,0,1,0.26,True,False,False,False,False,False,False
8.0,4,16,0,1,0.25,True,False,False,False,False,False,False
8.2,4,17,0,1,0.26,True,False,False,False,False,False,False
8.1,4,18,0,0,0.23,False,False,True,False,False,False,False
11.3,4,11,0,0,0.06,False,False,False,True,False,False,False
13.1,4,12,0,0,0.09,False,False,False,True,False,False,False
13.3,4,13,0,0,0.17,False,False,False,True,False,False,False
13.8,4,14,0,0,0.08,False,False,False,False,False,True,False
12.6,4,15,0,0,0.08,False,False,False,False,False,True,False
16.1,4,16,0,0,0.2,False,False,False,True,False,False,False
16.1,4,17,0,0,0.09,False,False,False,False,False,True,False
16.7,4,18,0,0,0.18,False,False,False,True,False,False,False
18.8,4,11,0,0,0.09,False,False,False,True,False,False,False
20.9,4,12,0,0,0.16,False,False,False,True,False,False,False
21.0,4,13,0,0,0.17,False,False,False,True,False,False,False
21.5,4,14,0,0,0.2,False,False,False,True,False,False,False
22.4,4,15,0,0,0.25,False,False,False,True,False,False,False
22.6,4,16,0,0,0.28,False,False,False,True,False,False,False
21.3,4,17,0,0,0.24,False,False,False,True,False,False,False
20.6,4,18,0,0,0.2,False,False,False,True,False,False,False
10.9,4,11,0,0,0.09,False,False,False,True,False,False,False
12.2,4,12,0,0,0.12,False,False,False,True,False,False,False
13.2,4,13,0,0,0.17,False,False,False,True,False,False,False
14.1,4,14,0,0,0.13,False,False,False,True,False,False,False
15.1,4,15,0,0,0.17,False,False,False,True,False,False,False
15.2,4,16,0,0,0.21,False,False,False,True,False,False,False
15.4,4,17,0,0,0.2,False,False,False,True,False,False,False
15.3,4,18,0,0,0.1,False,True,False,False,False,False,False
19.9,4,11,1,0,0.12,False,True,False,False,False,False,False
21.0,4,12,1,0,0.23,False,False,False,True,False,False,False
21.9,4,13,1,0,0.29,False,False,False,True,False,False,False
22.7,4,14,1,0,0.3,False,False,False,True,False,False,False
20.8,4,15,1,0,0.21,False,True,False,False,False,False,False
18.9,4,16,1,0,0.17,False,True,False,False,False,False,False
17.8,4,17,1,0,0.2,False,True,False,False,False,False,False
17.4,4,18,1,0,0.16,False,True,False,False,False,False,False
5.2,4,11,1,0,0.1,False,True,False,False,False,False,False
5.4,4,12,1,0,0.12,False,True,False,False,False,False,False
5.2,4,13,1,0,0.13,False,True,False,False,False,False,False
4.8,4,14,1,0,0.1,False,True,False,False,False,False,False
4.5,4,15,1,0,0.16,False,True,False,False,False,False,False
4.2,4,16,1,0,0.16,False,True,False,False,False,False,False
4.1,4,17,1,0,0.12,False,True,False,False,False,False,False
4.0,4,18,1,0,0.12,False,True,False,False,False,False,False
4.4,4,11,0,0,0.05,False,False,False,True,False,False,False
6.9,4,12,0,0,0.1,False,False,False,True,False,False,False
8.3,4,13,0,0,0.12,False,False,False,True,False,False,False
9.4,4,14,0,0,0.19,False,False,True,False,False,False,False
11.1,4,15,0,0,0.19,False,False,False,True,False,False,False
11.7,4,16,0,0,0.28,False,False,True,False,False,False,False
12.0,4,17,0,0,0.23,False,False,False,False,True,False,False
12.0,4,18,0,0,0.18,False,False,False,True,False,False,False
-0.9,4,11,0,0,0.03,False,False,False,True,False,False,False
-0.3,4,12,0,0,0.08,False,False,False,True,False,False,False
0.5,4,13,0,0,0.13,False,False,False,True,False,False,False
1.0,4,14,0,0,0.14,False,False,False,False,True,False,False
1.4,4,15,0,0,0.17,False,False,False,False,True,False,False
2.1,4,16,0,0,0.19,False,False,False,False,True,False,False
2.2,4,17,0,0,0.2,False,False,False,False,True,False,False
2.1,4,18,0,0,0.19,False,False,True,False,False,False,False
3.7,4,11,0,1,0.03,True,False,False,False,False,False,False
5.0,4,12,0,1,0.13,True,False,False,False,False,False,False
6.1,4,13,0,0,0.14,False,False,False,True,False,False,False
6.9,4,14,0,0,0.14,False,False,False,True,False,False,False
7.5,4,15,0,0,0.17,False,False,False,True,False,False,False
8.0,4,16,0,0,0.13,False,False,False,True,False,False,False
7.4,4,17,0,0,0.16,False,False,False,True,False,False,False
7.5,4,18,0,0,0.15,False,False,False,True,False,False,False
8.5,4,11,0,0,0.07,False,True,False,False,False,False,False
8.2,4,12,0,0,0.08,False,True,False,False,False,False,False
8.5,4,13,0,0,0.09,False,True,False,False,False,False,False
9.0,4,14,0,0,0.07,False,True,False,False,False,False,False
9.6,4,15,0,0,0.12,False,True,False,False,False,False,False
9.7,4,16,0,0,0.16,False,False,False,True,False,False,False
10.5,4,17,0,0,0.14,False,True,False,False,False,False,False
10.5,4,18,0,0,0.13,False,True,False,False,False,False,False
4.9,4,11,0,0,0.03,False,False,False,True,False,False,False
6.3,4,12,0,0,0.1,False,False,False,True,False,False,False
7.6,4,13,0,0,0.12,False,False,False,True,False,False,False
8.9,4,14,0,0,0.13,False,False,False,True,False,False,False
9.6,4,15,0,0,0.18,False,False,False,True,False,False,False
10.2,4,16,0,0,0.2,False,False,False,True,False,False,False
10.1,4,17,0,0,0.2,False,False,False,True,False,False,False
9.4,4,18,0,0,0.16,False,False,False,True,False,False,False
5.7,4,11,1,0,0.15,False,False,False,True,False,False,False
5.9,4,12,1,0,0.1,False,True,False,False,False,False,False
6.8,4,13,1,0,0.13,False,True,False,False,False,False,False
7.5,4,14,1,0,0.23,False,False,False,True,False,False,False
8.8,4,15,1,0,0.23,False,False,False,True,False,False,False
9.7,4,16,1,0,0.32,False,False,False,False,True,False,False
9.8,4,17,1,0,0.24,False,False,False,True,False,False,False
8.8,4,18,1,0,0.25,False,False,False,True,False,False,False
9.7,4,11,1,1,0.22,True,False,False,False,False,False,False
11.3,4,12,1,1,0.31,True,False,False,False,False,False,False
12.4,4,13,1,0,0.26,False,False,False,True,False,False,False
13.3,4,14,1,0,0.24,False,False,False,True,False,False,False
14.0,4,15,1,0,0.37,False,False,True,False,False,False,False
14.5,4,16,1,0,0.28,False,False,False,True,False,False,False
14.8,4,17,1,0,0.35,False,False,False,False,True,False,False
14.5,4,18,1,0,0.35,False,False,False,False,True,False,False
17.4,4,11,0,0,0.09,False,False,False,True,False,False,False
19.0,4,12,0,0,0.13,False,False,False,True,False,False,False
19.6,4,13,0,0,0.18,False,False,False,True,False,False,False
20.8,4,14,0,0,0.19,False,False,False,True,False,False,False
21.0,4,15,0,0,0.22,False,False,False,True,False,False,False
20.9,4,16,0,0,0.24,False,False,False,True,False,False,False
21.8,4,17,0,0,0.2,False,False,False,True,False,False,False
21.7,4,18,0,0,0.21,False,False,False,True,False,False,False
9.8,4,11,0,0,0.02,False,False,False,False,False,True,False
11.8,4,12,0,0,0.06,False,True,False,False,False,False,False
11.0,4,13,0,0,0.12,False,True,False,False,False,False,False
10.8,4,14,0,0,0.04,False,False,False,False,False,False,True
9.3,4,15,0,0,0.12,False,True,False,False,False,False,False
8.3,4,16,0,0,0.11,False,True,False,False,False,False,False
7.4,4,17,0,0,0.18,False,False,False,True,False,False,False
6.7,4,18,0,0,0.12,False,True,False,False,False,False,False
5.7,4,11,0,0,0.07,False,False,False,False,True,False,False
7.2,4,12,0,0,0.09,False,False,False,True,False,False,False
7.9,4,13,0,0,0.13,False,False,False,True,False,False,False
8.8,4,14,0,0,0.14,False,False,False,True,False,False,False
9.0,4,15,0,0,0.2,False,False,False,False,True,False,False
9.3,4,16,0,0,0.22,False,False,False,False,True,False,False
9.1,4,17,0,0,0.19,False,False,False,False,True,False,False
8.4,4,18,0,0,0.24,False,False,True,False,False,False,False
9.5,4,11,0,1,0.06,True,False,False,False,False,False,False
10.8,4,12,0,1,0.19,True,False,False,False,False,False,False
11.8,4,13,0,1,0.27,True,False,False,False,False,False,False
12.7,4,14,0,1,0.25,True,False,False,False,False,False,False
13.4,4,15,0,1,0.28,True,False,False,False,False,False,False
13.9,4,16,0,1,0.3,True,False,False,False,False,False,False
14.2,4,17,0,1,0.28,True,False,False,False,False,False,False
14.1,4,18,0,0,0.16,False,False,False,True,False,False,False
19.4,4,11,0,0,0.1,False,False,False,True,False,False,False
21.7,4,12,0,0,0.14,False,False,False,True,False,False,False
23.4,4,13,0,0,0.23,False,False,False,True,False,False,False
24.2,4,14,0,0,0.33,False,False,True,False,False,False,False
24.9,4,15,0,0,0.38,False,False,True,False,False,False,False
25.1,4,16,0,1,0.41,True,False,False,False,False,False,False
25.0,4,17,0,1,0.4,True,False,False,False,False,False,False
24.3,4,18,0,0,0.33,False,False,False,False,True,False,False
22.4,4,11,1,0,0.16,False,True,False,False,False,False,False
24.3,4,12,1,0,0.38,False,False,True,False,False,False,False
25.8,4,13,1,0,0.41,False,False,False,False,True,False,False
26.0,4,14,1,0,0.3,False,False,False,True,False,False,False
26.0,4,15,1,0,0.21,False,True,False,False,False,False,False
25.5,4,16,1,0,0.23,False,True,False,False,False,False,False
24.8,4,17,1,0,0.32,False,False,False,True,False,False,False
22.0,4,18,1,0,0.2,False,True,False,False,False,False,False
12.9,4,11,1,0,0.13,False,False,False,True,False,False,False
14.3,4,12,1,0,0.2,False,False,False,True,False,False,False
15.6,4,13,1,0,0.23,False,False,False,True,False,False,False
16.6,4,14,1,0,0.24,False,False,False,True,False,False,False
17.5,4,15,1,0,0.27,False,False,False,True,False,False,False
18.1,4,16,1,0,0.28,False,False,False,True,False,False,False
18.3,4,17,1,0,0.31,False,False,False,True,False,False,False
18.0,4,18,1,0,0.29,False,False,False,True,False,False,False
23.4,4,11,0,0,0.1,False,True,False,False,False,False,False
24.2,4,12,0,0,0.1,False,True,False,False,False,False,False
23.7,4,13,0,0,0.24,False,False,False,True,False,False,False
23.6,4,14,0,0,0.1,False,False,False,False,False,True,False
20.0,4,15,0,0,0.15,False,True,False,False,False,False,False
20.2,4,16,0,0,0.15,False,True,False,False,False,False,False
20.0,4,17,0,0,0.23,False,False,False,True,False,False,False
19.6,4,18,0,0,0.2,False,False,False,True,False,False,False
13.6,4,11,0,0,0.1,False,False,False,True,False,False,False
15.3,4,12,0,0,0.09,False,False,False,True,False,False,False
16.6,4,13,0,0,0.14,False,False,False,True,False,False,False
17.9,4,14,0,0,0.19,False,False,False,True,False,False,False
18.7,4,15,0,0,0.2,False,False,False,True,False,False,False
19.0,4,16,0,0,0.24,False,False,False,True,False,False,False
19.1,4,17,0,0,0.19,False,False,False,True,False,False,False
18.8,4,18,0,0,0.22,False,False,False,True,False,False,False
17.9,4,11,0,1,0.19,True,False,False,False,False,False,False
19.5,4,12,0,1,0.25,True,False,False,False,False,False,False
20.9,4,13,0,1,0.29,True,False,False,False,False,False,False
22.0,4,14,0,1,0.39,True,False,False,False,False,False,False
22.7,4,15,0,1,0.4,True,False,False,False,False,False,False
23.1,4,16,0,1,0.43,True,False,False,False,False,False,False
23.1,4,17,0,1,0.42,True,False,False,False,False,False,False
22.8,4,18,0,1,0.4,True,False,False,False,False,False,False
21.3,4,11,0,1,0.17,True,False,False,False,False,False,False
23.3,4,12,0,1,0.28,True,False,False,False,False,False,False
24.9,4,13,0,1,0.39,True,False,False,False,False,False,False
25.8,4,14,0,1,0.38,True,False,False,False,False,False,False
26.5,4,15,0,1,0.43,True,False,False,False,False,False,False
26.6,4,16,0,0,0.36,False,False,True,False,False,False,False
26.4,4,17,0,0,0.36,False,False,False,False,True,False,False
26.5,4,18,0,0,0.36,False,False,False,False,True,False,False
16.9,4,11,0,0,0.03,False,False,False,False,False,True,False
16.2,4,12,0,0,0.04,False,False,False,False,False,True,False
19.7,4,13,0,0,0.12,False,True,False,False,False,False,False
20.0,4,14,0,0,0.06,False,False,False,False,False,True,False
21.1,4,15,0,0,0.13,False,True,False,False,False,False,False
20.6,4,16,0,0,0.11,False,False,False,False,False,True,False
21.8,4,17,0,0,0.15,False,True,False,False,False,False,False
19.9,4,18,0,0,0.07,False,False,False,False,False,True,False
11.7,4,11,1,0,0.15,False,False,False,True,False,False,False
12.2,4,12,1,0,0.21,False,False,False,True,False,False,False
12.3,4,13,1,0,0.24,False,False,False,True,False,False,False
12.6,4,14,1,0,0.23,False,False,False,True,False,False,False
13.1,4,15,1,0,0.24,False,False,False,True,False,False,False
12.7,4,16,1,0,0.24,False,False,False,True,False,False,False
11.9,4,17,1,0,0.24,False,False,False,True,False,False,False
10.4,4,18,1,0,0.26,False,False,False,True,False,False,False
11.4,4,11,1,1,0.27,True,False,False,False,False,False,False
12.9,4,12,1,1,0.29,True,False,False,False,False,False,False
14.1,4,13,1,1,0.38,True,False,False,False,False,False,False
15.0,4,14,1,1,0.39,True,False,False,False,False,False,False
15.5,4,15,1,1,0.42,True,False,False,False,False,False,False
15.8,4,16,1,1,0.43,True,False,False,False,False,False,False
15.7,4,17,1,1,0.39,True,False,False,False,False,False,False
15.2,4,18,1,1,0.42,True,False,False,False,False,False,False
16.7,4,11,0,1,0.1,True,False,False,False,False,False,False
18.5,4,12,0,1,0.23,True,False,False,False,False,False,False
19.9,4,13,0,1,0.29,True,False,False,False,False,False,False
21.0,4,14,0,1,0.32,True,False,False,False,False,False,False
22.0,4,15,0,1,0.42,True,False,False,False,False,False,False
22.7,4,16,0,1,0.41,True,False,False,False,False,False,False
22.9,4,17,0,1,0.4,True,False,False,False,False,False,False
22.5,4,18,0,1,0.44,True,False,False,False,False,False,False
23.2,4,11,0,0,0.18,False,False,False,True,False,False,False
22.3,4,12,0,0,0.23,False,False,False,False,True,False,False
25.9,4,13,0,0,0.32,False,False,True,False,False,False,False
26.9,4,14,0,0,0.28,False,False,False,False,True,False,False
26.8,4,15,0,0,0.27,False,False,False,True,False,False,False
26.7,4,16,0,0,0.14,False,True,False,False,False,False,False
26.0,4,17,0,0,0.27,False,False,False,True,False,False,False
24.7,4,18,0,0,0.27,False,False,False,True,False,False,False
14.0,4,11,0,1,0.13,True,False,False,False,False,False,False
15.8,4,12,0,0,0.15,False,False,False,False,True,False,False
17.4,4,13,0,0,0.22,False,False,False,True,False,False,False
18.7,4,14,0,0,0.21,False,False,False,True,False,False,False
19.5,4,15,0,0,0.28,False,False,False,False,True,False,False
19.9,4,16,0,1,0.34,True,False,False,False,False,False,False
20.0,4,17,0,1,0.33,True,False,False,False,False,False,False
19.7,4,18,0,0,0.19,False,False,False,True,False,False,False
21.3,5,11,0,0,0.29,False,False,False,False,True,False,False
25.1,5,12,0,0,0.26,False,False,False,True,False,False,False
27.5,5,13,0,0,0.33,False,False,False,True,False,False,False
23.0,5,14,0,0,0.12,False,False,False,False,False,True,False
19.1,5,15,0,0,0.12,False,False,False,False,False,True,False
21.6,5,16,0,0,0.28,False,False,False,True,False,False,False
22.0,5,17,0,0,0.21,False,True,False,False,False,False,False
22.0,5,18,0,0,0.21,False,True,False,False,False,False,False
19.8,5,11,0,0,0.11,False,True,False,False,False,False,False
21.8,5,12,0,0,0.35,False,False,True,False,False,False,False
23.1,5,13,0,0,0.18,False,True,False,False,False,False,False
23.6,5,14,0,0,0.2,False,True,False,False,False,False,False
21.8,5,15,0,0,0.19,False,True,False,False,False,False,False
23.7,5,16,0,0,0.22,False,True,False,False,False,False,False
24.5,5,17,0,0,0.36,False,False,False,True,False,False,False
18.5,5,18,0,0,0.12,False,False,False,False,False,True,False
17.7,5,11,1,0,0.17,False,True,False,False,False,False,False
18.5,5,12,1,0,0.18,False,True,False,False,False,False,False
18.9,5,13,1,0,0.22,False,True,False,False,False,False,False
18.3,5,14,1,0,0.22,False,True,False,False,False,False,False
16.3,5,15,1,0,0.13,False,False,False,False,False,True,False
18.4,5,16,1,0,0.23,False,True,False,False,False,False,False
19.4,5,17,1,0,0.22,False,True,False,False,False,False,False
19.8,5,18,1,0,0.24,False,True,False,False,False,False,False
17.4,5,11,1,0,0.09,False,False,False,False,False,True,False
16.1,5,12,1,0,0.13,False,False,False,False,False,True,False
17.7,5,13,1,0,0.24,False,True,False,False,False,False,False
19.6,5,14,1,0,0.46,False,False,False,False,True,False,False
21.1,5,15,1,0,0.25,False,True,False,False,False,False,False
21.4,5,16,1,0,0.55,False,False,True,False,False,False,False
21.3,5,17,1,0,0.59,False,False,True,False,False,False,False
20.7,5,18,1,0,0.36,False,False,False,True,False,False,False
17.8,5,11,0,0,0.26,False,False,False,False,True,False,False
19.8,5,12,0,0,0.12,False,True,False,False,False,False,False
21.0,5,13,0,0,0.16,False,True,False,False,False,False,False
21.8,5,14,0,0,0.37,False,False,False,False,True,False,False
21.5,5,15,0,0,0.41,False,False,False,False,True,False,False
20.7,5,16,0,0,0.18,False,True,False,False,False,False,False
20.7,5,17,0,0,0.42,False,False,False,False,True,False,False
20.3,5,18,0,0,0.31,False,False,False,True,False,False,False
14.7,5,11,0,0,0.16,False,False,False,True,False,False,False
15.5,5,12,0,0,0.1,False,True,False,False,False,False,False
16.2,5,13,0,0,0.15,False,True,False,False,False,False,False
14.0,5,14,0,0,0.17,False,True,False,False,False,False,False
16.6,5,15,0,0,0.19,False,True,False,False,False,False,False
15.0,5,16,0,0,0.16,False,True,False,False,False,False,False
13.3,5,17,0,0,0.16,False,True,False,False,False,False,False
13.1,5,18,0,0,0.18,False,True,False,False,False,False,False
16.1,5,11,0,0,0.12,False,True,False,False,False,False,False
17.1,5,12,0,0,0.14,False,True,False,False,False,False,False
18.4,5,13,0,0,0.29,False,False,False,True,False,False,False
19.0,5,14,0,0,0.27,False,False,False,True,False,False,False
19.6,5,15,0,0,0.42,False,False,False,False,True,False,False
20.0,5,16,0,0,0.29,False,False,False,True,False,False,False
20.4,5,17,0,0,0.29,False,False,False,True,False,False,False
20.2,5,18,0,0,0.29,False,False,False,True,False,False,False
18.2,5,11,0,0,0.3,False,False,True,False,False,False,False
19.1,5,12,0,0,0.33,False,False,True,False,False,False,False
19.9,5,13,0,0,0.39,False,False,True,False,False,False,False
20.5,5,14,0,0,0.39,False,False,False,False,True,False,False
19.7,5,15,0,0,0.46,False,False,True,False,False,False,False
18.6,5,16,0,0,0.4,False,False,False,False,True,False,False
18.4,5,17,0,0,0.3,False,False,False,True,False,False,False
18.5,5,18,0,0,0.45,False,False,True,False,False,False,False
11.4,5,11,0,0,0.24,False,False,False,False,True,False,False
12.7,5,12,0,0,0.22,False,False,False,True,False,False,False
13.7,5,13,0,0,0.33,False,False,False,False,True,False,False
14.4,5,14,0,0,0.24,False,False,False,True,False,False,False
14.1,5,15,0,0,0.36,False,False,False,False,True,False,False
13.8,5,16,0,0,0.3,False,False,False,True,False,False,False
13.6,5,17,0,0,0.29,False,False,False,True,False,False,False
13.7,5,18,0,0,0.35,False,False,False,False,True,False,False
15.6,5,11,1,1,0.38,True,False,False,False,False,False,False
17.7,5,12,1,1,0.49,True,False,False,False,False,False,False
19.3,5,13,1,1,0.56,True,False,False,False,False,False,False
20.3,5,14,1,1,0.6,True,False,False,False,False,False,False
21.0,5,15,1,1,0.62,True,False,False,False,False,False,False
21.6,5,16,1,1,0.61,True,False,False,False,False,False,False
21.7,5,17,1,1,0.61,True,False,False,False,False,False,False
21.5,5,18,1,1,0.6,True,False,False,False,False,False,False
19.3,5,11,1,1,0.46,True,False,False,False,False,False,False
21.1,5,12,1,1,0.52,True,False,False,False,False,False,False
22.4,5,13,1,1,0.63,True,False,False,False,False,False,False
23.1,5,14,1,1,0.67,True,False,False,False,False,False,False
23.5,5,15,1,1,0.69,True,False,False,False,False,False,False
23.7,5,16,1,0,0.42,False,False,False,True,False,False,False
23.6,5,17,1,0,0.54,False,False,False,False,True,False,False
23.0,5,18,1,1,0.71,True,False,False,False,False,False,False
22.6,5,11,0,0,0.24,False,False,False,True,False,False,False
24.2,5,12,0,0,0.25,False,False,False,True,False,False,False
25.1,5,13,0,0,0.34,False,False,False,True,False,False,False
25.7,5,14,0,0,0.33,False,False,False,True,False,False,False
25.6,5,15,0,0,0.37,False,False,False,True,False,False,False
25.6,5,16,0,0,0.21,False,True,False,False,False,False,False
24.2,5,17,0,0,0.37,False,False,False,True,False,False,False
22.1,5,18,0,0,0.33,False,False,False,True,False,False,False
19.0,5,11,0,0,0.13,False,True,False,False,False,False,False
19.0,5,12,0,0,0.13,False,True,False,False,False,False,False
18.7,5,13,0,0,0.13,False,False,False,False,False,True,False
18.5,5,14,0,0,0.1,False,False,False,False,False,True,False
18.3,5,15,0,0,0.17,False,True,False,False,False,False,False
17.9,5,16,0,0,0.21,False,True,False,False,False,False,False
19.0,5,17,0,0,0.17,False,True,False,False,False,False,False
19.6,5,18,0,0,0.18,False,True,False,False,False,False,False
21.0,5,11,0,0,0.29,False,False,True,False,False,False,False
22.4,5,12,0,0,0.19,False,True,False,False,False,False,False
22.5,5,13,0,0,0.31,False,False,False,True,False,False,False
22.6,5,14,0,0,0.32,False,False,False,True,False,False,False
23.0,5,15,0,0,0.34,False,False,False,True,False,False,False
23.0,5,16,0,0,0.5,False,False,True,False,False,False,False
22.5,5,17,0,0,0.24,False,True,False,False,False,False,False
21.7,5,18,0,0,0.21,False,True,False,False,False,False,False
22.4,5,11,0,0,0.31,False,False,False,False,True,False,False
23.8,5,12,0,0,0.18,False,True,False,False,False,False,False
25.0,5,13,0,0,0.47,False,False,True,False,False,False,False
25.7,5,14,0,0,0.48,False,False,True,False,False,False,False
26.2,5,15,0,1,0.55,True,False,False,False,False,False,False
26.6,5,16,0,1,0.58,True,False,False,False,False,False,False
26.3,5,17,0,1,0.59,True,False,False,False,False,False,False
25.9,5,18,0,0,0.5,False,False,True,False,False,False,False
25.2,5,11,0,0,0.17,False,True,False,False,False,False,False
26.4,5,12,0,0,0.17,False,True,False,False,False,False,False
27.2,5,13,0,0,0.35,False,False,False,True,False,False,False
26.5,5,14,0,0,0.12,False,False,False,False,False,True,False
23.1,5,15,0,0,0.12,False,False,False,False,False,True,False
20.0,5,16,0,0,0.18,False,True,False,False,False,False,False
22.0,5,17,0,0,0.35,False,False,False,True,False,False,False
23.3,5,18,0,0,0.23,False,True,False,False,False,False,False
22.1,5,11,1,0,0.47,False,False,True,False,False,False,False
22.8,5,12,1,0,0.47,False,False,False,False,True,False,False
22.7,5,13,1,0,0.55,False,False,False,False,True,False,False
22.4,5,14,1,0,0.27,False,True,False,False,False,False,False
21.9,5,15,1,0,0.24,False,True,False,False,False,False,False
21.9,5,16,1,0,0.57,False,False,True,False,False,False,False
21.5,5,17,1,0,0.58,False,False,True,False,False,False,False
20.8,5,18,1,0,0.24,False,True,False,False,False,False,False
19.3,5,11,1,0,0.37,False,False,False,False,True,False,False
19.3,5,12,1,0,0.34,False,False,False,True,False,False,False
19.4,5,13,1,0,0.5,False,False,False,False,True,False,False
20.0,5,14,1,0,0.46,False,False,False,False,True,False,False
20.4,5,15,1,0,0.57,False,False,True,False,False,False,False
20.8,5,16,1,0,0.37,False,False,False,True,False,False,False
19.4,5,17,1,0,0.5,False,False,False,False,True,False,False
18.5,5,18,1,0,0.25,False,True,False,False,False,False,False
15.0,5,11,0,0,0.15,False,False,False,True,False,False,False
15.9,5,12,0,0,0.26,False,False,False,False,True,False,False
16.9,5,13,0,0,0.31,False,False,False,False,True,False,False
17.4,5,14,0,0,0.37,False,False,False,False,True,False,False
18.5,5,15,0,0,0.28,False,False,False,True,False,False,False
18.6,5,16,0,1,0.52,True,False,False,False,False,False,False
18.0,5,17,0,0,0.44,False,False,True,False,False,False,False
17.0,5,18,0,0,0.43,False,False,True,False,False,False,False
14.0,5,11,0,0,0.15,False,False,False,True,False,False,False
15.6,5,12,0,0,0.22,False,False,False,True,False,False,False
16.7,5,13,0,0,0.23,False,False,False,True,False,False,False
17.7,5,14,0,0,0.27,False,False,False,True,False,False,False
17.2,5,15,0,0,0.3,False,False,False,True,False,False,False
16.7,5,16,0,0,0.29,False,False,False,True,False,False,False
17.3,5,17,0,0,0.29,False,False,False,True,False,False,False
16.9,5,18,0,0,0.27,False,False,False,True,False,False,False
18.2,5,11,0,0,0.2,False,False,False,True,False,False,False
20.4,5,12,0,0,0.15,False,True,False,False,False,False,False
21.8,5,13,0,0,0.26,False,False,False,True,False,False,False
21.8,5,14,0,0,0.19,False,True,False,False,False,False,False
23.0,5,15,0,0,0.23,False,True,False,False,False,False,False
17.7,5,16,0,0,0.1,False,False,False,False,False,True,False
16.3,5,17,0,0,0.16,False,True,False,False,False,False,False
17.5,5,18,0,0,0.18,False,True,False,False,False,False,False
11.1,5,11,0,0,0.13,False,True,False,False,False,False,False
11.2,5,12,0,0,0.1,False,True,False,False,False,False,False
11.4,5,13,0,0,0.14,False,True,False,False,False,False,False
11.3,5,14,0,0,0.15,False,True,False,False,False,False,False
11.2,5,15,0,0,0.19,False,True,False,False,False,False,False
11.2,5,16,0,0,0.17,False,True,False,False,False,False,False
11.5,5,17,0,0,0.16,False,True,False,False,False,False,False
11.0,5,18,0,0,0.15,False,True,False,False,False,False,False
11.5,5,11,0,0,0.09,False,True,False,False,False,False,False
12.7,5,12,0,0,0.11,False,True,False,False,False,False,False
12.7,5,13,0,0,0.17,False,True,False,False,False,False,False
13.5,5,14,0,0,0.34,False,False,False,False,True,False,False
13.5,5,15,0,0,0.16,False,True,False,False,False,False,False
13.9,5,16,0,0,0.15,False,True,False,False,False,False,False
13.6,5,17,0,0,0.37,False,False,False,False,True,False,False
13.2,5,18,0,0,0.37,False,False,False,False,True,False,False
13.2,5,11,1,0,0.18,False,True,False,False,False,False,False
14.2,5,12,1,0,0.17,False,True,False,False,False,False,False
15.3,5,13,1,0,0.2,False,True,False,False,False,False,False
15.5,5,14,1,0,0.32,False,False,False,True,False,False,False
16.3,5,15,1,0,0.47,False,False,False,False,True,False,False
16.1,5,16,1,0,0.5,False,False,True,False,False,False,False
15.5,5,17,1,0,0.44,False,False,False,False,True,False,False
15.5,5,18,1,0,0.52,False,False,True,False,False,False,False
15.3,5,11,1,0,0.25,False,False,False,True,False,False,False
15.5,5,12,1,0,0.34,False,False,False,False,True,False,False
16.7,5,13,1,0,0.35,False,False,False,True,False,False,False
16.5,5,14,1,0,0.32,False,False,False,True,False,False,False
17.1,5,15,1,0,0.41,False,False,False,True,False,False,False
16.9,5,16,1,0,0.33,False,False,False,True,False,False,False
15.9,5,17,1,0,0.33,False,False,False,True,False,False,False
16.1,5,18,1,0,0.53,False,False,True,False,False,False,False
15.5,5,11,0,1,0.25,True,False,False,False,False,False,False
16.7,5,12,0,0,0.3,False,False,True,False,False,False,False
17.8,5,13,0,1,0.44,True,False,False,False,False,False,False
18.8,5,14,0,0,0.27,False,False,False,True,False,False,False
19.4,5,15,0,0,0.39,False,False,False,False,True,False,False
19.7,5,16,0,0,0.46,False,False,True,False,False,False,False
19.0,5,17,0,1,0.51,True,False,False,False,False,False,False
18.3,5,18,0,0,0.45,False,False,True,False,False,False,False
17.9,5,11,0,0,0.18,False,False,False,True,False,False,False
18.6,5,12,0,0,0.22,False,False,False,True,False,False,False
17.9,5,13,0,0,0.3,False,False,False,True,False,False,False
16.9,5,14,0,0,0.26,False,False,False,True,False,False,False
16.2,5,15,0,0,0.18,False,True,False,False,False,False,False
15.3,5,16,0,0,0.16,False,True,False,False,False,False,False
14.4,5,17,0,0,0.16,False,True,False,False,False,False,False
13.9,5,18,0,0,0.18,False,True,False,False,False,False,False
13.5,5,11,0,0,0.13,False,True,False,False,False,False,False
13.8,5,12,0,0,0.15,False,True,False,False,False,False,False
15.3,5,13,0,0,0.1,False,False,False,False,False,True,False
14.7,5,14,0,0,0.09,False,False,False,False,False,True,False
14.7,5,15,0,0,0.15,False,True,False,False,False,False,False
16.1,5,16,0,0,0.19,False,True,False,False,False,False,False
17.6,5,17,0,0,0.42,False,False,False,False,True,False,False
17.3,5,18,0,0,0.3,False,False,False,True,False,False,False
17.7,5,11,0,0,0.22,False,False,False,True,False,False,False
18.3,5,12,0,0,0.26,False,False,False,True,False,False,False
19.0,5,13,0,0,0.27,False,False,False,True,False,False,False
20.2,5,14,0,0,0.29,False,False,False,True,False,False,False
21.0,5,15,0,0,0.2,False,True,False,False,False,False,False
21.3,5,16,0,0,0.2,False,True,False,False,False,False,False
21.7,5,17,0,0,0.41,False,False,False,False,True,False,False
20.5,5,18,0,0,0.18,False,True,False,False,False,False,False
19.0,5,11,0,0,0.2,False,False,False,True,False,False,False
18.9,5,12,0,0,0.21,False,False,False,True,False,False,False
16.8,5,13,0,0,0.08,False,False,False,False,False,True,False
16.3,5,14,0,0,0.09,False,False,False,False,False,True,False
15.3,5,15,0,0,0.18,False,True,False,False,False,False,False
15.0,5,16,0,0,0.09,False,False,False,False,False,True,False
15.4,5,17,0,0,0.16,False,True,False,False,False,False,False
15.0,5,18,0,0,0.11,False,False,False,False,False,True,False
13.8,5,11,1,0,0.17,False,True,False,False,False,False,False
13.5,5,12,1,0,0.18,False,True,False,False,False,False,False
14.1,5,13,1,0,0.2,False,True,False,False,False,False,False
13.3,5,14,1,0,0.32,False,False,False,True,False,False,False
12.2,5,15,1,0,0.37,False,False,False,True,False,False,False
11.9,5,16,1,0,0.36,False,False,False,True,False,False,False
10.9,5,17,1,0,0.33,False,False,False,True,False,False,False
10.9,5,18,1,0,0.33,False,False,False,True,False,False,False
13.1,6,10,1,0,0.54,False,False,True,False,False,False,False
14.7,6,11,1,0,0.57,False,False,True,False,False,False,False
16.4,6,12,1,0,0.41,False,False,False,True,False,False,False
16.8,6,13,1,0,0.44,False,False,False,True,False,False,False
17.0,6,14,1,0,0.48,False,False,False,True,False,False,False
17.1,6,15,1,0,0.67,False,False,False,False,True,False,False
17.5,6,16,1,0,0.51,False,False,False,True,False,False,False
17.6,6,17,1,0,0.68,False,False,False,False,True,False,False
17.1,6,18,1,1,0.84,True,False,False,False,False,False,False
16.1,6,19,1,1,0.71,True,False,False,False,False,False,False
14.5,6,20,1,1,0.69,True,False,False,False,False,False,False
15.9,6,10,0,1,0.46,True,False,False,False,False,False,False
18.0,6,11,0,1,0.6,True,False,False,False,False,False,False
19.4,6,12,0,1,0.58,True,False,False,False,False,False,False
20.3,6,13,0,1,0.66,True,False,False,False,False,False,False
21.1,6,14,0,0,0.58,False,False,True,False,False,False,False
21.6,6,15,0,0,0.57,False,False,False,False,True,False,False
21.8,6,16,0,1,0.71,True,False,False,False,False,False,False
21.8,6,17,0,0,0.54,False,False,False,False,True,False,False
21.5,6,18,0,1,0.67,True,False,False,False,False,False,False
20.8,6,19,0,1,0.64,True,False,False,False,False,False,False
18.8,6,20,0,1,0.64,True,False,False,False,False,False,False
18.7,6,10,0,1,0.55,True,False,False,False,False,False,False
21.0,6,11,0,1,0.57,True,False,False,False,False,False,False
22.8,6,12,0,1,0.66,True,False,False,False,False,False,False
23.9,6,13,0,1,0.74,True,False,False,False,False,False,False
24.5,6,14,0,1,0.75,True,False,False,False,False,False,False
25.0,6,15,0,1,0.76,True,False,False,False,False,False,False
25.4,6,16,0,1,0.76,True,False,False,False,False,False,False
25.5,6,17,0,1,0.75,True,False,False,False,False,False,False
25.2,6,18,0,1,0.75,True,False,False,False,False,False,False
24.2,6,19,0,1,0.69,True,False,False,False,False,False,False
22.3,6,20,0,1,0.7,True,False,False,False,False,False,False
23.8,6,10,0,1,0.58,True,False,False,False,False,False,False
25.6,6,11,0,1,0.63,True,False,False,False,False,False,False
26.9,6,12,0,0,0.6,False,False,True,False,False,False,False
27.6,6,13,0,0,0.64,False,False,True,False,False,False,False
28.1,6,14,0,0,0.69,False,False,True,False,False,False,False
28.6,6,15,0,1,0.84,True,False,False,False,False,False,False
29.1,6,16,0,1,0.8,True,False,False,False,False,False,False
29.1,6,17,0,1,0.8,True,False,False,False,False,False,False
28.4,6,18,0,1,0.8,True,False,False,False,False,False,False
27.6,6,19,0,1,0.71,True,False,False,False,False,False,False
25.8,6,20,0,1,0.67,True,False,False,False,False,False,False
24.3,6,10,0,0,0.56,False,False,True,False,False,False,False
26.3,6,11,0,1,0.63,True,False,False,False,False,False,False
27.5,6,12,0,0,0.23,False,True,False,False,False,False,False
28.1,6,13,0,0,0.69,False,False,True,False,False,False,False
28.8,6,14,0,0,0.47,False,False,False,True,False,False,False
27.7,6,15,0,0,0.17,False,False,False,False,False,True,False
25.3,6,16,0,0,0.18,False,False,False,False,False,True,False
21.3,6,17,0,0,0.17,False,False,False,False,False,True,False
22.4,6,18,0,0,0.28,False,True,False,False,False,False,False
22.4,6,19,0,0,0.42,False,False,False,True,False,False,False
21.7,6,20,0,0,0.26,False,True,False,False,False,False,False
20.3,6,10,0,0,0.13,False,False,False,False,False,True,False
23.2,6,11,0,0,0.27,False,True,False,False,False,False,False
24.0,6,12,0,0,0.26,False,True,False,False,False,False,False
24.7,6,13,0,0,0.29,False,True,False,False,False,False,False
25.1,6,14,0,0,0.26,False,True,False,False,False,False,False
25.9,6,15,0,0,0.27,False,True,False,False,False,False,False
26.7,6,16,0,0,0.48,False,False,False,True,False,False,False
24.0,6,17,0,0,0.26,False,True,False,False,False,False,False
21.3,6,18,0,0,0.18,False,False,False,False,False,True,False
20.9,6,19,0,0,0.26,False,True,False,False,False,False,False
20.6,6,20,0,0,0.23,False,True,False,False,False,False,False
20.3,6,10,1,0,0.27,False,True,False,False,False,False,False
21.6,6,11,1,0,0.27,False,True,False,False,False,False,False
23.1,6,12,1,0,0.27,False,True,False,False,False,False,False
24.3,6,13,1,0,0.77,False,False,True,False,False,False,False
25.4,6,14,1,0,0.77,False,False,True,False,False,False,False
25.9,6,15,1,0,0.53,False,False,False,True,False,False,False
25.7,6,16,1,0,0.55,False,False,False,True,False,False,False
25.2,6,17,1,0,0.54,False,False,False,True,False,False,False
24.1,6,18,1,0,0.55,False,False,False,True,False,False,False
23.6,6,19,1,0,0.52,False,False,False,True,False,False,False
22.3,6,20,1,0,0.48,False,False,False,True,False,False,False
18.4,6,10,1,0,0.27,False,True,False,False,False,False,False
18.0,6,11,1,0,0.16,False,False,False,False,False,True,False
18.3,6,12,1,0,0.14,False,False,False,False,False,True,False
20.3,6,13,1,0,0.31,False,True,False,False,False,False,False
21.4,6,14,1,0,0.29,False,True,False,False,False,False,False
22.0,6,15,1,0,0.35,False,True,False,False,False,False,False
21.5,6,16,1,0,0.17,False,False,False,False,False,True,False
21.2,6,17,1,0,0.29,False,True,False,False,False,False,False
21.5,6,18,1,0,0.29,False,True,False,False,False,False,False
20.6,6,19,1,0,0.3,False,True,False,False,False,False,False
20.2,6,20,1,0,0.45,False,False,False,True,False,False,False
21.8,6,10,0,0,0.19,False,True,False,False,False,False,False
23.1,6,11,0,0,0.25,False,True,False,False,False,False,False
24.1,6,12,0,0,0.26,False,True,False,False,False,False,False
25.0,6,13,0,0,0.28,False,True,False,False,False,False,False
25.5,6,14,0,0,0.28,False,True,False,False,False,False,False
24.1,6,15,0,0,0.17,False,False,False,False,False,True,False
21.3,6,16,0,0,0.17,False,False,False,False,False,True,False
19.4,6,17,0,0,0.14,False,False,False,False,False,True,False
20.2,6,18,0,0,0.27,False,True,False,False,False,False,False
20.4,6,19,0,0,0.4,False,False,False,True,False,False,False
20.0,6,20,0,0,0.39,False,False,False,True,False,False,False
20.3,6,10,0,1,0.53,True,False,False,False,False,False,False
21.1,6,11,0,0,0.52,False,False,True,False,False,False,False
21.9,6,12,0,0,0.34,False,False,False,True,False,False,False
21.9,6,13,0,0,0.6,False,False,True,False,False,False,False
21.7,6,14,0,0,0.26,False,True,False,False,False,False,False
22.1,6,15,0,0,0.27,False,True,False,False,False,False,False
22.7,6,16,0,1,0.76,True,False,False,False,False,False,False
22.7,6,17,0,1,0.76,True,False,False,False,False,False,False
22.3,6,18,0,0,0.7,False,False,True,False,False,False,False
21.3,6,19,0,0,0.56,False,False,True,False,False,False,False
19.9,6,20,0,1,0.64,True,False,False,False,False,False,False
21.2,6,10,0,1,0.53,True,False,False,False,False,False,False
23.0,6,11,0,1,0.65,True,False,False,False,False,False,False
24.1,6,12,0,1,0.67,True,False,False,False,False,False,False
24.7,6,13,0,1,0.74,True,False,False,False,False,False,False
25.3,6,14,0,1,0.75,True,False,False,False,False,False,False
25.8,6,15,0,1,0.78,True,False,False,False,False,False,False
26.1,6,16,0,1,0.74,True,False,False,False,False,False,False
26.2,6,17,0,1,0.78,True,False,False,False,False,False,False
25.9,6,18,0,1,0.78,True,False,False,False,False,False,False
25.2,6,19,0,0,0.57,False,False,False,False,True,False,False
23.7,6,20,0,0,0.43,False,False,False,True,False,False,False
23.6,6,10,0,0,0.37,False,False,False,True,False,False,False
25.1,6,11,0,0,0.42,False,False,False,True,False,False,False
26.6,6,12,0,0,0.42,False,False,False,True,False,False,False
27.8,6,13,0,0,0.45,False,False,False,True,False,False,False
28.6,6,14,0,0,0.47,False,False,False,True,False,False,False
29.1,6,15,0,0,0.67,False,False,False,False,True,False,False
29.4,6,16,0,0,0.63,False,False,False,False,True,False,False
29.4,6,17,0,0,0.63,False,False,False,False,True,False,False
28.6,6,18,0,0,0.48,False,False,False,True,False,False,False
28.1,6,19,0,0,0.61,False,False,False,False,True,False,False
26.2,6,20,0,0,0.42,False,False,False,True,False,False,False
21.9,6,10,0,0,0.34,False,False,False,True,False,False,False
24.3,6,11,0,0,0.4,False,False,False,True,False,False,False
25.0,6,12,0,0,0.41,False,False,False,True,False,False,False
25.4,6,13,0,0,0.43,False,False,False,True,False,False,False
26.5,6,14,0,0,0.45,False,False,False,True,False,False,False
26.9,6,15,0,0,0.46,False,False,False,True,False,False,False
27.5,6,16,0,0,0.46,False,False,False,True,False,False,False
27.6,6,17,0,0,0.45,False,False,False,True,False,False,False
25.5,6,18,0,0,0.49,False,False,False,True,False,False,False
23.8,6,19,0,0,0.43,False,False,False,True,False,False,False
22.3,6,20,0,0,0.26,False,True,False,False,False,False,False
20.9,6,10,1,0,0.13,False,False,False,False,False,True,False
21.3,6,11,1,0,0.25,False,True,False,False,False,False,False
21.6,6,12,1,0,0.27,False,True,False,False,False,False,False
23.9,6,13,1,0,0.34,False,True,False,False,False,False,False
24.7,6,14,1,0,0.5,False,False,False,True,False,False,False
24.9,6,15,1,0,0.33,False,True,False,False,False,False,False
25.9,6,16,1,0,0.31,False,True,False,False,False,False,False
23.6,6,17,1,0,0.22,False,False,False,False,False,True,False
22.7,6,18,1,0,0.18,False,False,False,False,False,True,False
22.5,6,19,1,0,0.51,False,False,False,True,False,False,False
22.2,6,20,1,0,0.49,False,False,False,True,False,False,False
22.0,6,10,1,0,0.28,False,True,False,False,False,False,False
21.9,6,11,1,0,0.27,False,True,False,False,False,False,False
23.5,6,12,1,0,0.29,False,True,False,False,False,False,False
22.0,6,13,1,0,0.19,False,False,False,False,False,True,False
23.7,6,14,1,0,0.31,False,True,False,False,False,False,False
24.9,6,15,1,0,0.34,False,True,False,False,False,False,False
26.2,6,16,1,0,0.31,False,True,False,False,False,False,False
23.4,6,17,1,0,0.2,False,False,False,False,False,True,False
23.2,6,18,1,0,0.35,False,True,False,False,False,False,False
22.8,6,19,1,0,0.48,False,False,False,True,False,False,False
21.7,6,20,1,0,0.3,False,True,False,False,False,False,False
20.6,6,10,0,0,0.33,False,False,False,True,False,False,False
21.7,6,11,0,0,0.36,False,False,False,True,False,False,False
22.1,6,12,0,0,0.42,False,False,False,True,False,False,False
22.9,6,13,0,0,0.44,False,False,False,True,False,False,False
24.0,6,14,0,0,0.46,False,False,False,True,False,False,False
24.4,6,15,0,0,0.3,False,True,False,False,False,False,False
25.5,6,16,0,0,0.3,False,True,False,False,False,False,False
25.1,6,17,0,0,0.26,False,True,False,False,False,False,False
23.4,6,18,0,0,0.29,False,True,False,False,False,False,False
22.4,6,19,0,0,0.25,False,True,False,False,False,False,False
22.2,6,20,0,0,0.43,False,False,False,True,False,False,False
23.1,6,10,0,0,0.23,False,True,False,False,False,False,False
24.1,6,11,0,0,0.4,False,False,False,True,False,False,False
24.6,6,12,0,0,0.41,False,False,False,True,False,False,False
24.5,6,13,0,0,0.14,False,False,False,False,False,True,False
23.4,6,14,0,0,0.26,False,True,False,False,False,False,False
25.7,6,15,0,0,0.27,False,True,False,False,False,False,False
23.1,6,16,0,0,0.19,False,False,False,False,False,True,False
23.6,6,17,0,0,0.16,False,False,False,False,False,True,False
22.2,6,18,0,0,0.28,False,True,False,False,False,False,False
22.9,6,19,0,0,0.26,False,True,False,False,False,False,False
22.4,6,20,0,0,0.25,False,True,False,False,False,False,False
22.9,6,10,0,0,0.21,False,True,False,False,False,False,False
24.1,6,11,0,0,0.25,False,True,False,False,False,False,False
25.5,6,12,0,0,0.26,False,True,False,False,False,False,False
23.6,6,13,0,0,0.25,False,True,False,False,False,False,False
25.6,6,14,0,0,0.65,False,False,True,False,False,False,False
27.3,6,15,0,0,0.27,False,True,False,False,False,False,False
22.8,6,16,0,0,0.26,False,True,False,False,False,False,False
25.5,6,17,0,1,0.78,True,False,False,False,False,False,False
26.0,6,18,0,0,0.64,False,False,False,False,True,False,False
25.8,6,19,0,1,0.68,True,False,False,False,False,False,False
25.1,6,20,0,0,0.41,False,False,False,True,False,False,False
22.4,6,10,0,0,0.25,False,True,False,False,False,False,False
23.8,6,11,0,0,0.6,False,False,True,False,False,False,False
24.8,6,12,0,0,0.53,False,False,False,False,True,False,False
25.3,6,13,0,0,0.67,False,False,True,False,False,False,False
24.2,6,14,0,0,0.16,False,False,False,False,False,True,False
21.2,6,15,0,0,0.24,False,True,False,False,False,False,False
23.5,6,16,0,0,0.46,False,False,False,True,False,False,False
20.6,6,17,0,0,0.16,False,False,False,False,False,True,False
20.8,6,18,0,0,0.25,False,True,False,False,False,False,False
19.3,6,19,0,0,0.21,False,True,False,False,False,False,False
18.2,6,20,0,0,0.58,False,False,True,False,False,False,False
21.3,6,10,0,1,0.52,True,False,False,False,False,False,False
22.9,6,11,0,0,0.56,False,False,True,False,False,False,False
24.5,6,12,0,0,0.52,False,False,False,False,True,False,False
25.2,6,13,0,0,0.28,False,True,False,False,False,False,False
25.7,6,14,0,0,0.44,False,False,False,True,False,False,False
25.9,6,15,0,0,0.48,False,False,False,True,False,False,False
26.1,6,16,0,0,0.47,False,False,False,True,False,False,False
25.7,6,17,0,0,0.49,False,False,False,True,False,False,False
22.2,6,18,0,0,0.26,False,True,False,False,False,False,False
21.3,6,19,0,0,0.25,False,True,False,False,False,False,False
21.3,6,20,0,0,0.37,False,False,False,True,False,False,False
24.8,6,10,1,0,0.46,False,False,False,True,False,False,False
26.6,6,11,1,0,0.47,False,False,False,True,False,False,False
27.2,6,12,1,0,0.5,False,False,False,True,False,False,False
28.2,6,13,1,0,0.56,False,False,False,True,False,False,False
28.8,6,14,1,1,0.93,True,False,False,False,False,False,False
29.4,6,15,1,0,0.56,False,False,False,True,False,False,False
29.6,6,16,1,0,0.85,False,False,True,False,False,False,False
29.5,6,17,1,1,0.95,True,False,False,False,False,False,False
29.2,6,18,1,1,0.96,True,False,False,False,False,False,False
28.4,6,19,1,0,0.71,False,False,False,False,True,False,False
26.8,6,20,1,0,0.74,False,False,True,False,False,False,False
26.9,6,10,1,0,0.46,False,False,False,True,False,False,False
28.4,6,11,1,0,0.75,False,False,True,False,False,False,False
30.0,6,12,1,1,0.86,True,False,False,False,False,False,False
31.1,6,13,1,0,0.81,False,False,True,False,False,False,False
31.9,6,14,1,0,0.82,False,False,True,False,False,False,False
32.5,6,15,1,1,0.94,True,False,False,False,False,False,False
32.8,6,16,1,1,0.94,True,False,False,False,False,False,False
32.6,6,17,1,1,0.97,True,False,False,False,False,False,False
32.3,6,18,1,1,0.92,True,False,False,False,False,False,False
31.6,6,19,1,1,0.85,True,False,False,False,False,False,False
30.1,6,20,1,1,0.87,True,False,False,False,False,False,False
29.2,6,10,0,1,0.63,True,False,False,False,False,False,False
30.6,6,11,0,0,0.61,False,False,True,False,False,False,False
31.5,6,12,0,0,0.64,False,False,True,False,False,False,False
32.1,6,13,0,1,0.77,True,False,False,False,False,False,False
32.6,6,14,0,1,0.75,True,False,False,False,False,False,False
33.1,6,15,0,1,0.82,True,False,False,False,False,False,False
33.4,6,16,0,1,0.8,True,False,False,False,False,False,False
33.4,6,17,0,1,0.79,True,False,False,False,False,False,False
33.1,6,18,0,1,0.79,True,False,False,False,False,False,False
32.3,6,19,0,1,0.74,True,False,False,False,False,False,False
30.3,6,20,0,1,0.75,True,False,False,False,False,False,False
29.4,6,10,0,1,0.67,True,False,False,False,False,False,False
31.3,6,11,0,1,0.68,True,False,False,False,False,False,False
32.7,6,12,0,1,0.71,True,False,False,False,False,False,False
33.5,6,13,0,1,0.76,True,False,False,False,False,False,False
34.1,6,14,0,1,0.79,True,False,False,False,False,False,False
34.3,6,15,0,1,0.81,True,False,False,False,False,False,False
34.4,6,16,0,0,0.71,False,False,True,False,False,False,False
34.3,6,17,0,0,0.68,False,False,False,False,True,False,False
34.0,6,18,0,1,0.82,True,False,False,False,False,False,False
33.4,6,19,0,1,0.75,True,False,False,False,False,False,False
31.6,6,20,0,0,0.67,False,False,True,False,False,False,False
28.2,6,10,0,0,0.58,False,False,True,False,False,False,False
30.0,6,11,0,0,0.57,False,False,False,False,True,False,False
31.5,6,12,0,0,0.44,False,False,False,True,False,False,False
32.8,6,13,0,0,0.47,False,False,False,True,False,False,False
26.3,6,14,0,0,0.17,False,False,False,False,False,True,False
28.9,6,15,0,0,0.28,False,True,False,False,False,False,False
30.5,6,16,0,0,0.71,False,False,True,False,False,False,False
31.1,6,17,0,0,0.72,False,False,True,False,False,False,False
30.7,6,18,0,0,0.74,False,False,True,False,False,False,False
30.0,6,19,0,0,0.68,False,False,True,False,False,False,False
28.4,6,20,0,0,0.26,False,True,False,False,False,False,False
27.0,6,10,0,0,0.37,False,False,False,True,False,False,False
29.0,6,11,0,0,0.45,False,False,False,True,False,False,False
30.7,6,12,0,0,0.26,False,True,False,False,False,False,False
31.9,6,13,0,0,0.31,False,True,False,False,False,False,False
30.8,6,14,0,0,0.29,False,True,False,False,False,False,False
30.7,6,15,0,0,0.29,False,True,False,False,False,False,False
32.0,6,16,0,0,0.76,False,False,True,False,False,False,False
32.1,6,17,0,0,0.72,False,False,True,False,False,False,False
31.3,6,18,0,0,0.66,False,False,False,False,True,False,False
30.7,6,19,0,0,0.61,False,False,False,False,True,False,False
29.5,6,20,0,0,0.44,False,False,False,True,False,False,False
21.8,6,10,0,0,0.14,False,False,False,False,False,True,False
25.5,6,11,0,0,0.24,False,True,False,False,False,False,False
27.9,6,12,0,0,0.42,False,False,False,True,False,False,False
28.7,6,13,0,0,0.29,False,True,False,False,False,False,False
25.4,6,14,0,0,0.19,False,False,False,False,False,True,False
25.4,6,15,0,0,0.19,False,False,False,False,False,True,False
26.7,6,16,0,0,0.29,False,True,False,False,False,False,False
26.1,6,17,0,0,0.3,False,True,False,False,False,False,False
24.8,6,18,0,0,0.15,False,False,False,False,False,True,False
24.5,6,19,0,0,0.26,False,True,False,False,False,False,False
24.1,6,20,0,0,0.41,False,False,False,True,False,False,False
24.4,6,10,1,0,0.26,False,True,False,False,False,False,False
25.8,6,11,1,0,0.27,False,True,False,False,False,False,False
27.1,6,12,1,0,0.29,False,True,False,False,False,False,False
28.1,6,13,1,0,0.32,False,True,False,False,False,False,False
28.8,6,14,1,0,0.34,False,True,False,False,False,False,False
29.8,6,15,1,0,0.35,False,True,False,False,False,False,False
30.0,6,16,1,0,0.35,False,True,False,False,False,False,False
27.1,6,17,1,0,0.32,False,True,False,False,False,False,False
26.2,6,18,1,0,0.34,False,True,False,False,False,False,False
25.1,6,19,1,0,0.29,False,True,False,False,False,False,False
24.4,6,20,1,0,0.75,False,False,True,False,False,False,False
24.9,6,10,1,0,0.46,False,False,False,True,False,False,False
26.0,6,11,1,0,0.3,False,True,False,False,False,False,False
27.6,6,12,1,0,0.3,False,True,False,False,False,False,False
28.8,6,13,1,0,0.8,False,False,True,False,False,False,False
29.5,6,14,1,0,0.32,False,True,False,False,False,False,False
30.0,6,15,1,0,0.88,False,False,True,False,False,False,False
30.1,6,16,1,0,0.83,False,False,True,False,False,False,False
30.2,6,17,1,0,0.58,False,False,False,True,False,False,False
30.0,6,18,1,0,0.56,False,False,False,True,False,False,False
29.4,6,19,1,0,0.53,False,False,False,True,False,False,False
28.5,6,20,1,0,0.53,False,False,False,True,False,False,False
24.5,6,10,0,0,0.2,False,True,False,False,False,False,False
26.6,6,11,0,0,0.4,False,False,False,True,False,False,False
28.4,6,12,0,0,0.27,False,True,False,False,False,False,False
27.8,6,13,0,0,0.19,False,False,False,False,False,True,False
29.5,6,14,0,0,0.3,False,True,False,False,False,False,False
29.9,6,15,0,0,0.28,False,True,False,False,False,False,False
26.3,6,16,0,0,0.17,False,False,False,False,False,True,False
26.6,6,17,0,0,0.45,False,False,False,True,False,False,False
26.8,6,18,0,0,0.28,False,True,False,False,False,False,False
26.2,6,19,0,0,0.28,False,True,False,False,False,False,False
23.4,6,20,0,0,0.14,False,False,False,False,False,True,False
24.1,7,10,0,0,0.25,False,True,False,False,False,False,False
24.7,7,11,0,0,0.3,False,True,False,False,False,False,False
24.7,7,12,0,0,0.31,False,True,False,False,False,False,False
25.2,7,13,0,0,0.31,False,True,False,False,False,False,False
25.4,7,14,0,0,0.31,False,True,False,False,False,False,False
24.7,7,15,0,0,0.34,False,True,False,False,False,False,False
25.2,7,16,0,0,0.55,False,False,False,True,False,False,False
25.1,7,17,0,0,0.51,False,False,False,True,False,False,False
24.5,7,18,0,0,0.53,False,False,False,True,False,False,False
23.9,7,19,0,0,0.49,False,False,False,True,False,False,False
23.6,7,20,0,0,0.5,False,False,False,True,False,False,False
23.8,7,10,0,0,0.61,False,False,True,False,False,False,False
25.2,7,11,0,0,0.26,False,True,False,False,False,False,False
26.0,7,12,0,0,0.71,False,False,True,False,False,False,False
26.7,7,13,0,0,0.77,False,False,True,False,False,False,False
27.4,7,14,0,1,0.85,True,False,False,False,False,False,False
27.8,7,15,0,1,0.87,True,False,False,False,False,False,False
28.1,7,16,0,1,0.91,True,False,False,False,False,False,False
28.0,7,17,0,1,0.91,True,False,False,False,False,False,False
27.9,7,18,0,1,0.87,True,False,False,False,False,False,False
27.5,7,19,0,0,0.73,False,False,True,False,False,False,False
25.8,7,20,0,0,0.51,False,False,False,True,False,False,False
24.7,7,10,0,1,0.71,True,False,False,False,False,False,False
26.3,7,11,0,1,0.76,True,False,False,False,False,False,False
27.2,7,12,0,0,0.68,False,False,True,False,False,False,False
27.3,7,13,0,1,0.85,True,False,False,False,False,False,False
27.9,7,14,0,0,0.73,False,False,True,False,False,False,False
27.6,7,15,0,0,0.79,False,False,True,False,False,False,False
27.3,7,16,0,0,0.34,False,True,False,False,False,False,False
27.3,7,17,0,1,0.86,True,False,False,False,False,False,False
27.2,7,18,0,1,0.84,True,False,False,False,False,False,False
26.0,7,19,0,1,0.8,True,False,False,False,False,False,False
24.5,7,20,0,1,0.82,True,False,False,False,False,False,False
23.3,7,10,0,1,0.7,True,False,False,False,False,False,False
24.7,7,11,0,1,0.73,True,False,False,False,False,False,False
25.9,7,12,0,1,0.77,True,False,False,False,False,False,False
27.0,7,13,0,1,0.85,True,False,False,False,False,False,False
28.0,7,14,0,0,0.72,False,False,False,False,True,False,False
28.0,7,15,0,1,0.94,True,False,False,False,False,False,False
28.4,7,16,0,1,0.92,True,False,False,False,False,False,False
28.6,7,17,0,1,0.89,True,False,False,False,False,False,False
28.6,7,18,0,1,0.9,True,False,False,False,False,False,False
28.0,7,19,0,1,0.84,True,False,False,False,False,False,False
26.5,7,20,0,1,0.82,True,False,False,False,False,False,False
25.9,7,10,1,1,0.83,True,False,False,False,False,False,False
28.1,7,11,1,1,0.94,True,False,False,False,False,False,False
29.4,7,12,1,0,0.84,False,False,True,False,False,False,False
30.0,7,13,1,0,0.62,False,False,False,True,False,False,False
30.6,7,14,1,0,0.39,False,True,False,False,False,False,False
31.3,7,15,1,0,0.39,False,True,False,False,False,False,False
31.4,7,16,1,0,0.38,False,True,False,False,False,False,False
31.3,7,17,1,0,0.81,False,False,False,False,True,False,False
31.1,7,18,1,0,0.62,False,False,False,True,False,False,False
30.2,7,19,1,0,0.61,False,False,False,True,False,False,False
28.4,7,20,1,0,0.58,False,False,False,True,False,False,False
26.5,7,10,1,1,0.81,True,False,False,False,False,False,False
28.3,7,11,1,1,0.92,True,False,False,False,False,False,False
30.0,7,12,1,1,0.93,True,False,False,False,False,False,False
31.1,7,13,1,1,0.99,True,False,False,False,False,False,False
32.2,7,14,1,1,1.0,True,False,False,False,False,False,False
32.7,7,15,1,0,0.91,False,False,True,False,False,False,False
33.0,7,16,1,0,0.93,False,False,True,False,False,False,False
32.8,7,17,1,0,0.8,False,False,False,False,True,False,False
32.2,7,18,1,0,0.64,False,False,False,True,False,False,False
30.8,7,19,1,0,0.59,False,False,False,True,False,False,False
29.6,7,20,1,0,0.9,False,False,True,False,False,False,False
29.1,7,10,0,1,0.76,True,False,False,False,False,False,False
28.5,7,11,0,0,0.29,False,True,False,False,False,False,False
27.8,7,12,0,0,0.27,False,True,False,False,False,False,False
31.0,7,13,0,1,0.9,True,False,False,False,False,False,False
32.5,7,14,0,0,0.8,False,False,True,False,False,False,False
32.7,7,15,0,0,0.57,False,False,False,True,False,False,False
24.3,7,16,0,0,0.21,False,False,False,False,False,True,False
25.5,7,17,0,0,0.31,False,True,False,False,False,False,False
26.2,7,18,0,0,0.8,False,False,True,False,False,False,False
25.8,7,19,0,1,0.78,True,False,False,False,False,False,False
25.5,7,20,0,0,0.73,False,False,True,False,False,False,False
22.6,7,10,0,0,0.14,False,False,False,False,False,True,False
23.6,7,11,0,0,0.26,False,True,False,False,False,False,False
24.9,7,12,0,0,0.27,False,True,False,False,False,False,False
25.9,7,13,0,0,0.29,False,True,False,False,False,False,False
25.9,7,14,0,0,0.31,False,True,False,False,False,False,False
26.7,7,15,0,0,0.3,False,True,False,False,False,False,False
27.6,7,16,0,1,0.86,True,False,False,False,False,False,False
27.9,7,17,0,0,0.8,False,False,True,False,False,False,False
27.8,7,18,0,0,0.76,False,False,True,False,False,False,False
27.3,7,19,0,1,0.82,True,False,False,False,False,False,False
26.3,7,20,0,1,0.82,True,False,False,False,False,False,False
23.3,7,10,0,0,0.42,False,False,False,True,False,False,False
24.5,7,11,0,0,0.43,False,False,False,True,False,False,False
25.5,7,12,0,0,0.48,False,False,False,True,False,False,False
26.2,7,13,0,0,0.49,False,False,False,True,False,False,False
26.3,7,14,0,0,0.49,False,False,False,True,False,False,False
25.6,7,15,0,0,0.34,False,True,False,False,False,False,False
24.4,7,16,0,0,0.33,False,True,False,False,False,False,False
24.7,7,17,0,0,0.3,False,True,False,False,False,False,False
24.8,7,18,0,0,0.52,False,False,False,True,False,False,False
24.5,7,19,0,0,0.48,False,False,False,True,False,False,False
23.8,7,20,0,0,0.5,False,False,False,True,False,False,False
22.5,7,10,0,0,0.45,False,False,False,True,False,False,False
24.2,7,11,0,0,0.61,False,False,False,False,True,False,False
25.9,7,12,0,0,0.7,False,False,True,False,False,False,False
27.0,7,13,0,0,0.76,False,False,True,False,False,False,False
27.5,7,14,0,0,0.76,False,False,True,False,False,False,False
28.0,7,15,0,0,0.31,False,True,False,False,False,False,False
28.4,7,16,0,0,0.35,False,True,False,False,False,False,False
26.9,7,17,0,0,0.33,False,True,False,False,False,False,False
26.6,7,18,0,0,0.32,False,True,False,False,False,False,False
26.6,7,19,0,0,0.72,False,False,True,False,False,False,False
25.1,7,20,0,0,0.31,False,True,False,False,False,False,False
24.7,7,10,0,0,0.63,False,False,True,False,False,False,False
26.4,7,11,0,0,0.67,False,False,True,False,False,False,False
27.7,7,12,0,0,0.29,False,True,False,False,False,False,False
28.6,7,13,0,0,0.31,False,True,False,False,False,False,False
29.3,7,14,0,0,0.3,False,True,False,False,False,False,False
30.0,7,15,0,1,0.92,True,False,False,False,False,False,False
30.4,7,16,0,0,0.85,False,False,True,False,False,False,False
29.5,7,17,0,0,0.83,False,False,True,False,False,False,False
28.2,7,18,0,0,0.34,False,True,False,False,False,False,False
27.2,7,19,0,1,0.78,True,False,False,False,False,False,False
26.3,7,20,0,1,0.77,True,False,False,False,False,False,False
27.3,7,10,1,1,0.81,True,False,False,False,False,False,False
29.0,7,11,1,0,0.33,False,True,False,False,False,False,False
29.9,7,12,1,1,0.92,True,False,False,False,False,False,False
30.7,7,13,1,1,1.0,True,False,False,False,False,False,False
31.6,7,14,1,1,1.0,True,False,False,False,False,False,False
32.3,7,15,1,0,0.95,False,False,True,False,False,False,False
32.2,7,16,1,0,0.93,False,False,True,False,False,False,False
31.9,7,17,1,0,0.93,False,False,True,False,False,False,False
27.7,7,18,1,0,0.38,False,True,False,False,False,False,False
28.0,7,19,1,0,0.59,False,False,False,True,False,False,False
27.5,7,20,1,0,0.74,False,False,False,False,True,False,False
26.1,7,10,1,0,0.65,False,False,False,False,True,False,False
27.5,7,11,1,0,0.71,False,False,False,False,True,False,False
29.0,7,12,1,1,0.92,True,False,False,False,False,False,False
30.4,7,13,1,0,0.59,False,False,False,True,False,False,False
27.1,7,14,1,0,0.19,False,False,False,False,False,True,False
25.2,7,15,1,0,0.2,False,False,False,False,False,True,False
27.9,7,16,1,0,0.38,False,True,False,False,False,False,False
26.3,7,17,1,0,0.2,False,False,False,False,False,True,False
25.9,7,18,1,0,0.34,False,True,False,False,False,False,False
26.6,7,19,1,1,0.91,True,False,False,False,False,False,False
26.2,7,20,1,1,0.91,True,False,False,False,False,False,False
23.0,7,10,0,0,0.4,False,False,False,True,False,False,False
24.4,7,11,0,0,0.47,False,False,False,True,False,False,False
24.7,7,12,0,0,0.26,False,True,False,False,False,False,False
24.7,7,13,0,0,0.3,False,True,False,False,False,False,False
24.7,7,14,0,0,0.21,False,False,False,False,False,True,False
25.8,7,15,0,0,0.33,False,True,False,False,False,False,False
26.5,7,16,0,0,0.32,False,True,False,False,False,False,False
27.4,7,17,0,0,0.52,False,False,False,True,False,False,False
27.6,7,18,0,1,0.85,True,False,False,False,False,False,False
26.2,7,19,0,0,0.29,False,True,False,False,False,False,False
25.2,7,20,0,0,0.31,False,True,False,False,False,False,False
25.1,7,10,0,0,0.44,False,False,False,True,False,False,False
26.4,7,11,0,0,0.68,False,False,True,False,False,False,False
28.2,7,12,0,0,0.72,False,False,True,False,False,False,False
29.1,7,13,0,0,0.54,False,False,False,True,False,False,False
30.0,7,14,0,0,0.54,False,False,False,True,False,False,False
30.4,7,15,0,0,0.58,False,False,False,True,False,False,False
30.6,7,16,0,0,0.58,False,False,False,True,False,False,False
30.3,7,17,0,0,0.57,False,False,False,True,False,False,False
29.9,7,18,0,0,0.35,False,True,False,False,False,False,False
29.4,7,19,0,0,0.5,False,False,False,True,False,False,False
27.2,7,20,0,0,0.47,False,False,False,True,False,False,False
26.2,7,10,0,0,0.41,False,False,False,True,False,False,False
27.1,7,11,0,0,0.3,False,True,False,False,False,False,False
27.9,7,12,0,0,0.28,False,True,False,False,False,False,False
29.1,7,13,0,0,0.34,False,True,False,False,False,False,False
28.6,7,14,0,0,0.32,False,True,False,False,False,False,False
25.3,7,15,0,0,0.18,False,False,False,False,False,True,False
24.0,7,16,0,0,0.17,False,False,False,False,False,True,False
25.2,7,17,0,0,0.33,False,True,False,False,False,False,False
26.3,7,18,0,0,0.7,False,False,False,False,True,False,False
26.7,7,19,0,0,0.49,False,False,False,True,False,False,False
24.1,7,20,0,0,0.17,False,False,False,False,False,True,False
26.3,7,10,0,0,0.65,False,False,True,False,False,False,False
27.4,7,11,0,0,0.3,False,True,False,False,False,False,False
28.4,7,12,0,1,0.81,True,False,False,False,False,False,False
28.9,7,13,0,0,0.72,False,False,False,False,True,False,False
29.5,7,14,0,1,0.88,True,False,False,False,False,False,False
30.0,7,15,0,0,0.58,False,False,False,True,False,False,False
29.5,7,16,0,0,0.58,False,False,False,True,False,False,False
28.9,7,17,0,0,0.72,False,False,False,False,True,False,False
28.4,7,18,0,0,0.81,False,False,True,False,False,False,False
27.5,7,19,0,0,0.7,False,False,True,False,False,False,False
26.2,7,20,0,0,0.47,False,False,False,True,False,False,False
23.1,7,10,0,0,0.42,False,False,False,True,False,False,False
23.9,7,11,0,0,0.47,False,False,False,True,False,False,False
24.0,7,12,0,0,0.48,False,False,False,True,False,False,False
24.1,7,13,0,0,0.32,False,True,False,False,False,False,False
23.8,7,14,0,0,0.17,False,False,False,False,False,True,False
23.5,7,15,0,0,0.32,False,True,False,False,False,False,False
25.4,7,16,0,0,0.79,False,False,True,False,False,False,False
25.9,7,17,0,0,0.68,False,False,False,False,True,False,False
26.0,7,18,0,0,0.71,False,False,False,False,True,False,False
25.8,7,19,0,1,0.8,True,False,False,False,False,False,False
25.2,7,20,0,1,0.82,True,False,False,False,False,False,False
24.3,7,10,1,0,0.28,False,True,False,False,False,False,False
25.5,7,11,1,0,0.32,False,True,False,False,False,False,False
26.7,7,12,1,0,0.32,False,True,False,False,False,False,False
27.8,7,13,1,0,0.37,False,True,False,False,False,False,False
28.5,7,14,1,0,0.35,False,True,False,False,False,False,False
29.1,7,15,1,0,0.91,False,False,True,False,False,False,False
29.5,7,16,1,1,1.0,True,False,False,False,False,False,False
29.6,7,17,1,1,1.0,True,False,False,False,False,False,False
29.4,7,18,1,0,0.82,False,False,False,False,True,False,False
29.0,7,19,1,0,0.61,False,False,False,True,False,False,False
27.7,7,20,1,0,0.57,False,False,False,True,False,False,False
24.7,7,10,1,0,0.29,False,True,False,False,False,False,False
25.8,7,11,1,0,0.34,False,True,False,False,False,False,False
26.6,7,12,1,0,0.31,False,True,False,False,False,False,False
26.9,7,13,1,0,0.36,False,True,False,False,False,False,False
28.2,7,14,1,0,0.39,False,True,False,False,False,False,False
28.3,7,15,1,0,0.38,False,True,False,False,False,False,False
28.0,7,16,1,0,0.36,False,True,False,False,False,False,False
28.1,7,17,1,1,1.0,True,False,False,False,False,False,False
27.9,7,18,1,0,0.6,False,False,False,True,False,False,False
26.3,7,19,1,0,0.34,False,True,False,False,False,False,False
24.8,7,20,1,0,0.32,False,True,False,False,False,False,False
21.9,7,10,0,0,0.39,False,False,False,True,False,False,False
23.3,7,11,0,0,0.44,False,False,False,True,False,False,False
24.4,7,12,0,0,0.49,False,False,False,True,False,False,False
25.4,7,13,0,0,0.49,False,False,False,True,False,False,False
26.2,7,14,0,0,0.49,False,False,False,True,False,False,False
26.8,7,15,0,1,0.88,True,False,False,False,False,False,False
26.9,7,16,0,1,0.86,True,False,False,False,False,False,False
26.6,7,17,0,1,0.84,True,False,False,False,False,False,False
26.2,7,18,0,1,0.85,True,False,False,False,False,False,False
25.6,7,19,0,1,0.81,True,False,False,False,False,False,False
23.9,7,20,0,1,0.77,True,False,False,False,False,False,False
20.7,7,10,0,1,0.63,True,False,False,False,False,False,False
22.8,7,11,0,1,0.75,True,False,False,False,False,False,False
24.4,7,12,0,1,0.74,True,False,False,False,False,False,False
25.5,7,13,0,0,0.49,False,False,False,True,False,False,False
26.4,7,14,0,0,0.52,False,False,False,True,False,False,False
27.0,7,15,0,1,0.89,True,False,False,False,False,False,False
27.3,7,16,0,0,0.67,False,False,False,False,True,False,False
27.3,7,17,0,0,0.51,False,False,False,True,False,False,False
26.8,7,18,0,0,0.53,False,False,False,True,False,False,False
26.1,7,19,0,0,0.48,False,False,False,True,False,False,False
24.5,7,20,0,1,0.78,True,False,False,False,False,False,False
24.2,7,10,0,1,0.7,True,False,False,False,False,False,False
26.5,7,11,0,1,0.76,True,False,False,False,False,False,False
28.2,7,12,0,1,0.82,True,False,False,False,False,False,False
29.7,7,13,0,1,0.86,True,False,False,False,False,False,False
31.0,7,14,0,0,0.8,False,False,True,False,False,False,False
32.5,7,15,0,1,0.94,True,False,False,False,False,False,False
33.4,7,16,0,0,0.74,False,False,False,False,True,False,False
32.2,7,17,0,0,0.54,False,False,False,True,False,False,False
31.8,7,18,0,0,0.56,False,False,False,True,False,False,False
31.6,7,19,0,0,0.69,False,False,False,False,True,False,False
30.1,7,20,0,0,0.66,False,False,False,False,True,False,False
27.3,7,10,0,1,0.71,True,False,False,False,False,False,False
29.1,7,11,0,0,0.72,False,False,True,False,False,False,False
30.9,7,12,0,0,0.64,False,False,False,False,True,False,False
31.5,7,13,0,0,0.32,False,True,False,False,False,False,False
32.7,7,14,0,0,0.53,False,False,False,True,False,False,False
33.6,7,15,0,0,0.58,False,False,False,True,False,False,False
33.5,7,16,0,0,0.54,False,False,False,True,False,False,False
33.6,7,17,0,1,0.93,True,False,False,False,False,False,False
33.7,7,18,0,1,0.9,True,False,False,False,False,False,False
33.0,7,19,0,1,0.84,True,False,False,False,False,False,False
31.8,7,20,0,1,0.84,True,False,False,False,False,False,False
24.4,7,10,0,0,0.15,False,False,False,False,False,True,False
27.8,7,11,0,0,0.46,False,False,False,True,False,False,False
29.8,7,12,0,1,0.81,True,False,False,False,False,False,False
31.7,7,13,0,0,0.78,False,False,True,False,False,False,False
33.4,7,14,0,0,0.8,False,False,True,False,False,False,False
34.3,7,15,0,0,0.56,False,False,False,True,False,False,False
32.3,7,16,0,0,0.58,False,False,False,True,False,False,False
30.6,7,17,0,0,0.35,False,True,False,False,False,False,False
27.1,7,18,0,0,0.2,False,False,False,False,False,True,False
27.4,7,19,0,0,0.51,False,False,False,True,False,False,False
27.0,7,20,0,0,0.49,False,False,False,True,False,False,False
25.4,7,10,1,0,0.49,False,False,False,True,False,False,False
27.8,7,11,1,0,0.56,False,False,False,True,False,False,False
30.1,7,12,1,1,0.93,True,False,False,False,False,False,False
31.7,7,13,1,0,0.35,False,True,False,False,False,False,False
32.9,7,14,1,0,0.91,False,False,True,False,False,False,False
33.3,7,15,1,0,0.63,False,False,False,True,False,False,False
33.5,7,16,1,0,0.62,False,False,False,True,False,False,False
32.7,7,17,1,0,0.37,False,True,False,False,False,False,False
31.9,7,18,1,0,0.38,False,True,False,False,False,False,False
25.2,7,19,1,0,0.21,False,False,False,False,False,True,False
23.9,7,20,1,0,0.35,False,True,False,False,False,False,False
24.5,7,10,1,0,0.18,False,False,False,False,False,True,False
24.8,7,11,1,0,0.18,False,False,False,False,False,True,False
26.4,7,12,1,0,0.34,False,True,False,False,False,False,False
27.5,7,13,1,0,0.56,False,False,False,True,False,False,False
27.8,7,14,1,0,0.61,False,False,False,True,False,False,False
28.5,7,15,1,0,0.61,False,False,False,True,False,False,False
29.1,7,16,1,0,0.65,False,False,False,True,False,False,False
29.4,7,17,1,0,0.38,False,True,False,False,False,False,False
28.9,7,18,1,0,0.38,False,True,False,False,False,False,False
28.3,7,19,1,0,0.34,False,True,False,False,False,False,False
27.0,7,20,1,0,0.35,False,True,False,False,False,False,False
24.7,7,10,0,0,0.45,False,False,False,True,False,False,False
26.8,7,11,0,0,0.62,False,False,False,False,True,False,False
28.2,7,12,0,0,0.72,False,False,True,False,False,False,False
29.3,7,13,0,0,0.8,False,False,True,False,False,False,False
30.3,7,14,0,1,0.88,True,False,False,False,False,False,False
31.1,7,15,0,1,0.93,True,False,False,False,False,False,False
31.5,7,16,0,1,0.93,True,False,False,False,False,False,False
31.6,7,17,0,1,0.93,True,False,False,False,False,False,False
31.4,7,18,0,1,0.94,True,False,False,False,False,False,False
30.9,7,19,0,1,0.84,True,False,False,False,False,False,False
29.4,7,20,0,0,0.77,False,False,True,False,False,False,False
26.7,7,10,0,0,0.63,False,False,True,False,False,False,False
27.6,7,11,0,0,0.29,False,True,False,False,False,False,False
28.7,7,12,0,0,0.3,False,True,False,False,False,False,False
29.5,7,13,0,0,0.3,False,True,False,False,False,False,False
30.1,7,14,0,0,0.55,False,False,False,True,False,False,False
30.9,7,15,0,0,0.58,False,False,False,True,False,False,False
31.1,7,16,0,1,0.89,True,False,False,False,False,False,False
31.0,7,17,0,1,0.92,True,False,False,False,False,False,False
29.5,7,18,0,0,0.32,False,True,False,False,False,False,False
28.5,7,19,0,0,0.78,False,False,True,False,False,False,False
27.8,7,20,0,0,0.66,False,False,False,False,True,False,False
27.0,7,10,0,0,0.62,False,False,True,False,False,False,False
28.9,7,11,0,1,0.8,True,False,False,False,False,False,False
30.3,7,12,0,0,0.31,False,True,False,False,False,False,False
31.3,7,13,0,1,0.88,True,False,False,False,False,False,False
32.3,7,14,0,1,0.87,True,False,False,False,False,False,False
32.8,7,15,0,1,0.92,True,False,False,False,False,False,False
33.1,7,16,0,0,0.57,False,False,False,True,False,False,False
33.1,7,17,0,0,0.76,False,False,False,False,True,False,False
32.5,7,18,0,1,0.89,True,False,False,False,False,False,False
31.9,7,19,0,1,0.82,True,False,False,False,False,False,False
30.0,7,20,0,1,0.84,True,False,False,False,False,False,False
25.5,7,10,0,0,0.43,False,False,False,True,False,False,False
26.2,7,11,0,0,0.27,False,True,False,False,False,False,False
27.1,7,12,0,0,0.3,False,True,False,False,False,False,False
28.3,7,13,0,0,0.55,False,False,False,True,False,False,False
26.6,7,14,0,0,0.31,False,True,False,False,False,False,False
27.8,7,15,0,0,0.53,False,False,False,True,False,False,False
24.6,7,16,0,0,0.32,False,True,False,False,False,False,False
25.1,7,17,0,0,0.3,False,True,False,False,False,False,False
23.8,7,18,0,0,0.32,False,True,False,False,False,False,False
21.9,7,19,0,0,0.25,False,True,False,False,False,False,False
20.5,7,20,0,0,0.25,False,True,False,False,False,False,False
20.0,8,10,0,1,0.5,True,False,False,False,False,False,False
21.7,8,11,0,1,0.57,True,False,False,False,False,False,False
23.2,8,12,0,1,0.69,True,False,False,False,False,False,False
24.8,8,13,0,0,0.59,False,False,False,False,True,False,False
25.7,8,14,0,0,0.45,False,False,False,True,False,False,False
26.2,8,15,0,0,0.6,False,False,False,False,True,False,False
26.2,8,16,0,0,0.63,False,False,False,False,True,False,False
25.9,8,17,0,1,0.78,True,False,False,False,False,False,False
25.4,8,18,0,1,0.78,True,False,False,False,False,False,False
24.5,8,19,0,1,0.72,True,False,False,False,False,False,False
22.7,8,20,0,1,0.7,True,False,False,False,False,False,False
20.3,8,10,1,0,0.38,False,False,False,True,False,False,False
22.0,8,11,1,0,0.49,False,False,False,True,False,False,False
23.3,8,12,1,0,0.5,False,False,False,True,False,False,False
24.4,8,13,1,0,0.71,False,False,False,False,True,False,False
25.3,8,14,1,0,0.54,False,False,False,True,False,False,False
25.6,8,15,1,0,0.53,False,False,False,True,False,False,False
25.2,8,16,1,0,0.56,False,False,False,True,False,False,False
24.9,8,17,1,0,0.55,False,False,False,True,False,False,False
24.7,8,18,1,0,0.7,False,False,False,False,True,False,False
24.2,8,19,1,0,0.75,False,False,True,False,False,False,False
23.4,8,20,1,0,0.49,False,False,False,True,False,False,False
21.9,8,10,1,1,0.68,True,False,False,False,False,False,False
23.9,8,11,1,1,0.79,True,False,False,False,False,False,False
24.9,8,12,1,1,0.81,True,False,False,False,False,False,False
25.8,8,13,1,1,0.88,True,False,False,False,False,False,False
26.6,8,14,1,1,0.86,True,False,False,False,False,False,False
27.1,8,15,1,1,0.9,True,False,False,False,False,False,False
27.3,8,16,1,1,0.88,True,False,False,False,False,False,False
27.3,8,17,1,1,0.91,True,False,False,False,False,False,False
26.9,8,18,1,1,0.87,True,False,False,False,False,False,False
26.2,8,19,1,1,0.84,True,False,False,False,False,False,False
25.2,8,20,1,1,0.83,True,False,False,False,False,False,False
22.9,8,10,0,0,0.38,False,False,False,True,False,False,False
24.7,8,11,0,0,0.41,False,False,False,True,False,False,False
25.9,8,12,0,0,0.4,False,False,False,True,False,False,False
27.0,8,13,0,0,0.44,False,False,False,True,False,False,False
27.5,8,14,0,0,0.42,False,False,False,True,False,False,False
28.3,8,15,0,0,0.74,False,False,True,False,False,False,False
28.8,8,16,0,0,0.49,False,False,False,True,False,False,False
28.7,8,17,0,0,0.51,False,False,False,True,False,False,False
28.3,8,18,0,0,0.49,False,False,False,True,False,False,False
27.3,8,19,0,0,0.63,False,False,True,False,False,False,False
26.1,8,20,0,0,0.42,False,False,False,True,False,False,False
24.1,8,10,0,0,0.55,False,False,True,False,False,False,False
25.6,8,11,0,0,0.59,False,False,True,False,False,False,False
26.9,8,12,0,0,0.58,False,False,True,False,False,False,False
27.4,8,13,0,0,0.65,False,False,True,False,False,False,False
28.5,8,14,0,1,0.78,True,False,False,False,False,False,False
28.3,8,15,0,0,0.73,False,False,True,False,False,False,False
28.5,8,16,0,0,0.72,False,False,True,False,False,False,False
29.1,8,17,0,0,0.49,False,False,False,True,False,False,False
28.4,8,18,0,0,0.49,False,False,False,True,False,False,False
27.0,8,19,0,0,0.45,False,False,False,True,False,False,False
24.8,8,20,0,0,0.44,False,False,False,True,False,False,False
22.7,8,10,0,0,0.35,False,False,False,True,False,False,False
24.5,8,11,0,0,0.54,False,False,False,False,True,False,False
26.2,8,12,0,0,0.43,False,False,False,True,False,False,False
26.9,8,13,0,0,0.64,False,False,True,False,False,False,False
27.8,8,14,0,1,0.71,True,False,False,False,False,False,False
28.7,8,15,0,1,0.83,True,False,False,False,False,False,False
28.8,8,16,0,1,0.8,True,False,False,False,False,False,False
28.7,8,17,0,0,0.76,False,False,True,False,False,False,False
27.9,8,18,0,1,0.74,True,False,False,False,False,False,False
26.8,8,19,0,1,0.69,True,False,False,False,False,False,False
25.3,8,20,0,1,0.67,True,False,False,False,False,False,False
23.1,8,10,0,1,0.61,True,False,False,False,False,False,False
25.0,8,11,0,0,0.52,False,False,False,False,True,False,False
26.9,8,12,0,0,0.41,False,False,False,True,False,False,False
28.0,8,13,0,0,0.48,False,False,False,True,False,False,False
28.9,8,14,0,0,0.48,False,False,False,True,False,False,False
29.4,8,15,0,0,0.52,False,False,False,True,False,False,False
27.6,8,16,0,1,0.75,True,False,False,False,False,False,False
28.2,8,17,0,0,0.65,False,False,False,False,True,False,False
28.2,8,18,0,0,0.51,False,False,False,True,False,False,False
27.2,8,19,0,0,0.44,False,False,False,True,False,False,False
26.2,8,20,0,0,0.65,False,False,True,False,False,False,False
23.0,8,10,0,0,0.52,False,False,True,False,False,False,False
24.6,8,11,0,0,0.57,False,False,True,False,False,False,False
26.3,8,12,0,0,0.62,False,False,True,False,False,False,False
27.8,8,13,0,0,0.63,False,False,True,False,False,False,False
28.6,8,14,0,0,0.69,False,False,True,False,False,False,False
29.1,8,15,0,0,0.72,False,False,True,False,False,False,False
29.6,8,16,0,0,0.52,False,False,False,True,False,False,False
29.6,8,17,0,0,0.49,False,False,False,True,False,False,False
28.8,8,18,0,0,0.5,False,False,False,True,False,False,False
28.0,8,19,0,0,0.45,False,False,False,True,False,False,False
26.8,8,20,0,0,0.61,False,False,True,False,False,False,False
24.4,8,10,1,1,0.7,True,False,False,False,False,False,False
26.3,8,11,1,1,0.75,True,False,False,False,False,False,False
27.9,8,12,1,1,0.79,True,False,False,False,False,False,False
29.0,8,13,1,1,0.88,True,False,False,False,False,False,False
29.7,8,14,1,1,0.91,True,False,False,False,False,False,False
30.3,8,15,1,1,0.97,True,False,False,False,False,False,False
30.6,8,16,1,1,0.93,True,False,False,False,False,False,False
30.7,8,17,1,1,0.94,True,False,False,False,False,False,False
30.2,8,18,1,1,0.93,True,False,False,False,False,False,False
29.4,8,19,1,1,0.88,True,False,False,False,False,False,False
28.1,8,20,1,1,0.87,True,False,False,False,False,False,False
24.9,8,10,1,1,0.74,True,False,False,False,False,False,False
27.0,8,11,1,1,0.77,True,False,False,False,False,False,False
28.7,8,12,1,1,0.82,True,False,False,False,False,False,False
30.1,8,13,1,1,0.92,True,False,False,False,False,False,False
31.4,8,14,1,1,0.89,True,False,False,False,False,False,False
32.1,8,15,1,0,0.87,False,False,True,False,False,False,False
32.6,8,16,1,0,0.83,False,False,True,False,False,False,False
32.6,8,17,1,0,0.58,False,False,False,True,False,False,False
31.4,8,18,1,0,0.74,False,False,False,False,True,False,False
30.3,8,19,1,1,0.88,True,False,False,False,False,False,False
29.3,8,20,1,1,0.89,True,False,False,False,False,False,False
25.5,8,10,0,1,0.59,True,False,False,False,False,False,False
27.6,8,11,0,1,0.64,True,False,False,False,False,False,False
29.5,8,12,0,0,0.62,False,False,True,False,False,False,False
30.5,8,13,0,0,0.31,False,True,False,False,False,False,False
31.2,8,14,0,0,0.7,False,False,True,False,False,False,False
31.5,8,15,0,0,0.31,False,True,False,False,False,False,False
31.7,8,16,0,1,0.81,True,False,False,False,False,False,False
31.9,8,17,0,1,0.8,True,False,False,False,False,False,False
31.5,8,18,0,1,0.81,True,False,False,False,False,False,False
30.9,8,19,0,0,0.66,False,False,True,False,False,False,False
30.0,8,20,0,1,0.72,True,False,False,False,False,False,False
27.2,8,10,0,1,0.58,True,False,False,False,False,False,False
29.3,8,11,0,0,0.61,False,False,True,False,False,False,False
30.5,8,12,0,1,0.73,True,False,False,False,False,False,False
32.0,8,13,0,1,0.79,True,False,False,False,False,False,False
32.6,8,14,0,1,0.79,True,False,False,False,False,False,False
33.0,8,15,0,1,0.79,True,False,False,False,False,False,False
33.5,8,16,0,0,0.71,False,False,True,False,False,False,False
33.2,8,17,0,1,0.81,True,False,False,False,False,False,False
32.6,8,18,0,1,0.8,True,False,False,False,False,False,False
31.8,8,19,0,1,0.75,True,False,False,False,False,False,False
30.8,8,20,0,1,0.74,True,False,False,False,False,False,False
23.7,8,10,0,0,0.22,False,True,False,False,False,False,False
25.4,8,11,0,0,0.22,False,True,False,False,False,False,False
25.6,8,12,0,0,0.24,False,True,False,False,False,False,False
27.9,8,13,0,0,0.29,False,True,False,False,False,False,False
28.6,8,14,0,0,0.31,False,True,False,False,False,False,False
23.6,8,15,0,0,0.19,False,False,False,False,False,True,False
23.4,8,16,0,0,0.26,False,True,False,False,False,False,False
26.1,8,17,0,0,0.28,False,True,False,False,False,False,False
26.5,8,18,0,0,0.29,False,True,False,False,False,False,False
22.9,8,19,0,0,0.15,False,False,False,False,False,True,False
22.3,8,20,0,0,0.28,False,True,False,False,False,False,False
23.9,8,10,0,0,0.48,False,False,False,False,True,False,False
25.5,8,11,0,0,0.57,False,False,True,False,False,False,False
26.5,8,12,0,0,0.6,False,False,True,False,False,False,False
27.0,8,13,0,0,0.27,False,True,False,False,False,False,False
27.6,8,14,0,0,0.29,False,True,False,False,False,False,False
28.0,8,15,0,0,0.72,False,False,True,False,False,False,False
28.0,8,16,0,1,0.79,True,False,False,False,False,False,False
28.3,8,17,0,1,0.82,True,False,False,False,False,False,False
27.9,8,18,0,1,0.75,True,False,False,False,False,False,False
27.0,8,19,0,1,0.68,True,False,False,False,False,False,False
25.1,8,20,0,1,0.67,True,False,False,False,False,False,False
24.0,8,10,0,1,0.59,True,False,False,False,False,False,False
26.6,8,11,0,1,0.66,True,False,False,False,False,False,False
28.4,8,12,0,1,0.73,True,False,False,False,False,False,False
29.5,8,13,0,1,0.76,True,False,False,False,False,False,False
30.5,8,14,0,0,0.72,False,False,True,False,False,False,False
31.0,8,15,0,0,0.72,False,False,True,False,False,False,False
31.1,8,16,0,0,0.48,False,False,False,True,False,False,False
30.9,8,17,0,0,0.48,False,False,False,True,False,False,False
30.5,8,18,0,0,0.49,False,False,False,True,False,False,False
29.5,8,19,0,1,0.77,True,False,False,False,False,False,False
26.8,8,20,0,0,0.64,False,False,True,False,False,False,False
25.7,8,10,1,1,0.71,True,False,False,False,False,False,False
28.2,8,11,1,0,0.75,False,False,True,False,False,False,False
29.8,8,12,1,0,0.67,False,False,False,False,True,False,False
30.7,8,13,1,0,0.32,False,True,False,False,False,False,False
31.7,8,14,1,0,0.79,False,False,True,False,False,False,False
32.2,8,15,1,0,0.84,False,False,True,False,False,False,False
32.3,8,16,1,0,0.85,False,False,True,False,False,False,False
31.7,8,17,1,0,0.78,False,False,False,False,True,False,False
31.0,8,18,1,0,0.76,False,False,False,False,True,False,False
30.3,8,19,1,0,0.78,False,False,True,False,False,False,False
28.8,8,20,1,1,0.88,True,False,False,False,False,False,False
22.0,8,10,1,0,0.14,False,False,False,False,False,True,False
24.2,8,11,1,0,0.3,False,True,False,False,False,False,False
27.4,8,12,1,0,0.49,False,False,False,True,False,False,False
28.8,8,13,1,0,0.57,False,False,False,True,False,False,False
28.3,8,14,1,0,0.32,False,True,False,False,False,False,False
26.5,8,15,1,0,0.34,False,True,False,False,False,False,False
28.2,8,16,1,0,0.35,False,True,False,False,False,False,False
27.8,8,17,1,0,0.35,False,True,False,False,False,False,False
27.4,8,18,1,0,0.53,False,False,False,True,False,False,False
26.4,8,19,1,0,0.49,False,False,False,True,False,False,False
25.1,8,20,1,0,0.66,False,False,False,False,True,False,False
21.7,8,10,0,1,0.5,True,False,False,False,False,False,False
23.1,8,11,0,1,0.66,True,False,False,False,False,False,False
24.7,8,12,0,0,0.51,False,False,False,False,True,False,False
26.0,8,13,0,0,0.57,False,False,False,False,True,False,False
26.9,8,14,0,0,0.64,False,False,True,False,False,False,False
27.6,8,15,0,0,0.67,False,False,True,False,False,False,False
27.9,8,16,0,1,0.76,True,False,False,False,False,False,False
28.0,8,17,0,1,0.83,True,False,False,False,False,False,False
27.6,8,18,0,1,0.77,True,False,False,False,False,False,False
26.8,8,19,0,1,0.68,True,False,False,False,False,False,False
25.1,8,20,0,1,0.69,True,False,False,False,False,False,False
24.0,8,10,0,1,0.6,True,False,False,False,False,False,False
26.3,8,11,0,1,0.63,True,False,False,False,False,False,False
28.3,8,12,0,1,0.7,True,False,False,False,False,False,False
29.7,8,13,0,1,0.77,True,False,False,False,False,False,False
30.9,8,14,0,1,0.79,True,False,False,False,False,False,False
32.2,8,15,0,1,0.82,True,False,False,False,False,False,False
32.9,8,16,0,1,0.81,True,False,False,False,False,False,False
33.1,8,17,0,0,0.67,False,False,False,False,True,False,False
31.7,8,18,0,0,0.51,False,False,False,True,False,False,False
29.8,8,19,0,0,0.69,False,False,True,False,False,False,False
26.7,8,20,0,0,0.58,False,False,False,False,True,False,False
23.1,8,10,0,0,0.23,False,True,False,False,False,False,False
24.9,8,11,0,0,0.23,False,True,False,False,False,False,False
25.9,8,12,0,0,0.24,False,True,False,False,False,False,False
26.4,8,13,0,0,0.28,False,True,False,False,False,False,False
26.9,8,14,0,0,0.27,False,True,False,False,False,False,False
27.6,8,15,0,0,0.3,False,True,False,False,False,False,False
28.0,8,16,0,0,0.32,False,True,False,False,False,False,False
27.8,8,17,0,0,0.48,False,False,False,True,False,False,False
27.1,8,18,0,0,0.46,False,False,False,True,False,False,False
26.5,8,19,0,0,0.64,False,False,True,False,False,False,False
25.3,8,20,0,0,0.62,False,False,True,False,False,False,False
22.2,8,10,0,0,0.38,False,False,False,True,False,False,False
23.0,8,11,0,0,0.42,False,False,False,True,False,False,False
23.8,8,12,0,0,0.43,False,False,False,True,False,False,False
24.9,8,13,0,0,0.25,False,True,False,False,False,False,False
25.7,8,14,0,0,0.29,False,True,False,False,False,False,False
26.1,8,15,0,0,0.28,False,True,False,False,False,False,False
26.6,8,16,0,0,0.71,False,False,True,False,False,False,False
26.2,8,17,0,0,0.6,False,False,False,False,True,False,False
25.8,8,18,0,0,0.62,False,False,False,False,True,False,False
24.6,8,19,0,0,0.63,False,False,True,False,False,False,False
23.3,8,20,0,0,0.63,False,False,True,False,False,False,False
22.3,8,10,0,1,0.6,True,False,False,False,False,False,False
24.3,8,11,0,0,0.54,False,False,False,False,True,False,False
25.4,8,12,0,0,0.53,False,False,False,False,True,False,False
26.1,8,13,0,0,0.6,False,False,False,False,True,False,False
27.0,8,14,0,0,0.45,False,False,False,True,False,False,False
27.2,8,15,0,0,0.6,False,False,False,False,True,False,False
27.3,8,16,0,0,0.62,False,False,False,False,True,False,False
27.4,8,17,0,0,0.68,False,False,True,False,False,False,False
27.3,8,18,0,0,0.69,False,False,True,False,False,False,False
26.7,8,19,0,0,0.63,False,False,True,False,False,False,False
25.3,8,20,0,1,0.71,True,False,False,False,False,False,False
24.7,8,10,1,1,0.72,True,False,False,False,False,False,False
26.7,8,11,1,0,0.29,False,True,False,False,False,False,False
27.9,8,12,1,0,0.63,False,False,False,False,True,False,False
29.2,8,13,1,0,0.83,False,False,True,False,False,False,False
30.3,8,14,1,0,0.83,False,False,True,False,False,False,False
30.9,8,15,1,0,0.87,False,False,True,False,False,False,False
30.6,8,16,1,0,0.34,False,True,False,False,False,False,False
29.9,8,17,1,0,0.34,False,True,False,False,False,False,False
29.4,8,18,1,0,0.87,False,False,True,False,False,False,False
28.5,8,19,1,0,0.33,False,True,False,False,False,False,False
27.7,8,20,1,0,0.76,False,False,True,False,False,False,False
23.9,8,10,1,0,0.25,False,True,False,False,False,False,False
25.2,8,11,1,0,0.31,False,True,False,False,False,False,False
26.4,8,12,1,0,0.32,False,True,False,False,False,False,False
27.4,8,13,1,0,0.76,False,False,True,False,False,False,False
27.9,8,14,1,1,0.83,True,False,False,False,False,False,False
29.0,8,15,1,0,0.84,False,False,True,False,False,False,False
29.3,8,16,1,0,0.84,False,False,True,False,False,False,False
28.3,8,17,1,0,0.83,False,False,True,False,False,False,False
27.8,8,18,1,0,0.81,False,False,True,False,False,False,False
26.8,8,19,1,0,0.53,False,False,False,True,False,False,False
25.3,8,20,1,0,0.49,False,False,False,True,False,False,False
20.0,8,10,0,0,0.48,False,False,True,False,False,False,False
21.5,8,11,0,0,0.52,False,False,True,False,False,False,False
22.8,8,12,0,0,0.58,False,False,True,False,False,False,False
23.7,8,13,0,0,0.63,False,False,True,False,False,False,False
24.1,8,14,0,0,0.6,False,False,False,False,True,False,False
24.6,8,15,0,0,0.46,False,False,False,True,False,False,False
23.3,8,16,0,0,0.71,False,False,True,False,False,False,False
23.2,8,17,0,0,0.68,False,False,True,False,False,False,False
22.3,8,18,0,0,0.71,False,False,True,False,False,False,False
21.0,8,19,0,0,0.55,False,False,True,False,False,False,False
19.3,8,20,0,0,0.5,False,False,False,False,True,False,False
18.1,8,10,0,0,0.19,False,True,False,False,False,False,False
19.5,8,11,0,0,0.19,False,True,False,False,False,False,False
20.7,8,12,0,0,0.53,False,False,True,False,False,False,False
20.9,8,13,0,0,0.27,False,True,False,False,False,False,False
20.9,8,14,0,0,0.23,False,True,False,False,False,False,False
21.4,8,15,0,1,0.7,True,False,False,False,False,False,False
21.7,8,16,0,1,0.69,True,False,False,False,False,False,False
21.5,8,17,0,0,0.61,False,False,True,False,False,False,False
20.7,8,18,0,0,0.61,False,False,True,False,False,False,False
19.6,8,19,0,0,0.37,False,False,False,True,False,False,False
18.6,8,20,0,0,0.38,False,False,False,True,False,False,False
16.6,8,10,0,1,0.47,True,False,False,False,False,False,False
18.8,8,11,0,0,0.22,False,True,False,False,False,False,False
19.7,8,12,0,1,0.61,True,False,False,False,False,False,False
21.2,8,13,0,0,0.6,False,False,True,False,False,False,False
21.7,8,14,0,0,0.42,False,False,False,True,False,False,False
21.3,8,15,0,0,0.55,False,False,False,False,True,False,False
21.8,8,16,0,0,0.43,False,False,False,True,False,False,False
21.3,8,17,0,0,0.65,False,False,True,False,False,False,False
21.6,8,18,0,0,0.44,False,False,False,True,False,False,False
21.0,8,19,0,0,0.4,False,False,False,True,False,False,False
19.2,8,20,0,0,0.4,False,False,False,True,False,False,False
17.4,8,10,0,1,0.54,True,False,False,False,False,False,False
20.3,8,11,0,1,0.59,True,False,False,False,False,False,False
22.0,8,12,0,0,0.4,False,False,False,True,False,False,False
23.0,8,13,0,0,0.44,False,False,False,True,False,False,False
22.7,8,14,0,0,0.44,False,False,False,True,False,False,False
22.9,8,15,0,0,0.45,False,False,False,True,False,False,False
22.9,8,16,0,0,0.48,False,False,False,True,False,False,False
22.2,8,17,0,0,0.49,False,False,False,True,False,False,False
20.1,8,18,0,0,0.42,False,False,False,True,False,False,False
18.8,8,19,0,0,0.38,False,False,False,True,False,False,False
17.9,8,20,0,0,0.24,False,True,False,False,False,False,False
16.7,8,10,0,0,0.43,False,False,True,False,False,False,False
17.8,8,11,0,0,0.52,False,False,True,False,False,False,False
19.0,8,12,0,0,0.52,False,False,True,False,False,False,False
19.7,8,13,0,0,0.59,False,False,True,False,False,False,False
20.3,8,14,0,0,0.59,False,False,True,False,False,False,False
21.0,8,15,0,0,0.55,False,False,False,False,True,False,False
21.0,8,16,0,0,0.58,False,False,False,False,True,False,False
20.6,8,17,0,0,0.64,False,False,True,False,False,False,False
20.3,8,18,0,0,0.55,False,False,False,False,True,False,False
18.5,8,19,0,0,0.4,False,False,False,True,False,False,False
16.3,8,20,0,0,0.43,False,False,False,False,True,False,False
15.4,8,10,1,1,0.62,True,False,False,False,False,False,False
17.4,8,11,1,0,0.65,False,False,True,False,False,False,False
18.7,8,12,1,0,0.65,False,False,True,False,False,False,False
19.9,8,13,1,1,0.77,True,False,False,False,False,False,False
20.9,8,14,1,1,0.79,True,False,False,False,False,False,False
21.8,8,15,1,1,0.85,True,False,False,False,False,False,False
22.2,8,16,1,1,0.91,True,False,False,False,False,False,False
22.1,8,17,1,1,0.9,True,False,False,False,False,False,False
21.4,8,18,1,1,0.84,True,False,False,False,False,False,False
20.4,8,19,1,1,0.76,True,False,False,False,False,False,False
18.9,8,20,1,1,0.76,True,False,False,False,False,False,False
16.8,8,10,1,1,0.61,True,False,False,False,False,False,False
19.5,8,11,1,1,0.7,True,False,False,False,False,False,False
21.3,8,12,1,1,0.74,True,False,False,False,False,False,False
22.5,8,13,1,1,0.84,True,False,False,False,False,False,False
23.4,8,14,1,1,0.88,True,False,False,False,False,False,False
24.0,8,15,1,1,0.91,True,False,False,False,False,False,False
24.2,8,16,1,1,0.91,True,False,False,False,False,False,False
23.8,8,17,1,1,0.88,True,False,False,False,False,False,False
23.1,8,18,1,1,0.91,True,False,False,False,False,False,False
22.5,8,19,1,1,0.84,True,False,False,False,False,False,False
21.2,8,20,1,1,0.74,True,False,False,False,False,False,False
22.0,9,11,0,1,0.4,True,False,False,False,False,False,False
23.7,9,12,0,0,0.27,False,False,False,True,False,False,False
24.1,9,13,0,0,0.3,False,False,False,True,False,False,False
24.3,9,14,0,0,0.33,False,False,False,True,False,False,False
24.4,9,15,0,0,0.37,False,False,False,True,False,False,False
23.6,9,16,0,0,0.47,False,False,False,False,True,False,False
24.3,9,17,0,0,0.34,False,False,False,True,False,False,False
23.5,9,18,0,0,0.5,False,False,True,False,False,False,False
22.3,9,11,0,1,0.38,True,False,False,False,False,False,False
23.9,9,12,0,0,0.39,False,False,False,False,True,False,False
24.2,9,13,0,0,0.47,False,False,True,False,False,False,False
25.1,9,14,0,0,0.49,False,False,True,False,False,False,False
25.5,9,15,0,0,0.47,False,False,False,False,True,False,False
25.8,9,16,0,0,0.33,False,False,False,True,False,False,False
25.1,9,17,0,0,0.52,False,False,True,False,False,False,False
24.6,9,18,0,0,0.52,False,False,True,False,False,False,False
21.9,9,11,0,1,0.34,True,False,False,False,False,False,False
24.1,9,12,0,1,0.43,True,False,False,False,False,False,False
25.8,9,13,0,0,0.47,False,False,True,False,False,False,False
26.3,9,14,0,0,0.49,False,False,True,False,False,False,False
27.2,9,15,0,1,0.58,True,False,False,False,False,False,False
27.6,9,16,0,1,0.56,True,False,False,False,False,False,False
25.3,9,17,0,0,0.19,False,True,False,False,False,False,False
22.1,9,18,0,0,0.21,False,True,False,False,False,False,False
20.6,9,11,0,0,0.12,False,True,False,False,False,False,False
20.8,9,12,0,0,0.15,False,True,False,False,False,False,False
18.6,9,13,0,0,0.12,False,False,False,False,False,True,False
18.1,9,14,0,0,0.11,False,False,False,False,False,True,False
20.3,9,15,0,0,0.18,False,True,False,False,False,False,False
20.9,9,16,0,0,0.18,False,True,False,False,False,False,False
18.3,9,17,0,0,0.17,False,True,False,False,False,False,False
18.3,9,18,0,0,0.17,False,True,False,False,False,False,False
20.4,9,11,0,0,0.14,False,True,False,False,False,False,False
22.0,9,12,0,1,0.44,True,False,False,False,False,False,False
23.4,9,13,0,1,0.52,True,False,False,False,False,False,False
25.3,9,14,0,0,0.32,False,False,False,True,False,False,False
24.4,9,15,0,0,0.52,False,False,True,False,False,False,False
25.6,9,16,0,0,0.34,False,False,False,True,False,False,False
25.1,9,17,0,0,0.21,False,True,False,False,False,False,False
23.3,9,18,0,0,0.23,False,True,False,False,False,False,False
18.2,9,11,1,0,0.29,False,False,False,True,False,False,False
19.0,9,12,1,0,0.31,False,False,False,True,False,False,False
18.6,9,13,1,0,0.24,False,True,False,False,False,False,False
18.7,9,14,1,0,0.24,False,True,False,False,False,False,False
18.0,9,15,1,0,0.22,False,True,False,False,False,False,False
18.7,9,16,1,0,0.25,False,True,False,False,False,False,False
18.6,9,17,1,0,0.37,False,False,False,True,False,False,False
18.3,9,18,1,0,0.37,False,False,False,True,False,False,False
17.1,9,11,1,0,0.41,False,False,True,False,False,False,False
17.9,9,12,1,0,0.48,False,False,True,False,False,False,False
18.5,9,13,1,0,0.52,False,False,True,False,False,False,False
19.3,9,14,1,0,0.51,False,False,True,False,False,False,False
19.5,9,15,1,0,0.36,False,False,False,True,False,False,False
19.0,9,16,1,0,0.4,False,False,False,True,False,False,False
19.0,9,17,1,0,0.39,False,False,False,True,False,False,False
18.6,9,18,1,1,0.63,True,False,False,False,False,False,False
17.1,9,11,0,1,0.33,True,False,False,False,False,False,False
18.7,9,12,0,1,0.35,True,False,False,False,False,False,False
20.0,9,13,0,0,0.35,False,False,False,False,True,False,False
20.0,9,14,0,0,0.35,False,False,False,False,True,False,False
20.4,9,15,0,0,0.39,False,False,False,False,True,False,False
20.2,9,16,0,0,0.45,False,False,True,False,False,False,False
20.1,9,17,0,0,0.47,False,False,True,False,False,False,False
19.8,9,18,0,1,0.51,True,False,False,False,False,False,False
18.2,9,11,0,1,0.33,True,False,False,False,False,False,False
20.0,9,12,0,1,0.38,True,False,False,False,False,False,False
21.0,9,13,0,1,0.47,True,False,False,False,False,False,False
21.7,9,14,0,1,0.47,True,False,False,False,False,False,False
22.2,9,15,0,1,0.54,True,False,False,False,False,False,False
22.3,9,16,0,1,0.57,True,False,False,False,False,False,False
22.2,9,17,0,1,0.57,True,False,False,False,False,False,False
21.6,9,18,0,1,0.48,True,False,False,False,False,False,False
19.1,9,11,0,1,0.3,True,False,False,False,False,False,False
21.0,9,12,0,1,0.37,True,False,False,False,False,False,False
22.3,9,13,0,0,0.44,False,False,False,False,True,False,False
23.2,9,14,0,0,0.35,False,False,False,True,False,False,False
23.6,9,15,0,0,0.36,False,False,False,True,False,False,False
23.6,9,16,0,0,0.36,False,False,False,True,False,False,False
23.4,9,17,0,0,0.37,False,False,False,True,False,False,False
23.0,9,18,0,0,0.49,False,False,True,False,False,False,False
20.5,9,11,0,1,0.32,True,False,False,False,False,False,False
23.1,9,12,0,1,0.44,True,False,False,False,False,False,False
24.4,9,13,0,1,0.53,True,False,False,False,False,False,False
25.5,9,14,0,1,0.54,True,False,False,False,False,False,False
26.0,9,15,0,1,0.57,True,False,False,False,False,False,False
26.3,9,16,0,1,0.54,True,False,False,False,False,False,False
26.2,9,17,0,1,0.55,True,False,False,False,False,False,False
25.5,9,18,0,0,0.5,False,False,True,False,False,False,False
20.4,9,11,0,1,0.3,True,False,False,False,False,False,False
23.0,9,12,0,1,0.45,True,False,False,False,False,False,False
25.0,9,13,0,1,0.53,True,False,False,False,False,False,False
26.1,9,14,0,1,0.5,True,False,False,False,False,False,False
26.7,9,15,0,1,0.54,True,False,False,False,False,False,False
27.0,9,16,0,1,0.57,True,False,False,False,False,False,False
26.9,9,17,0,1,0.55,True,False,False,False,False,False,False
26.5,9,18,0,1,0.56,True,False,False,False,False,False,False
21.6,9,11,1,0,0.27,False,False,False,True,False,False,False
24.1,9,12,1,0,0.38,False,False,False,True,False,False,False
26.0,9,13,1,0,0.41,False,False,False,True,False,False,False
27.2,9,14,1,0,0.4,False,False,False,True,False,False,False
27.8,9,15,1,0,0.4,False,False,False,True,False,False,False
27.9,9,16,1,0,0.43,False,False,False,True,False,False,False
27.3,9,17,1,0,0.43,False,False,False,True,False,False,False
26.8,9,18,1,0,0.41,False,False,False,True,False,False,False
23.3,9,11,1,1,0.53,True,False,False,False,False,False,False
25.5,9,12,1,1,0.58,True,False,False,False,False,False,False
26.8,9,13,1,1,0.67,True,False,False,False,False,False,False
27.5,9,14,1,1,0.64,True,False,False,False,False,False,False
28.0,9,15,1,1,0.75,True,False,False,False,False,False,False
28.1,9,16,1,1,0.74,True,False,False,False,False,False,False
27.8,9,17,1,1,0.71,True,False,False,False,False,False,False
27.2,9,18,1,1,0.69,True,False,False,False,False,False,False
24.9,9,11,0,1,0.42,True,False,False,False,False,False,False
26.8,9,12,0,0,0.38,False,False,False,False,True,False,False
28.2,9,13,0,0,0.34,False,False,False,True,False,False,False
28.7,9,14,0,0,0.37,False,False,False,True,False,False,False
29.1,9,15,0,0,0.36,False,False,False,True,False,False,False
28.9,9,16,0,0,0.38,False,False,False,True,False,False,False
28.3,9,17,0,0,0.4,False,False,False,True,False,False,False
27.8,9,18,0,0,0.34,False,False,False,True,False,False,False
23.8,9,11,0,0,0.23,False,False,False,True,False,False,False
25.3,9,12,0,0,0.28,False,False,False,True,False,False,False
26.7,9,13,0,0,0.32,False,False,False,True,False,False,False
26.6,9,14,0,0,0.31,False,False,False,True,False,False,False
26.7,9,15,0,0,0.36,False,False,False,True,False,False,False
27.0,9,16,0,0,0.37,False,False,False,True,False,False,False
26.9,9,17,0,0,0.33,False,False,False,True,False,False,False
25.9,9,18,0,0,0.37,False,False,False,True,False,False,False
23.2,9,11,0,1,0.42,True,False,False,False,False,False,False
24.7,9,12,0,0,0.42,False,False,True,False,False,False,False
26.0,9,13,0,0,0.48,False,False,True,False,False,False,False
26.9,9,14,0,1,0.54,True,False,False,False,False,False,False
27.2,9,15,0,1,0.57,True,False,False,False,False,False,False
27.4,9,16,0,1,0.59,True,False,False,False,False,False,False
27.4,9,17,0,1,0.58,True,False,False,False,False,False,False
26.9,9,18,0,1,0.57,True,False,False,False,False,False,False
22.8,9,11,0,1,0.41,True,False,False,False,False,False,False
25.3,9,12,0,1,0.43,True,False,False,False,False,False,False
26.9,9,13,0,1,0.53,True,False,False,False,False,False,False
27.9,9,14,0,1,0.54,True,False,False,False,False,False,False
28.7,9,15,0,1,0.64,True,False,False,False,False,False,False
29.2,9,16,0,0,0.55,False,False,True,False,False,False,False
29.2,9,17,0,1,0.6,True,False,False,False,False,False,False
28.4,9,18,0,1,0.6,True,False,False,False,False,False,False
24.1,9,11,0,1,0.41,True,False,False,False,False,False,False
26.4,9,12,0,1,0.45,True,False,False,False,False,False,False
28.0,9,13,0,1,0.57,True,False,False,False,False,False,False
28.6,9,14,0,1,0.57,True,False,False,False,False,False,False
29.1,9,15,0,0,0.56,False,False,True,False,False,False,False
29.1,9,16,0,1,0.6,True,False,False,False,False,False,False
28.9,9,17,0,1,0.63,True,False,False,False,False,False,False
27.5,9,18,0,0,0.22,False,True,False,False,False,False,False
24.3,9,11,1,0,0.31,False,False,False,True,False,False,False
26.2,9,12,1,0,0.34,False,False,False,True,False,False,False
27.5,9,13,1,0,0.38,False,False,False,True,False,False,False
28.3,9,14,1,0,0.45,False,False,False,True,False,False,False
23.9,9,15,1,0,0.24,False,True,False,False,False,False,False
24.6,9,16,1,0,0.45,False,False,False,True,False,False,False
25.4,9,17,1,0,0.25,False,True,False,False,False,False,False
24.6,9,18,1,0,0.43,False,False,False,True,False,False,False
22.5,9,11,1,1,0.52,True,False,False,False,False,False,False
24.0,9,12,1,0,0.52,False,False,True,False,False,False,False
25.3,9,13,1,1,0.65,True,False,False,False,False,False,False
26.4,9,14,1,0,0.52,False,False,False,False,True,False,False
26.0,9,15,1,0,0.25,False,True,False,False,False,False,False
25.3,9,16,1,0,0.23,False,True,False,False,False,False,False
25.4,9,17,1,0,0.45,False,False,False,True,False,False,False
24.9,9,18,1,0,0.42,False,False,False,True,False,False,False
24.0,9,11,0,0,0.23,False,False,False,True,False,False,False
25.1,9,12,0,0,0.26,False,False,False,True,False,False,False
26.1,9,13,0,0,0.33,False,False,False,True,False,False,False
26.6,9,14,0,0,0.34,False,False,False,True,False,False,False
26.8,9,15,0,0,0.22,False,True,False,False,False,False,False
27.6,9,16,0,0,0.33,False,False,False,True,False,False,False
25.4,9,17,0,0,0.24,False,True,False,False,False,False,False
24.4,9,18,0,0,0.36,False,False,False,True,False,False,False
20.8,9,11,0,0,0.12,False,True,False,False,False,False,False
21.8,9,12,0,0,0.14,False,True,False,False,False,False,False
20.8,9,13,0,0,0.09,False,False,False,False,False,True,False
22.7,9,14,0,0,0.19,False,True,False,False,False,False,False
22.2,9,15,0,0,0.2,False,True,False,False,False,False,False
22.7,9,16,0,0,0.22,False,True,False,False,False,False,False
23.5,9,17,0,0,0.22,False,True,False,False,False,False,False
22.6,9,18,0,0,0.47,False,False,False,False,True,False,False
17.6,9,11,0,0,0.13,False,True,False,False,False,False,False
18.3,9,12,0,0,0.13,False,True,False,False,False,False,False
18.8,9,13,0,0,0.1,False,False,False,False,False,True,False
19.6,9,14,0,0,0.13,False,False,False,False,False,True,False
20.6,9,15,0,0,0.21,False,True,False,False,False,False,False
20.9,9,16,0,0,0.31,False,False,False,True,False,False,False
21.6,9,17,0,0,0.45,False,False,True,False,False,False,False
21.6,9,18,0,0,0.45,False,False,True,False,False,False,False
18.8,9,11,0,0,0.1,False,False,False,False,False,True,False
19.2,9,12,0,0,0.12,False,False,False,False,False,True,False
19.7,9,13,0,0,0.18,False,True,False,False,False,False,False
20.3,9,14,0,0,0.16,False,True,False,False,False,False,False
21.0,9,15,0,0,0.18,False,True,False,False,False,False,False
22.8,9,16,0,1,0.56,True,False,False,False,False,False,False
22.9,9,17,0,1,0.54,True,False,False,False,False,False,False
22.7,9,18,0,1,0.55,True,False,False,False,False,False,False
19.7,9,11,0,1,0.3,True,False,False,False,False,False,False
21.1,9,12,0,0,0.14,False,True,False,False,False,False,False
22.1,9,13,0,0,0.45,False,False,True,False,False,False,False
23.2,9,14,0,0,0.49,False,False,True,False,False,False,False
23.6,9,15,0,0,0.52,False,False,True,False,False,False,False
23.7,9,16,0,0,0.52,False,False,True,False,False,False,False
23.8,9,17,0,1,0.54,True,False,False,False,False,False,False
23.2,9,18,0,1,0.54,True,False,False,False,False,False,False
20.7,9,11,1,0,0.28,False,False,False,True,False,False,False
23.1,9,12,1,0,0.36,False,False,False,True,False,False,False
23.5,9,13,1,0,0.4,False,False,False,True,False,False,False
23.5,9,14,1,0,0.23,False,True,False,False,False,False,False
22.3,9,15,1,0,0.41,False,False,False,True,False,False,False
22.5,9,16,1,0,0.42,False,False,False,True,False,False,False
22.3,9,17,1,0,0.42,False,False,False,True,False,False,False
21.4,9,18,1,0,0.39,False,False,False,True,False,False,False
19.8,9,11,1,1,0.48,True,False,False,False,False,False,False
22.0,9,12,1,1,0.58,True,False,False,False,False,False,False
23.9,9,13,1,1,0.64,True,False,False,False,False,False,False
25.2,9,14,1,1,0.65,True,False,False,False,False,False,False
26.2,9,15,1,1,0.69,True,False,False,False,False,False,False
26.7,9,16,1,1,0.71,True,False,False,False,False,False,False
26.8,9,17,1,0,0.65,False,False,True,False,False,False,False
25.6,9,18,1,0,0.54,False,False,False,False,True,False,False
20.4,9,11,0,0,0.21,False,False,False,True,False,False,False
22.4,9,12,0,0,0.29,False,False,False,True,False,False,False
24.0,9,13,0,0,0.34,False,False,False,True,False,False,False
25.3,9,14,0,0,0.31,False,False,False,True,False,False,False
25.9,9,15,0,0,0.36,False,False,False,True,False,False,False
25.8,9,16,0,0,0.35,False,False,False,True,False,False,False
25.6,9,17,0,0,0.36,False,False,False,True,False,False,False
24.4,9,18,0,0,0.36,False,False,False,True,False,False,False
22.2,9,11,0,0,0.27,False,False,False,True,False,False,False
23.9,9,12,0,0,0.28,False,False,False,True,False,False,False
24.8,9,13,0,0,0.32,False,False,False,True,False,False,False
25.4,9,14,0,0,0.32,False,False,False,True,False,False,False
25.7,9,15,0,0,0.47,False,False,False,False,True,False,False
25.8,9,16,0,0,0.51,False,False,True,False,False,False,False
25.3,9,17,0,1,0.57,True,False,False,False,False,False,False
23.9,9,18,0,1,0.54,True,False,False,False,False,False,False
17.2,10,11,0,1,0.19,True,False,False,False,False,False,False
18.9,10,12,0,1,0.23,True,False,False,False,False,False,False
20.3,10,13,0,1,0.28,True,False,False,False,False,False,False
21.9,10,14,0,1,0.3,True,False,False,False,False,False,False
22.3,10,15,0,1,0.44,True,False,False,False,False,False,False
22.2,10,16,0,1,0.39,True,False,False,False,False,False,False
21.7,10,17,0,1,0.37,True,False,False,False,False,False,False
20.4,10,18,0,1,0.34,True,False,False,False,False,False,False
16.9,10,11,0,1,0.13,True,False,False,False,False,False,False
18.7,10,12,0,0,0.22,False,False,True,False,False,False,False
20.4,10,13,0,1,0.29,True,False,False,False,False,False,False
22.0,10,14,0,1,0.37,True,False,False,False,False,False,False
22.7,10,15,0,0,0.38,False,False,True,False,False,False,False
22.9,10,16,0,0,0.33,False,False,False,False,True,False,False
22.6,10,17,0,0,0.39,False,False,True,False,False,False,False
21.8,10,18,0,0,0.22,False,False,False,True,False,False,False
17.2,10,11,0,0,0.13,False,False,False,False,True,False,False
19.3,10,12,0,0,0.21,False,False,True,False,False,False,False
21.1,10,13,0,0,0.28,False,False,True,False,False,False,False
23.0,10,14,0,1,0.37,True,False,False,False,False,False,False
23.9,10,15,0,1,0.43,True,False,False,False,False,False,False
24.0,10,16,0,1,0.42,True,False,False,False,False,False,False
23.8,10,17,0,1,0.4,True,False,False,False,False,False,False
23.0,10,18,0,1,0.39,True,False,False,False,False,False,False
19.2,10,11,1,0,0.27,False,False,True,False,False,False,False
21.7,10,12,1,0,0.28,False,False,False,False,True,False,False
23.3,10,13,1,0,0.43,False,False,False,False,True,False,False
24.3,10,14,1,0,0.41,False,False,False,False,True,False,False
24.7,10,15,1,0,0.48,False,False,True,False,False,False,False
24.8,10,16,1,1,0.55,True,False,False,False,False,False,False
24.5,10,17,1,1,0.53,True,False,False,False,False,False,False
23.1,10,18,1,1,0.52,True,False,False,False,False,False,False
19.2,10,11,1,1,0.33,True,False,False,False,False,False,False
21.5,10,12,1,1,0.37,True,False,False,False,False,False,False
23.2,10,13,1,1,0.49,True,False,False,False,False,False,False
25.2,10,14,1,1,0.51,True,False,False,False,False,False,False
25.8,10,15,1,1,0.54,True,False,False,False,False,False,False
25.8,10,16,1,1,0.56,True,False,False,False,False,False,False
25.5,10,17,1,1,0.57,True,False,False,False,False,False,False
24.1,10,18,1,1,0.53,True,False,False,False,False,False,False
19.9,10,11,0,1,0.16,True,False,False,False,False,False,False
21.9,10,12,0,1,0.2,True,False,False,False,False,False,False
23.7,10,13,0,1,0.37,True,False,False,False,False,False,False
25.6,10,14,0,1,0.39,True,False,False,False,False,False,False
26.3,10,15,0,1,0.4,True,False,False,False,False,False,False
27.0,10,16,0,0,0.31,False,False,False,False,True,False,False
26.7,10,17,0,0,0.4,False,False,True,False,False,False,False
25.6,10,18,0,0,0.36,False,False,True,False,False,False,False
18.9,10,11,0,0,0.07,False,True,False,False,False,False,False
18.8,10,12,0,0,0.07,False,False,False,False,False,True,False
18.5,10,13,0,0,0.09,False,False,False,False,False,True,False
19.3,10,14,0,0,0.1,False,False,False,False,False,True,False
19.4,10,15,0,0,0.13,False,True,False,False,False,False,False
19.6,10,16,0,0,0.16,False,True,False,False,False,False,False
19.1,10,17,0,0,0.09,False,False,False,False,False,True,False
18.7,10,18,0,0,0.07,False,False,False,False,False,True,False
15.6,10,11,0,1,0.09,True,False,False,False,False,False,False
16.9,10,12,0,1,0.16,True,False,False,False,False,False,False
17.5,10,13,0,0,0.28,False,False,True,False,False,False,False
17.6,10,14,0,0,0.24,False,False,False,False,True,False,False
17.7,10,15,0,0,0.33,False,False,True,False,False,False,False
17.5,10,16,0,1,0.34,True,False,False,False,False,False,False
17.0,10,17,0,1,0.37,True,False,False,False,False,False,False
15.8,10,18,0,1,0.28,True,False,False,False,False,False,False
11.0,10,11,0,1,0.13,True,False,False,False,False,False,False
12.4,10,12,0,1,0.14,True,False,False,False,False,False,False
13.3,10,13,0,1,0.22,True,False,False,False,False,False,False
14.4,10,14,0,1,0.25,True,False,False,False,False,False,False
14.8,10,15,0,1,0.28,True,False,False,False,False,False,False
14.8,10,16,0,1,0.28,True,False,False,False,False,False,False
14.5,10,17,0,1,0.28,True,False,False,False,False,False,False
13.5,10,18,0,1,0.28,True,False,False,False,False,False,False
12.2,10,11,0,1,0.13,True,False,False,False,False,False,False
14.1,10,12,0,1,0.19,True,False,False,False,False,False,False
15.6,10,13,0,1,0.27,True,False,False,False,False,False,False
17.3,10,14,0,1,0.31,True,False,False,False,False,False,False
17.8,10,15,0,1,0.36,True,False,False,False,False,False,False
18.1,10,16,0,1,0.35,True,False,False,False,False,False,False
17.9,10,17,0,1,0.33,True,False,False,False,False,False,False
16.6,10,18,0,1,0.29,True,False,False,False,False,False,False
12.5,10,11,1,0,0.21,False,False,False,False,True,False,False
14.0,10,12,1,0,0.26,False,False,True,False,False,False,False
16.0,10,13,1,0,0.29,False,False,False,False,True,False,False
16.7,10,14,1,0,0.22,False,False,False,True,False,False,False
17.8,10,15,1,0,0.43,False,False,True,False,False,False,False
18.4,10,16,1,0,0.4,False,False,False,False,True,False,False
18.3,10,17,1,1,0.48,True,False,False,False,False,False,False
17.4,10,18,1,0,0.28,False,False,False,True,False,False,False
15.9,10,11,1,0,0.15,False,False,False,True,False,False,False
17.3,10,12,1,0,0.12,False,True,False,False,False,False,False
18.3,10,13,1,0,0.28,False,False,False,True,False,False,False
18.0,10,14,1,0,0.25,False,False,False,True,False,False,False
17.3,10,15,1,0,0.18,False,True,False,False,False,False,False
17.8,10,16,1,0,0.28,False,False,False,True,False,False,False
17.9,10,17,1,0,0.38,False,False,False,False,True,False,False
17.3,10,18,1,0,0.43,False,False,True,False,False,False,False
15.2,10,11,0,1,0.13,True,False,False,False,False,False,False
17.6,10,12,0,0,0.16,False,False,False,True,False,False,False
17.5,10,13,0,0,0.18,False,False,False,True,False,False,False
16.5,10,14,0,0,0.15,False,False,False,True,False,False,False
17.6,10,15,0,0,0.31,False,False,True,False,False,False,False
18.1,10,16,0,0,0.23,False,False,False,True,False,False,False
17.8,10,17,0,0,0.21,False,False,False,True,False,False,False
17.5,10,18,0,0,0.21,False,False,False,True,False,False,False
14.4,10,11,0,0,0.1,False,False,False,True,False,False,False
15.8,10,12,0,0,0.12,False,False,False,True,False,False,False
17.8,10,13,0,0,0.26,False,False,False,False,True,False,False
17.8,10,14,0,0,0.25,False,False,False,False,True,False,False
19.8,10,15,0,0,0.27,False,False,False,False,True,False,False
21.3,10,16,0,0,0.23,False,False,False,True,False,False,False
20.5,10,17,0,0,0.33,False,False,True,False,False,False,False
19.2,10,18,0,0,0.3,False,False,True,False,False,False,False
14.3,10,11,0,0,0.13,False,False,True,False,False,False,False
15.7,10,12,0,0,0.09,False,False,False,True,False,False,False
16.2,10,13,0,1,0.25,True,False,False,False,False,False,False
17.3,10,14,0,1,0.32,True,False,False,False,False,False,False
17.7,10,15,0,0,0.19,False,False,False,True,False,False,False
17.4,10,16,0,0,0.3,False,False,False,False,True,False,False
17.2,10,17,0,0,0.27,False,False,False,False,True,False,False
16.4,10,18,0,1,0.3,True,False,False,False,False,False,False
10.6,10,11,0,1,0.13,True,False,False,False,False,False,False
12.1,10,12,0,1,0.18,True,False,False,False,False,False,False
13.4,10,13,0,1,0.22,True,False,False,False,False,False,False
14.7,10,14,0,1,0.22,True,False,False,False,False,False,False
15.3,10,15,0,1,0.27,True,False,False,False,False,False,False
15.4,10,16,0,1,0.29,True,False,False,False,False,False,False
15.0,10,17,0,1,0.29,True,False,False,False,False,False,False
13.7,10,18,0,1,0.31,True,False,False,False,False,False,False
10.6,10,11,0,1,0.13,True,False,False,False,False,False,False
12.7,10,12,0,0,0.14,False,False,True,False,False,False,False
14.0,10,13,0,0,0.19,False,False,False,False,True,False,False
15.3,10,14,0,0,0.17,False,False,False,True,False,False,False
16.1,10,15,0,0,0.16,False,False,False,True,False,False,False
16.4,10,16,0,1,0.29,True,False,False,False,False,False,False
16.3,10,17,0,0,0.25,False,False,True,False,False,False,False
15.4,10,18,0,0,0.2,False,False,False,True,False,False,False
15.3,10,11,1,0,0.15,False,False,False,True,False,False,False
18.2,10,12,1,0,0.24,False,False,False,True,False,False,False
20.4,10,13,1,1,0.45,True,False,False,False,False,False,False
22.9,10,14,1,1,0.49,True,False,False,False,False,False,False
24.1,10,15,1,1,0.57,True,False,False,False,False,False,False
24.5,10,16,1,1,0.55,True,False,False,False,False,False,False
24.1,10,17,1,0,0.49,False,False,True,False,False,False,False
22.1,10,18,1,0,0.31,False,False,False,True,False,False,False
22.2,10,11,1,0,0.23,False,False,False,True,False,False,False
23.2,10,12,1,0,0.29,False,False,False,True,False,False,False
24.2,10,13,1,0,0.31,False,False,False,True,False,False,False
23.6,10,14,1,0,0.33,False,False,False,True,False,False,False
17.7,10,15,1,0,0.11,False,False,False,False,False,True,False
16.5,10,16,1,0,0.1,False,False,False,False,False,True,False
15.8,10,17,1,0,0.11,False,False,False,False,False,True,False
14.9,10,18,1,0,0.15,False,True,False,False,False,False,False
11.7,10,11,0,0,0.06,False,True,False,False,False,False,False
13.1,10,12,0,0,0.17,False,False,True,False,False,False,False
13.7,10,13,0,0,0.16,False,False,False,True,False,False,False
13.7,10,14,0,0,0.16,False,False,False,True,False,False,False
13.9,10,15,0,0,0.19,False,False,False,True,False,False,False
14.1,10,16,0,0,0.25,False,False,True,False,False,False,False
14.0,10,17,0,1,0.26,True,False,False,False,False,False,False
13.0,10,18,0,1,0.28,True,False,False,False,False,False,False
12.0,10,11,0,0,0.07,False,True,False,False,False,False,False
10.8,10,12,0,0,0.08,False,False,False,False,False,True,False
11.7,10,13,0,1,0.25,True,False,False,False,False,False,False
14.1,10,14,0,0,0.14,False,False,False,True,False,False,False
14.8,10,15,0,0,0.25,False,False,False,False,True,False,False
15.5,10,16,0,1,0.3,True,False,False,False,False,False,False
15.6,10,17,0,1,0.28,True,False,False,False,False,False,False
14.5,10,18,0,0,0.26,False,False,True,False,False,False,False
9.6,10,11,0,0,0.08,False,False,False,True,False,False,False
9.7,10,12,0,0,0.08,False,False,False,True,False,False,False
10.7,10,13,0,0,0.14,False,False,False,True,False,False,False
9.9,10,14,0,0,0.11,False,False,False,True,False,False,False
8.8,10,15,0,0,0.11,False,True,False,False,False,False,False
8.5,10,16,0,0,0.1,False,True,False,False,False,False,False
8.1,10,17,0,0,0.14,False,False,False,True,False,False,False
8.4,10,18,0,0,0.14,False,False,False,True,False,False,False
8.7,10,11,0,0,0.07,False,False,False,True,False,False,False
9.3,10,12,0,0,0.07,False,False,False,True,False,False,False
9.7,10,13,0,0,0.14,False,False,False,True,False,False,False
9.1,10,14,0,0,0.1,False,True,False,False,False,False,False
9.7,10,15,0,0,0.15,False,False,False,True,False,False,False
10.5,10,16,0,0,0.19,False,False,False,True,False,False,False
10.3,10,17,0,1,0.29,True,False,False,False,False,False,False
8.7,10,18,0,0,0.12,False,True,False,False,False,False,False
7.3,10,11,0,0,0.04,False,False,False,True,False,False,False
8.5,10,12,0,0,0.12,False,False,True,False,False,False,False
9.7,10,13,0,0,0.11,False,True,False,False,False,False,False
10.5,10,14,0,0,0.17,False,False,False,True,False,False,False
10.3,10,15,0,0,0.22,False,False,False,False,True,False,False
10.3,10,16,0,0,0.16,False,False,False,True,False,False,False
10.0,10,17,0,0,0.21,False,False,False,False,True,False,False
9.3,10,18,0,0,0.24,False,False,True,False,False,False,False
8.4,10,11,1,0,0.13,False,False,False,True,False,False,False
10.3,10,12,1,0,0.16,False,False,False,True,False,False,False
11.3,10,13,1,0,0.24,False,False,False,True,False,False,False
11.5,10,14,1,0,0.22,False,False,False,True,False,False,False
11.4,10,15,1,0,0.28,False,False,False,True,False,False,False
11.5,10,16,1,0,0.25,False,False,False,True,False,False,False
11.5,10,17,1,0,0.28,False,False,False,True,False,False,False
10.5,10,18,1,0,0.24,False,False,False,True,False,False,False
9.6,10,11,1,1,0.23,True,False,False,False,False,False,False
11.7,10,12,1,1,0.32,True,False,False,False,False,False,False
12.7,10,13,1,1,0.38,True,False,False,False,False,False,False
13.1,10,14,1,1,0.4,True,False,False,False,False,False,False
13.5,10,15,1,1,0.4,True,False,False,False,False,False,False
13.4,10,16,1,1,0.44,True,False,False,False,False,False,False
12.7,10,17,1,1,0.44,True,False,False,False,False,False,False
11.0,10,18,1,1,0.44,True,False,False,False,False,False,False
9.8,10,11,0,1,0.08,True,False,False,False,False,False,False
11.8,10,12,0,1,0.14,True,False,False,False,False,False,False
13.0,10,13,0,1,0.25,True,False,False,False,False,False,False
14.3,10,14,0,0,0.23,False,False,False,False,True,False,False
14.5,10,15,0,0,0.23,False,False,False,False,True,False,False
14.1,10,16,0,0,0.23,False,False,False,False,True,False,False
13.3,10,17,0,0,0.2,False,False,False,True,False,False,False
11.8,10,18,0,0,0.19,False,False,False,True,False,False,False
8.3,10,11,0,1,0.06,True,False,False,False,False,False,False
10.0,10,12,0,1,0.18,True,False,False,False,False,False,False
11.0,10,13,0,1,0.27,True,False,False,False,False,False,False
12.2,10,14,0,1,0.23,True,False,False,False,False,False,False
12.5,10,15,0,1,0.3,True,False,False,False,False,False,False
12.3,10,16,0,1,0.3,True,False,False,False,False,False,False
11.6,10,17,0,1,0.31,True,False,False,False,False,False,False
10.1,10,18,0,1,0.29,True,False,False,False,False,False,False
9.0,10,11,0,0,0.04,False,False,False,True,False,False,False
10.5,10,12,0,0,0.11,False,False,False,True,False,False,False
11.8,10,13,0,0,0.17,False,False,False,True,False,False,False
11.4,10,14,0,0,0.18,False,False,False,True,False,False,False
11.1,10,15,0,0,0.14,False,True,False,False,False,False,False
10.3,10,16,0,0,0.12,False,True,False,False,False,False,False
9.6,10,17,0,0,0.08,False,True,False,False,False,False,False
8.9,10,18,0,0,0.1,False,True,False,False,False,False,False
8.8,10,11,0,0,0.04,False,True,False,False,False,False,False
9.3,10,12,0,0,0.08,False,True,False,False,False,False,False
9.5,10,13,0,0,0.08,False,False,False,False,False,True,False
8.9,10,14,0,0,0.08,False,False,False,False,False,True,False
9.3,10,15,0,0,0.13,False,True,False,False,False,False,False
10.0,10,16,0,0,0.13,False,True,False,False,False,False,False
10.0,10,17,0,0,0.12,False,True,False,False,False,False,False
9.1,10,18,0,0,0.1,False,True,False,False,False,False,False
7.8,10,11,0,1,0.07,True,False,False,False,False,False,False
9.3,10,12,0,0,0.09,False,False,False,False,True,False,False
10.2,10,13,0,1,0.22,True,False,False,False,False,False,False
10.8,10,14,0,0,0.17,False,False,False,True,False,False,False
10.4,10,15,0,0,0.19,False,False,False,True,False,False,False
10.6,10,16,0,0,0.16,False,False,False,True,False,False,False
9.9,10,17,0,0,0.19,False,False,False,False,True,False,False
9.7,10,18,0,0,0.17,False,False,False,True,False,False,False
8.9,11,11,1,1,0.08,True,False,False,False,False,False,False
11.0,11,12,1,1,0.18,True,False,False,False,False,False,False
11.8,11,13,1,0,0.13,False,True,False,False,False,False,False
12.7,11,14,1,0,0.26,False,False,True,False,False,False,False
13.2,11,15,1,0,0.22,False,False,False,True,False,False,False
13.2,11,16,1,0,0.21,False,False,False,True,False,False,False
12.5,11,17,1,0,0.18,False,False,False,True,False,False,False
10.9,11,18,1,0,0.23,False,False,False,False,True,False,False
7.5,11,11,1,0,0.07,False,False,False,True,False,False,False
9.1,11,12,1,0,0.1,False,False,False,True,False,False,False
10.5,11,13,1,0,0.18,False,False,False,True,False,False,False
12.2,11,14,1,1,0.29,True,False,False,False,False,False,False
13.8,11,15,1,0,0.22,False,False,False,True,False,False,False
13.1,11,16,1,0,0.18,False,False,False,True,False,False,False
12.7,11,17,1,0,0.19,False,False,False,True,False,False,False
11.5,11,18,1,0,0.27,False,False,True,False,False,False,False
9.1,11,11,0,0,0.04,False,False,False,False,True,False,False
10.5,11,12,0,0,0.04,False,False,False,True,False,False,False
10.0,11,13,0,0,0.13,False,False,False,False,True,False,False
11.8,11,14,0,0,0.14,False,False,True,False,False,False,False
11.7,11,15,0,0,0.1,False,False,False,True,False,False,False
11.4,11,16,0,0,0.13,False,False,False,True,False,False,False
11.2,11,17,0,0,0.16,False,False,True,False,False,False,False
10.9,11,18,0,0,0.18,False,False,True,False,False,False,False
8.6,11,11,0,0,0.03,False,False,True,False,False,False,False
10.9,11,12,0,1,0.08,True,False,False,False,False,False,False
12.4,11,13,0,1,0.13,True,False,False,False,False,False,False
13.8,11,14,0,1,0.15,True,False,False,False,False,False,False
14.0,11,15,0,0,0.18,False,False,True,False,False,False,False
13.9,11,16,0,1,0.17,True,False,False,False,False,False,False
13.1,11,17,0,0,0.14,False,False,False,True,False,False,False
11.2,11,18,0,1,0.17,True,False,False,False,False,False,False
12.0,11,11,0,0,0.03,False,False,True,False,False,False,False
13.5,11,12,0,0,0.06,False,False,True,False,False,False,False
14.9,11,13,0,1,0.14,True,False,False,False,False,False,False
17.3,11,14,0,0,0.14,False,False,False,True,False,False,False
17.8,11,15,0,0,0.16,False,False,False,True,False,False,False
17.0,11,16,0,0,0.18,False,False,False,True,False,False,False
16.9,11,17,0,0,0.14,False,False,False,True,False,False,False
15.6,11,18,0,0,0.08,False,True,False,False,False,False,False
7.8,11,11,0,1,0.01,True,False,False,False,False,False,False
9.2,11,12,0,1,0.01,True,False,False,False,False,False,False
10.2,11,13,0,0,0.13,False,False,True,False,False,False,False
11.2,11,14,0,0,0.1,False,False,False,False,True,False,False
11.1,11,15,0,0,0.13,False,False,False,False,True,False,False
11.0,11,16,0,0,0.16,False,False,False,False,True,False,False
10.5,11,17,0,0,0.19,False,False,True,False,False,False,False
8.3,11,18,0,0,0.09,False,False,False,True,False,False,False
11.9,11,11,0,0,0.02,False,False,False,True,False,False,False
14.0,11,12,0,0,0.05,False,False,False,True,False,False,False
15.4,11,13,0,0,0.1,False,False,False,True,False,False,False
17.0,11,14,0,0,0.07,False,True,False,False,False,False,False
13.8,11,15,0,0,0.06,False,False,False,False,False,True,False
13.5,11,16,0,0,0.07,False,True,False,False,False,False,False
14.1,11,17,0,0,0.1,False,True,False,False,False,False,False
13.5,11,18,0,0,0.07,False,True,False,False,False,False,False
10.0,11,11,1,0,0.09,False,True,False,False,False,False,False
10.7,11,12,1,0,0.15,False,False,False,True,False,False,False
13.2,11,13,1,0,0.11,False,True,False,False,False,False,False
14.0,11,14,1,0,0.16,False,False,False,True,False,False,False
15.0,11,15,1,0,0.19,False,False,False,True,False,False,False
14.3,11,16,1,0,0.18,False,False,False,True,False,False,False
13.7,11,17,1,0,0.2,False,False,False,True,False,False,False
12.2,11,18,1,0,0.21,False,False,False,True,False,False,False
7.6,11,11,1,0,0.05,False,False,False,False,False,True,False
7.8,11,12,1,0,0.04,False,False,False,False,False,True,False
9.2,11,13,1,0,0.08,False,True,False,False,False,False,False
10.8,11,14,1,0,0.17,False,False,False,True,False,False,False
11.3,11,15,1,0,0.11,False,True,False,False,False,False,False
9.4,11,16,1,0,0.12,False,True,False,False,False,False,False
9.6,11,17,1,0,0.15,False,False,False,True,False,False,False
8.0,11,18,1,0,0.12,False,True,False,False,False,False,False
1.3,11,11,0,0,0.01,False,False,True,False,False,False,False
2.4,11,12,0,0,0.04,False,False,False,False,True,False,False
2.6,11,13,0,0,0.04,False,False,False,False,False,False,True
2.4,11,14,0,0,0.04,False,False,False,False,False,False,True
2.5,11,15,0,0,0.03,False,False,False,False,False,False,True
2.3,11,16,0,0,0.04,False,False,False,False,False,False,True
1.8,11,17,0,0,0.12,False,False,True,False,False,False,False
0.6,11,18,0,1,0.14,True,False,False,False,False,False,False
-1.2,11,11,0,0,0.02,False,False,False,True,False,False,False
0.3,11,12,0,0,0.05,False,False,False,True,False,False,False
0.8,11,13,0,0,0.05,False,False,False,True,False,False,False
1.3,11,14,0,0,0.04,False,False,False,True,False,False,False
1.5,11,15,0,0,0.07,False,False,False,True,False,False,False
2.2,11,16,0,0,0.09,False,False,False,True,False,False,False
1.8,11,17,0,0,0.06,False,False,False,True,False,False,False
0.5,11,18,0,0,0.09,False,False,False,True,False,False,False
4.7,11,11,0,0,0.03,False,False,False,True,False,False,False
5.5,11,12,0,0,0.05,False,False,False,True,False,False,False
6.5,11,13,0,0,0.07,False,False,False,False,True,False,False
9.0,11,14,0,0,0.08,False,False,False,True,False,False,False
9.7,11,15,0,1,0.17,True,False,False,False,False,False,False
10.2,11,16,0,0,0.14,False,False,False,True,False,False,False
9.1,11,17,0,1,0.14,True,False,False,False,False,False,False
8.2,11,18,0,0,0.11,False,False,True,False,False,False,False
6.3,11,11,0,1,0.05,True,False,False,False,False,False,False
7.8,11,12,0,1,0.04,True,False,False,False,False,False,False
8.8,11,13,0,1,0.08,True,False,False,False,False,False,False
9.7,11,14,0,1,0.09,True,False,False,False,False,False,False
9.9,11,15,0,1,0.14,True,False,False,False,False,False,False
9.7,11,16,0,1,0.14,True,False,False,False,False,False,False
9.1,11,17,0,1,0.16,True,False,False,False,False,False,False
7.6,11,18,0,1,0.14,True,False,False,False,False,False,False
4.4,11,11,0,0,0.01,False,False,False,True,False,False,False
5.6,11,12,0,0,0.04,False,False,False,True,False,False,False
6.7,11,13,0,0,0.07,False,False,True,False,False,False,False
9.1,11,14,0,0,0.05,False,False,False,True,False,False,False
10.4,11,15,0,0,0.13,False,False,False,True,False,False,False
11.5,11,16,0,0,0.11,False,False,False,True,False,False,False
10.8,11,17,0,0,0.1,False,False,False,True,False,False,False
9.3,11,18,0,0,0.12,False,False,False,True,False,False,False
11.7,11,11,1,0,0.08,False,False,False,True,False,False,False
14.8,11,12,1,0,0.12,False,False,False,True,False,False,False
15.8,11,13,1,0,0.12,False,True,False,False,False,False,False
15.9,11,14,1,0,0.19,False,False,False,True,False,False,False
16.2,11,15,1,0,0.21,False,False,False,True,False,False,False
16.5,11,16,1,0,0.2,False,False,False,True,False,False,False
16.4,11,17,1,0,0.18,False,False,False,True,False,False,False
16.3,11,18,1,0,0.2,False,False,False,True,False,False,False
6.7,11,11,1,0,0.11,False,False,False,False,True,False,False
6.5,11,12,1,0,0.06,False,True,False,False,False,False,False
6.8,11,13,1,0,0.07,False,True,False,False,False,False,False
7.5,11,14,1,0,0.16,False,False,False,True,False,False,False
6.9,11,15,1,0,0.19,False,False,False,True,False,False,False
5.0,11,16,1,0,0.16,False,False,False,True,False,False,False
5.3,11,17,1,0,0.18,False,False,False,True,False,False,False
5.0,11,18,1,0,0.17,False,False,False,True,False,False,False
2.6,11,11,0,1,0.01,True,False,False,False,False,False,False
4.1,11,12,0,0,0.04,False,False,False,False,True,False,False
4.4,11,13,0,0,0.07,False,False,False,True,False,False,False
4.7,11,14,0,0,0.06,False,False,False,True,False,False,False
5.0,11,15,0,0,0.12,False,False,False,True,False,False,False
4.9,11,16,0,0,0.06,False,False,False,True,False,False,False
4.9,11,17,0,0,0.11,False,False,False,False,True,False,False
4.0,11,18,0,1,0.11,True,False,False,False,False,False,False
1.5,11,11,0,0,0.03,False,False,False,True,False,False,False
3.7,11,12,0,0,0.03,False,False,False,True,False,False,False
3.5,11,13,0,0,0.03,False,False,False,True,False,False,False
3.7,11,14,0,0,0.04,False,True,False,False,False,False,False
3.8,11,15,0,0,0.06,False,False,False,True,False,False,False
3.6,11,16,0,0,0.01,False,False,False,False,False,False,True
3.2,11,17,0,0,0.08,False,False,False,True,False,False,False
2.7,11,18,0,0,0.1,False,False,False,True,False,False,False
3.8,11,11,0,0,0.0,False,False,False,True,False,False,False
5.3,11,12,0,0,0.01,False,False,False,True,False,False,False
6.6,11,13,0,0,0.11,False,False,False,False,True,False,False
6.2,11,14,0,0,0.08,False,False,False,True,False,False,False
6.9,11,15,0,0,0.1,False,False,False,True,False,False,False
7.4,11,16,0,0,0.08,False,False,False,True,False,False,False
7.4,11,17,0,0,0.09,False,False,False,True,False,False,False
6.3,11,18,0,0,0.11,False,False,False,True,False,False,False
2.3,11,11,0,0,0.02,False,False,False,True,False,False,False
3.3,11,12,0,0,0.03,False,False,False,True,False,False,False
4.1,11,13,0,0,0.07,False,False,False,True,False,False,False
3.8,11,14,0,0,0.08,False,False,False,True,False,False,False
4.4,11,15,0,0,0.06,False,False,False,True,False,False,False
4.6,11,16,0,0,0.06,False,False,False,True,False,False,False
4.6,11,17,0,0,0.06,False,False,False,True,False,False,False
4.3,11,18,0,0,0.07,False,False,False,True,False,False,False
5.9,11,11,0,0,0.03,False,False,False,True,False,False,False
6.9,11,12,0,0,0.0,False,False,False,True,False,False,False
7.4,11,13,0,0,0.07,False,False,False,True,False,False,False
7.4,11,14,0,0,0.07,False,False,False,True,False,False,False
7.7,11,15,0,0,0.1,False,False,False,True,False,False,False
7.8,11,16,0,0,0.12,False,False,False,True,False,False,False
8.0,11,17,0,0,0.09,False,False,False,True,False,False,False
7.7,11,18,0,0,0.09,False,False,False,True,False,False,False
7.2,11,11,1,0,0.07,False,False,False,False,True,False,False
8.5,11,12,1,1,0.15,True,False,False,False,False,False,False
9.4,11,13,1,1,0.24,True,False,False,False,False,False,False
9.5,11,14,1,0,0.23,False,False,True,False,False,False,False
9.8,11,15,1,0,0.27,False,False,True,False,False,False,False
9.2,11,16,1,0,0.27,False,False,True,False,False,False,False
8.2,11,17,1,0,0.26,False,False,True,False,False,False,False
6.5,11,18,1,0,0.2,False,False,False,False,True,False,False
7.1,11,11,1,0,0.08,False,False,True,False,False,False,False
8.4,11,12,1,1,0.14,True,False,False,False,False,False,False
9.6,11,13,1,1,0.26,True,False,False,False,False,False,False
10.5,11,14,1,1,0.26,True,False,False,False,False,False,False
10.9,11,15,1,1,0.33,True,False,False,False,False,False,False
11.0,11,16,1,1,0.31,True,False,False,False,False,False,False
10.1,11,17,1,1,0.33,True,False,False,False,False,False,False
8.6,11,18,1,1,0.29,True,False,False,False,False,False,False
4.5,11,11,0,0,0.03,False,False,False,True,False,False,False
6.6,11,12,0,0,0.04,False,False,False,True,False,False,False
8.2,11,13,0,0,0.08,False,False,False,True,False,False,False
9.5,11,14,0,0,0.09,False,False,False,True,False,False,False
10.3,11,15,0,0,0.11,False,False,False,True,False,False,False
10.2,11,16,0,0,0.11,False,False,False,True,False,False,False
9.3,11,17,0,0,0.09,False,False,False,True,False,False,False
8.0,11,18,0,0,0.1,False,False,False,True,False,False,False
8.2,11,11,0,0,0.04,False,False,False,False,False,True,False
8.9,11,12,0,0,0.02,False,False,False,False,False,True,False
9.4,11,13,0,0,0.04,False,False,False,False,False,True,False
9.9,11,14,0,0,0.04,False,True,False,False,False,False,False
10.8,11,15,0,0,0.06,False,True,False,False,False,False,False
11.2,11,16,0,0,0.06,False,False,False,False,False,True,False
11.1,11,17,0,0,0.05,False,False,False,False,False,True,False
11.1,11,18,0,0,0.06,False,True,False,False,False,False,False
12.8,11,11,0,0,0.01,False,True,False,False,False,False,False
12.3,11,12,0,0,0.06,False,True,False,False,False,False,False
11.3,11,13,0,0,0.09,False,True,False,False,False,False,False
9.2,11,14,0,0,0.08,False,False,True,False,False,False,False
10.0,11,15,0,0,0.16,False,False,True,False,False,False,False
8.3,11,16,0,0,0.08,False,False,False,True,False,False,False
6.1,11,17,0,0,0.08,False,False,False,True,False,False,False
4.7,11,18,0,0,0.07,False,False,False,True,False,False,False
0.6,11,11,0,0,0.01,False,False,False,True,False,False,False
0.7,11,12,0,0,0.02,False,False,False,True,False,False,False
0.7,11,13,0,0,0.05,False,False,False,True,False,False,False
0.2,11,14,0,0,0.06,False,False,False,True,False,False,False
0.2,11,15,0,0,0.09,False,False,False,True,False,False,False
0.1,11,16,0,0,0.1,False,False,False,True,False,False,False
-0.1,11,17,0,0,0.1,False,False,False,True,False,False,False
-0.3,11,18,0,0,0.03,False,False,False,False,False,False,True
-1.2,11,11,0,0,0.03,False,False,False,False,True,False,False
-0.5,11,12,0,0,0.03,False,False,False,False,False,False,True
0.1,11,13,0,0,0.07,False,False,True,False,False,False,False
-0.1,11,14,0,0,0.02,False,False,False,False,False,False,True
-0.3,11,15,0,0,0.1,False,False,True,False,False,False,False
0.3,11,16,0,0,0.08,False,False,False,True,False,False,False
-0.3,11,17,0,0,0.06,False,False,False,True,False,False,False
-1.1,11,18,0,0,0.07,False,False,False,True,False,False,False
-0.4,11,11,1,0,0.08,False,False,True,False,False,False,False
0.5,11,12,1,0,0.12,False,False,False,False,True,False,False
1.0,11,13,1,0,0.13,False,False,False,True,False,False,False
1.1,11,14,1,0,0.11,False,False,False,True,False,False,False
1.4,11,15,1,0,0.17,False,False,False,True,False,False,False
0.9,11,16,1,0,0.18,False,False,False,True,False,False,False
0.7,11,17,1,0,0.17,False,False,False,True,False,False,False
-0.3,11,18,1,0,0.18,False,False,False,True,False,False,False
5.3,11,11,1,0,0.03,False,True,False,False,False,False,False
5.8,11,12,1,0,0.11,False,False,False,True,False,False,False
6.0,11,13,1,0,0.12,False,True,False,False,False,False,False
5.7,11,14,1,0,0.08,False,True,False,False,False,False,False
4.1,11,15,1,0,0.17,False,False,False,True,False,False,False
3.3,11,16,1,0,0.14,False,False,False,True,False,False,False
1.3,11,17,1,0,0.17,False,False,False,True,False,False,False
-0.3,11,18,1,0,0.14,False,False,False,True,False,False,False
-0.7,12,11,0,0,0.04,False,False,False,True,False,False,False
-0.2,12,12,0,0,0.03,False,False,False,True,False,False,False
0.2,12,13,0,0,0.01,False,False,False,True,False,False,False
0.3,12,14,0,0,0.01,False,False,False,True,False,False,False
0.6,12,15,0,0,0.03,False,False,False,True,False,False,False
0.6,12,16,0,0,0.05,False,False,False,True,False,False,False
-0.3,12,11,0,0,0.05,False,False,False,False,False,False,True
-0.1,12,12,0,0,0.0,False,False,False,True,False,False,False
0.1,12,13,0,0,0.02,False,False,False,True,False,False,False
0.3,12,14,0,0,0.04,False,False,False,True,False,False,False
0.4,12,15,0,0,0.05,False,False,False,True,False,False,False
0.2,12,16,0,0,0.07,False,False,False,True,False,False,False
-2.2,12,11,0,0,0.02,False,False,False,True,False,False,False
-1.9,12,12,0,0,0.04,False,False,False,True,False,False,False
-1.9,12,13,0,0,0.0,False,False,False,True,False,False,False
-1.6,12,14,0,0,0.02,False,False,False,True,False,False,False
-1.9,12,15,0,0,0.06,False,False,False,True,False,False,False
-2.0,12,16,0,0,0.07,False,False,False,True,False,False,False
-1.8,12,11,0,0,0.04,False,False,False,True,False,False,False
-1.2,12,12,0,0,0.01,False,False,False,True,False,False,False
-1.2,12,13,0,0,0.03,False,False,False,True,False,False,False
-1.0,12,14,0,0,0.02,False,False,False,True,False,False,False
-1.6,12,15,0,0,0.05,False,False,False,True,False,False,False
-2.4,12,16,0,0,0.06,False,False,False,True,False,False,False
-4.1,12,11,0,0,0.02,False,False,False,True,False,False,False
-2.2,12,12,0,0,0.01,False,False,False,True,False,False,False
-1.6,12,13,0,0,0.03,False,False,False,True,False,False,False
-1.8,12,14,0,0,0.03,False,False,False,True,False,False,False
-1.3,12,15,0,0,0.03,False,False,False,True,False,False,False
-1.1,12,16,0,0,0.06,False,False,False,True,False,False,False
-1.7,12,11,1,0,0.02,False,False,False,True,False,False,False
-0.9,12,12,1,0,0.08,False,False,False,True,False,False,False
-0.2,12,13,1,0,0.1,False,False,False,True,False,False,False
0.6,12,14,1,0,0.09,False,False,False,True,False,False,False
0.6,12,15,1,0,0.13,False,False,False,True,False,False,False
0.5,12,16,1,0,0.12,False,False,False,True,False,False,False
0.5,12,11,1,0,0.02,False,False,False,True,False,False,False
1.3,12,12,1,0,0.05,False,False,False,True,False,False,False
2.0,12,13,1,0,0.12,False,False,False,True,False,False,False
2.2,12,14,1,0,0.08,False,False,False,True,False,False,False
2.1,12,15,1,0,0.11,False,False,False,True,False,False,False
2.1,12,16,1,0,0.11,False,False,False,True,False,False,False
-5.5,12,11,0,0,0.01,False,False,False,True,False,False,False
-4.6,12,12,0,0,0.03,False,False,False,True,False,False,False
-3.7,12,13,0,0,0.02,False,False,False,True,False,False,False
-3.4,12,14,0,0,0.02,False,False,False,True,False,False,False
-2.9,12,15,0,0,0.07,False,False,False,True,False,False,False
-3.1,12,16,0,0,0.04,False,False,False,True,False,False,False
-4.1,12,11,0,1,0.03,True,False,False,False,False,False,False
-2.1,12,12,0,0,0.02,False,False,False,True,False,False,False
-0.2,12,13,0,0,0.02,False,False,False,True,False,False,False
-1.0,12,14,0,0,0.03,False,False,False,True,False,False,False
-0.8,12,15,0,0,0.06,False,False,False,True,False,False,False
-0.1,12,16,0,0,0.05,False,False,False,True,False,False,False
2.3,12,11,0,0,0.02,False,False,False,False,False,False,True
1.9,12,12,0,0,0.04,False,False,False,False,False,False,True
2.1,12,13,0,0,0.01,False,False,False,False,False,False,True
2.7,12,14,0,0,0.04,False,True,False,False,False,False,False
2.9,12,15,0,0,0.03,False,True,False,False,False,False,False
2.8,12,16,0,0,0.03,False,True,False,False,False,False,False
-3.6,12,11,0,0,0.01,False,False,False,True,False,False,False
-3.4,12,12,0,0,0.0,False,False,False,True,False,False,False
-2.6,12,13,0,0,0.01,False,False,False,True,False,False,False
-2.3,12,14,0,0,0.02,False,False,False,True,False,False,False
-2.2,12,15,0,0,0.06,False,False,False,True,False,False,False
-2.2,12,16,0,0,0.03,False,False,False,True,False,False,False
-2.1,12,11,0,0,0.04,False,False,False,True,False,False,False
-1.6,12,12,0,0,0.04,False,False,False,True,False,False,False
-0.9,12,13,0,0,0.05,False,False,False,True,False,False,False
-0.8,12,14,0,0,0.02,False,False,False,True,False,False,False
-0.3,12,15,0,0,0.06,False,False,False,True,False,False,False
-0.3,12,16,0,0,0.09,False,False,True,False,False,False,False
0.2,12,11,1,0,0.03,False,False,False,False,False,False,True
1.1,12,12,1,0,0.04,False,False,False,True,False,False,False
1.1,12,13,1,0,0.08,False,False,False,True,False,False,False
1.2,12,14,1,0,0.12,False,False,False,True,False,False,False
1.3,12,15,1,0,0.03,False,False,False,False,False,False,True
0.5,12,16,1,0,0.03,False,False,False,False,False,False,True
-9.7,12,11,1,0,0.01,False,False,False,False,False,False,True
-10.1,12,12,1,0,0.04,False,False,False,False,False,False,True
-10.5,12,13,1,0,0.02,False,False,False,False,False,False,True
-10.4,12,14,1,0,0.02,False,False,False,False,False,False,True
-10.5,12,15,1,0,0.13,False,False,False,True,False,False,False
-10.7,12,16,1,0,0.16,False,False,False,False,True,False,False
-13.0,12,11,0,0,0.01,False,False,False,True,False,False,False
-12.1,12,12,0,0,0.01,False,False,False,True,False,False,False
-11.1,12,13,0,0,0.01,False,False,False,True,False,False,False
-9.5,12,14,0,0,0.01,False,False,False,True,False,False,False
-9.3,12,15,0,0,0.04,False,False,False,False,False,False,True
-8.8,12,16,0,0,0.07,False,False,False,True,False,False,False
-8.0,12,11,0,0,0.01,False,False,True,False,False,False,False
-6.1,12,12,0,0,0.04,False,False,False,True,False,False,False
-4.4,12,13,0,0,0.04,False,False,False,True,False,False,False
-1.6,12,14,0,0,0.04,False,False,False,True,False,False,False
-1.0,12,15,0,0,0.03,False,False,False,True,False,False,False
-0.5,12,16,0,0,0.05,False,False,False,True,False,False,False
4.4,12,11,0,0,0.03,False,False,False,True,False,False,False
4.8,12,12,0,0,0.01,False,False,False,True,False,False,False
5.1,12,13,0,1,0.04,True,False,False,False,False,False,False
7.4,12,14,0,1,0.07,True,False,False,False,False,False,False
6.6,12,15,0,0,0.05,False,False,False,True,False,False,False
5.9,12,16,0,1,0.08,True,False,False,False,False,False,False
5.4,12,11,0,0,0.03,False,False,True,False,False,False,False
9.6,12,12,0,0,0.04,False,False,True,False,False,False,False
11.3,12,13,0,0,0.1,False,False,False,False,True,False,False
12.4,12,14,0,0,0.06,False,False,False,True,False,False,False
13.4,12,15,0,0,0.08,False,False,False,True,False,False,False
12.5,12,16,0,0,0.07,False,False,False,True,False,False,False
0.8,12,11,0,0,0.03,False,True,False,False,False,False,False
-1.5,12,12,0,0,0.01,False,False,False,False,False,False,True
-2.9,12,13,0,0,0.01,False,False,False,True,False,False,False
-3.5,12,14,0,0,0.0,False,False,False,False,False,False,True
-3.5,12,15,0,0,0.05,False,False,False,False,False,False,True
-3.9,12,16,0,0,0.03,False,False,False,False,False,False,True
-1.8,12,11,1,0,0.04,False,False,False,True,False,False,False
1.2,12,12,1,0,0.06,False,False,False,True,False,False,False
3.6,12,13,1,0,0.08,False,False,False,True,False,False,False
4.2,12,14,1,0,0.08,False,False,False,True,False,False,False
5.3,12,15,1,0,0.12,False,False,False,True,False,False,False
6.5,12,16,1,0,0.13,False,False,False,True,False,False,False
0.4,12,11,1,0,0.03,False,False,False,True,False,False,False
0.4,12,12,1,0,0.04,False,False,False,True,False,False,False
0.6,12,13,1,0,0.16,False,False,True,False,False,False,False
1.6,12,14,1,1,0.13,True,False,False,False,False,False,False
1.7,12,15,1,1,0.21,True,False,False,False,False,False,False
1.0,12,16,1,1,0.17,True,False,False,False,False,False,False
-1.9,12,11,0,0,0.05,False,False,False,True,False,False,False
0.8,12,12,0,0,0.03,False,False,False,False,True,False,False
3.0,12,13,0,0,0.02,False,False,False,True,False,False,False
3.7,12,14,0,0,0.02,False,False,False,True,False,False,False
4.8,12,15,0,0,0.03,False,False,False,True,False,False,False
4.9,12,16,0,0,0.07,False,False,False,True,False,False,False
4.1,12,11,0,0,0.01,False,True,False,False,False,False,False
4.9,12,12,0,0,0.01,False,True,False,False,False,False,False
5.5,12,13,0,0,0.04,False,False,False,True,False,False,False
5.9,12,14,0,0,0.06,False,False,False,True,False,False,False
6.3,12,15,0,0,0.08,False,False,False,True,False,False,False
6.5,12,16,0,0,0.08,False,False,False,True,False,False,False
1.6,12,11,0,0,0.05,False,False,False,True,False,False,False
2.7,12,12,0,0,0.03,False,False,False,True,False,False,False
3.7,12,13,0,0,0.03,False,False,False,True,False,False,False
4.8,12,14,0,0,0.02,False,False,False,True,False,False,False
5.5,12,15,0,0,0.07,False,False,False,True,False,False,False
5.3,12,16,0,0,0.04,False,False,False,True,False,False,False
5.3,12,11,0,0,0.0,False,False,False,False,True,False,False
6.7,12,12,0,0,0.01,False,False,False,False,True,False,False
7.5,12,13,0,0,0.06,False,False,False,True,False,False,False
7.5,12,14,0,0,0.05,False,False,False,False,True,False,False
7.7,12,15,0,0,0.08,False,False,False,False,True,False,False
7.0,12,16,0,0,0.09,False,False,True,False,False,False,False
2.2,12,11,0,0,0.04,False,True,False,False,False,False,False
3.3,12,12,0,0,0.03,False,False,False,True,False,False,False
2.8,12,13,0,0,0.02,False,True,False,False,False,False,False
3.4,12,14,0,0,0.05,False,True,False,False,False,False,False
4.1,12,15,0,0,0.06,False,True,False,False,False,False,False
5.9,12,16,0,0,0.07,False,True,False,False,False,False,False
1.4,12,11,1,0,0.02,False,False,False,True,False,False,False
1.6,12,12,1,0,0.07,False,False,False,True,False,False,False
2.1,12,13,1,0,0.11,False,False,False,True,False,False,False
2.1,12,14,1,0,0.11,False,False,False,True,False,False,False
2.2,12,15,1,0,0.12,False,False,False,True,False,False,False
2.4,12,16,1,0,0.12,False,False,False,True,False,False,False
4.0,12,11,1,0,0.03,False,False,False,False,False,True,False
6.2,12,12,1,0,0.06,False,True,False,False,False,False,False
7.9,12,13,1,0,0.14,False,False,False,True,False,False,False
8.6,12,14,1,0,0.1,False,False,False,True,False,False,False
9.6,12,15,1,0,0.16,False,False,False,True,False,False,False
10.8,12,16,1,0,0.19,False,False,False,True,False,False,False
1.1,12,11,0,0,0.01,False,False,False,True,False,False,False
-0.7,12,12,0,0,0.03,False,False,False,True,False,False,False
-2.0,12,13,0,0,0.01,False,False,False,True,False,False,False
-2.4,12,14,0,0,0.04,False,False,False,False,False,False,True
-3.8,12,15,0,0,0.03,False,False,False,True,False,False,False
-4.7,12,16,0,0,0.02,False,False,False,False,False,False,True
-5.2,12,11,0,0,0.02,False,False,False,False,True,False,False
-4.7,12,12,0,0,0.01,False,False,False,True,False,False,False
-4.5,12,13,0,0,0.01,False,False,False,True,False,False,False
-4.7,12,14,0,0,0.02,False,False,False,False,False,False,True
-5.2,12,15,0,0,0.0,False,False,False,False,False,False,True
-5.0,12,16,0,0,0.04,False,False,False,True,False,False,False
-4.5,12,11,0,0,0.03,False,False,False,False,False,False,True
-3.9,12,12,0,0,0.04,False,False,False,False,False,False,True
-3.4,12,13,0,0,0.01,False,False,False,False,False,False,True
-2.7,12,14,0,0,0.03,False,False,False,True,False,False,False
-2.6,12,15,0,0,0.04,False,False,False,False,False,False,True
-2.4,12,16,0,0,0.03,False,False,False,False,False,False,True
-9.9,1,11,0,0,0.02,False,False,False,True,False,False,False
-9.6,1,12,0,0,0.03,False,False,False,True,False,False,False
-9.3,1,13,0,0,0.0,False,False,False,True,False,False,False
-8.5,1,14,0,0,0.04,False,False,False,True,False,False,False
-8.4,1,15,0,0,0.07,False,False,False,True,False,False,False
-8.4,1,16,0,0,0.02,False,False,False,True,False,False,False
-6.0,1,11,0,0,0.01,False,False,False,True,False,False,False
-5.5,1,12,0,0,0.05,False,False,False,False,True,False,False
-5.0,1,13,0,0,0.0,False,False,False,False,True,False,False
-4.1,1,14,0,0,0.04,False,False,False,True,False,False,False
-4.4,1,15,0,0,0.05,False,False,False,True,False,False,False
-4.7,1,16,0,0,0.04,False,False,False,True,False,False,False
-7.8,1,11,1,0,0.04,False,False,False,True,False,False,False
-6.6,1,12,1,0,0.08,False,False,False,True,False,False,False
-5.8,1,13,1,0,0.12,False,False,False,True,False,False,False
-5.4,1,14,1,0,0.11,False,False,False,True,False,False,False
-5.0,1,15,1,0,0.13,False,False,False,True,False,False,False
-4.8,1,16,1,0,0.12,False,False,False,True,False,False,False
-4.1,1,11,1,0,0.02,False,False,False,True,False,False,False
-3.3,1,12,1,0,0.07,False,False,False,True,False,False,False
-2.9,1,13,1,0,0.1,False,False,False,True,False,False,False
-2.8,1,14,1,0,0.08,False,False,False,True,False,False,False
-2.6,1,15,1,0,0.11,False,False,False,True,False,False,False
-2.7,1,16,1,0,0.15,False,False,False,True,False,False,False
-2.2,1,11,0,0,0.02,False,False,False,False,True,False,False
0.7,1,12,0,0,0.04,False,False,True,False,False,False,False
2.8,1,13,0,0,0.03,False,False,False,True,False,False,False
4.9,1,14,0,0,0.02,False,False,False,True,False,False,False
5.1,1,15,0,0,0.07,False,False,False,True,False,False,False
5.6,1,16,0,0,0.05,False,False,False,True,False,False,False
4.1,1,11,0,0,0.03,False,False,False,True,False,False,False
5.6,1,12,0,0,0.02,False,False,False,True,False,False,False
7.6,1,13,0,0,0.06,False,False,False,True,False,False,False
9.7,1,14,0,0,0.03,False,False,False,True,False,False,False
8.7,1,15,0,0,0.03,False,True,False,False,False,False,False
7.8,1,16,0,0,0.03,False,True,False,False,False,False,False
5.8,1,11,0,0,0.04,False,False,False,True,False,False,False
6.2,1,12,0,0,0.0,False,False,False,True,False,False,False
7.3,1,13,0,0,0.05,False,False,False,True,False,False,False
7.3,1,14,0,0,0.06,False,False,False,True,False,False,False
8.4,1,15,0,0,0.07,False,False,False,True,False,False,False
8.1,1,16,0,0,0.06,False,False,False,True,False,False,False
2.2,1,11,0,0,0.03,False,False,False,True,False,False,False
3.0,1,12,0,0,0.03,False,False,False,True,False,False,False
6.6,1,13,0,0,0.04,False,False,False,False,True,False,False
9.2,1,14,0,0,0.02,False,False,False,True,False,False,False
10.4,1,15,0,0,0.11,False,False,False,True,False,False,False
10.8,1,16,0,0,0.12,False,False,True,False,False,False,False
14.3,1,11,0,0,0.04,False,False,False,True,False,False,False
13.5,1,12,0,0,0.04,False,False,False,False,False,True,False
15.6,1,13,0,0,0.05,False,False,False,True,False,False,False
15.4,1,14,0,0,0.05,False,False,False,True,False,False,False
16.6,1,15,0,0,0.1,False,False,False,True,False,False,False
17.1,1,16,0,0,0.15,False,False,False,False,True,False,False
5.0,1,11,1,0,0.06,False,True,False,False,False,False,False
6.9,1,12,1,0,0.04,False,True,False,False,False,False,False
9.1,1,13,1,0,0.08,False,True,False,False,False,False,False
8.5,1,14,1,0,0.1,False,True,False,False,False,False,False
9.4,1,15,1,0,0.09,False,True,False,False,False,False,False
9.9,1,16,1,0,0.1,False,True,False,False,False,False,False
0.4,1,11,1,0,0.02,False,False,False,False,False,False,True
0.3,1,12,1,0,0.05,False,False,False,False,False,False,True
0.0,1,13,1,0,0.12,False,False,False,True,False,False,False
-0.1,1,14,1,0,0.09,False,False,False,True,False,False,False
-0.6,1,15,1,0,0.03,False,False,False,False,False,False,True
-1.2,1,16,1,0,0.05,False,False,False,False,False,False,True
-1.8,1,11,0,0,0.03,False,False,False,True,False,False,False
-1.4,1,12,0,0,0.0,False,False,False,True,False,False,False
-0.2,1,13,0,0,0.02,False,False,False,True,False,False,False
0.8,1,14,0,0,0.04,False,False,False,True,False,False,False
1.2,1,15,0,0,0.06,False,False,False,True,False,False,False
1.6,1,16,0,0,0.04,False,False,False,True,False,False,False
1.8,1,11,0,0,0.04,False,False,False,True,False,False,False
3.0,1,12,0,0,0.01,False,False,False,True,False,False,False
4.5,1,13,0,0,0.02,False,False,False,True,False,False,False
5.8,1,14,0,0,0.05,False,False,False,True,False,False,False
6.6,1,15,0,0,0.05,False,False,False,True,False,False,False
7.1,1,16,0,0,0.07,False,False,False,True,False,False,False
6.0,1,11,0,0,0.05,False,True,False,False,False,False,False
5.8,1,12,0,0,0.05,False,True,False,False,False,False,False
5.8,1,13,0,0,0.02,False,True,False,False,False,False,False
5.8,1,14,0,0,0.05,False,True,False,False,False,False,False
5.5,1,15,0,0,0.06,False,True,False,False,False,False,False
5.2,1,16,0,0,0.03,False,True,False,False,False,False,False
-8.2,1,11,0,0,0.02,False,False,False,True,False,False,False
-8.0,1,12,0,0,0.0,False,False,False,True,False,False,False
-7.9,1,13,0,0,0.04,False,False,False,False,False,False,True
-8.0,1,14,0,0,0.04,False,False,False,False,False,False,True
-7.9,1,15,0,0,0.02,False,False,False,False,False,False,True
-7.9,1,16,0,0,0.04,False,False,False,False,False,False,True
-5.8,1,11,0,0,0.05,False,False,False,True,False,False,False
-4.8,1,12,0,0,0.05,False,False,False,True,False,False,False
-4.0,1,13,0,0,0.04,False,False,False,True,False,False,False
-3.4,1,14,0,0,0.04,False,False,False,True,False,False,False
-3.0,1,15,0,0,0.05,False,False,False,True,False,False,False
-2.0,1,16,0,0,0.04,False,False,False,True,False,False,False
1.3,1,11,1,0,0.05,False,False,False,True,False,False,False
1.6,1,12,1,0,0.07,False,False,False,True,False,False,False
2.0,1,13,1,0,0.11,False,False,False,True,False,False,False
2.2,1,14,1,0,0.11,False,False,False,True,False,False,False
2.1,1,15,1,0,0.16,False,False,False,False,True,False,False
2.1,1,16,1,0,0.06,False,False,False,False,False,False,True
-6.4,1,11,1,0,0.01,False,False,False,True,False,False,False
-5.8,1,12,1,0,0.06,False,False,False,True,False,False,False
-5.4,1,13,1,0,0.09,False,False,False,True,False,False,False
-5.2,1,14,1,0,0.11,False,False,False,True,False,False,False
-5.5,1,15,1,0,0.13,False,False,False,True,False,False,False
-5.7,1,16,1,0,0.14,False,False,False,True,False,False,False
-5.1,1,11,0,0,0.02,False,False,False,False,False,False,True
-4.1,1,12,0,0,0.04,False,False,False,False,False,False,True
-3.5,1,13,0,0,0.01,False,False,False,True,False,False,False
-4.3,1,14,0,0,0.02,False,False,False,True,False,False,False
-5.3,1,15,0,0,0.04,False,False,False,True,False,False,False
-6.3,1,16,0,0,0.06,False,False,False,True,False,False,False
-13.5,1,11,0,0,0.01,False,False,False,True,False,False,False
-12.7,1,12,0,0,0.04,False,False,False,True,False,False,False
-11.6,1,13,0,0,0.0,False,False,False,True,False,False,False
-9.8,1,14,0,0,0.04,False,False,False,False,True,False,False
-9.6,1,15,0,0,0.05,False,False,False,False,True,False,False
-9.3,1,16,0,1,0.08,True,False,False,False,False,False,False
-4.2,1,11,0,0,0.05,False,False,False,True,False,False,False
-1.2,1,12,0,0,0.0,False,False,False,True,False,False,False
1.3,1,13,0,0,0.03,False,False,False,True,False,False,False
1.1,1,14,0,0,0.02,False,False,False,True,False,False,False
0.9,1,15,0,0,0.05,False,False,False,True,False,False,False
2.0,1,16,0,0,0.04,False,False,False,True,False,False,False
1.2,1,11,0,0,0.04,False,False,False,False,True,False,False
0.9,1,12,0,0,0.02,False,False,False,True,False,False,False
0.9,1,13,0,0,0.01,False,False,False,True,False,False,False
1.4,1,14,0,0,0.02,False,False,False,True,False,False,False
1.5,1,15,0,0,0.05,False,False,False,True,False,False,False
1.0,1,16,0,0,0.03,False,False,False,True,False,False,False
-5.5,1,11,0,0,0.03,False,False,True,False,False,False,False
-5.5,1,12,0,0,0.01,False,False,True,False,False,False,False
-5.5,1,13,0,0,0.02,False,False,True,False,False,False,False
-4.7,1,14,0,0,0.03,False,False,False,False,True,False,False
-5.1,1,15,0,0,0.07,False,False,False,False,True,False,False
-6.4,1,16,0,0,0.07,False,False,False,True,False,False,False
-15.2,1,11,1,0,0.0,False,False,False,True,False,False,False
-13.9,1,12,1,0,0.05,False,False,False,True,False,False,False
-12.6,1,13,1,0,0.08,False,False,False,True,False,False,False
-12.2,1,14,1,0,0.08,False,False,False,True,False,False,False
-11.3,1,15,1,0,0.12,False,False,False,True,False,False,False
-11.0,1,16,1,0,0.15,False,False,False,True,False,False,False
-9.3,1,11,1,0,0.01,False,False,False,False,False,False,True
-8.8,1,12,1,0,0.01,False,False,False,False,False,False,True
-7.6,1,13,1,0,0.02,False,False,False,False,False,False,True
-7.6,1,14,1,0,0.05,False,False,False,False,False,False,True
-6.7,1,15,1,0,0.01,False,False,False,False,False,False,True
-6.6,1,16,1,0,0.02,False,False,False,False,False,False,True
-10.5,1,11,0,0,0.05,False,False,False,True,False,False,False
-9.9,1,12,0,0,0.02,False,False,False,True,False,False,False
-9.3,1,13,0,0,0.03,False,False,False,False,False,False,True
-8.6,1,14,0,0,0.05,False,False,False,True,False,False,False
-8.4,1,15,0,0,0.03,False,False,False,True,False,False,False
-8.4,1,16,0,0,0.02,False,False,False,False,False,False,True
-14.1,1,11,0,0,0.03,False,False,False,True,False,False,False
-12.7,1,12,0,0,0.02,False,False,False,False,False,False,True
-12.1,1,13,0,0,0.01,False,False,False,False,False,False,True
-10.6,1,14,0,0,0.04,False,False,False,False,False,False,True
-10.0,1,15,0,0,0.03,False,False,False,False,False,False,True
-9.7,1,16,0,0,0.06,False,False,False,True,False,False,False
-15.3,1,11,0,0,0.01,False,False,False,True,False,False,False
-14.2,1,12,0,0,0.04,False,False,False,True,False,False,False
-13.0,1,13,0,0,0.02,False,False,False,True,False,False,False
-11.1,1,14,0,0,0.03,False,False,False,True,False,False,False
-10.8,1,15,0,0,0.05,False,False,False,True,False,False,False
-10.8,1,16,0,0,0.03,False,False,False,True,False,False,False
-14.0,1,11,0,0,0.01,False,False,False,True,False,False,False
-12.5,1,12,0,0,0.03,False,False,False,False,True,False,False
-11.3,1,13,0,0,0.04,False,False,False,True,False,False,False
-10.4,1,14,0,0,0.05,False,False,False,True,False,False,False
-10.0,1,15,0,0,0.05,False,False,False,True,False,False,False
-9.8,1,16,0,0,0.07,False,False,False,True,False,False,False
-16.8,1,11,0,1,0.04,True,False,False,False,False,False,False
-13.7,1,12,0,1,0.05,True,False,False,False,False,False,False
-12.3,1,13,0,0,0.03,False,False,False,True,False,False,False
-11.3,1,14,0,0,0.01,False,False,False,True,False,False,False
-11.0,1,15,0,0,0.03,False,False,False,True,False,False,False
-11.0,1,16,0,0,0.06,False,False,False,False,True,False,False
-17.8,1,11,1,1,0.05,True,False,False,False,False,False,False
-14.1,1,12,1,1,0.08,True,False,False,False,False,False,False
-11.7,1,13,1,1,0.18,True,False,False,False,False,False,False
-10.3,1,14,1,0,0.11,False,False,False,True,False,False,False
-9.8,1,15,1,0,0.14,False,False,False,True,False,False,False
-9.7,1,16,1,0,0.11,False,False,False,True,False,False,False
-12.5,2,11,1,0,0.03,False,False,False,True,False,False,False
-12.2,2,12,1,0,0.07,False,False,False,True,False,False,False
-11.2,2,13,1,0,0.11,False,False,False,True,False,False,False
-9.1,2,14,1,1,0.17,True,False,False,False,False,False,False
-8.1,2,15,1,1,0.2,True,False,False,False,False,False,False
-8.0,2,16,1,1,0.21,True,False,False,False,False,False,False
-10.7,2,11,0,1,0.02,True,False,False,False,False,False,False
-9.5,2,12,0,1,0.03,True,False,False,False,False,False,False
-8.1,2,13,0,0,0.03,False,False,True,False,False,False,False
-5.7,2,14,0,1,0.02,True,False,False,False,False,False,False
-4.8,2,15,0,1,0.08,True,False,False,False,False,False,False
-4.2,2,16,0,0,0.06,False,False,False,False,True,False,False
-3.8,2,11,0,0,0.03,False,False,False,True,False,False,False
-3.0,2,12,0,0,0.03,False,False,False,True,False,False,False
-2.4,2,13,0,0,0.03,False,False,False,True,False,False,False
-2.0,2,14,0,0,0.03,False,False,False,True,False,False,False
-1.7,2,15,0,0,0.07,False,False,False,True,False,False,False
-1.4,2,16,0,0,0.05,False,False,False,True,False,False,False
-10.2,2,11,0,0,0.0,False,False,False,True,False,False,False
-8.9,2,12,0,0,0.02,False,False,False,True,False,False,False
-7.7,2,13,0,0,0.01,False,False,False,True,False,False,False
-5.3,2,14,0,0,0.03,False,False,False,True,False,False,False
-4.9,2,15,0,0,0.02,False,False,False,True,False,False,False
-4.9,2,16,0,0,0.07,False,False,False,True,False,False,False
-10.1,2,11,0,0,0.05,False,False,False,True,False,False,False
-9.4,2,12,0,0,0.01,False,False,False,True,False,False,False
-8.8,2,13,0,0,0.04,False,False,False,True,False,False,False
-7.4,2,14,0,0,0.01,False,False,False,True,False,False,False
-6.8,2,15,0,0,0.04,False,False,False,True,False,False,False
-6.4,2,16,0,0,0.05,False,False,False,True,False,False,False
-5.4,2,11,0,0,0.04,False,False,False,False,False,False,True
-5.1,2,12,0,0,0.03,False,False,False,False,False,False,True
-4.7,2,13,0,0,0.0,False,False,False,False,False,False,True
-4.1,2,14,0,0,0.03,False,False,False,False,False,False,True
-3.7,2,15,0,0,0.03,False,False,False,False,False,False,True
-3.2,2,16,0,0,0.02,False,False,False,False,False,False,True
-14.4,2,11,1,0,0.03,False,False,False,True,False,False,False
-13.1,2,12,1,0,0.01,False,False,False,False,False,False,True
-12.0,2,13,1,0,0.02,False,False,False,False,False,False,True
-11.3,2,14,1,0,0.05,False,False,False,False,False,False,True
-11.2,2,15,1,0,0.11,False,False,False,True,False,False,False
-11.1,2,16,1,0,0.14,False,False,False,True,False,False,False
-15.0,2,11,1,1,0.05,True,False,False,False,False,False,False
-12.6,2,12,1,1,0.06,True,False,False,False,False,False,False
-10.8,2,13,1,0,0.13,False,False,False,False,True,False,False
-8.8,2,14,1,1,0.17,True,False,False,False,False,False,False
-8.4,2,15,1,1,0.2,True,False,False,False,False,False,False
-8.4,2,16,1,1,0.17,True,False,False,False,False,False,False
-14.7,2,11,0,0,0.04,False,False,False,True,False,False,False
-11.1,2,12,0,0,0.03,False,False,True,False,False,False,False
-8.1,2,13,0,0,0.0,False,False,False,True,False,False,False
-5.2,2,14,0,0,0.0,False,False,False,True,False,False,False
-3.5,2,15,0,0,0.05,False,False,False,True,False,False,False
-2.3,2,16,0,0,0.04,False,False,False,True,False,False,False
1.2,2,11,0,0,0.05,False,False,False,True,False,False,False
2.6,2,12,0,0,0.04,False,False,False,True,False,False,False
4.4,2,13,0,0,0.01,False,False,False,False,True,False,False
7.2,2,14,0,0,0.04,False,False,False,True,False,False,False
8.1,2,15,0,0,0.1,False,False,False,False,True,False,False
8.0,2,16,0,0,0.06,False,False,False,True,False,False,False
1.0,2,11,0,0,0.03,False,False,False,True,False,False,False
1.3,2,12,0,0,0.03,False,False,False,True,False,False,False
1.2,2,13,0,0,0.0,False,False,False,True,False,False,False
1.0,2,14,0,0,0.04,False,False,False,True,False,False,False
0.8,2,15,0,0,0.05,False,False,False,True,False,False,False
0.2,2,16,0,0,0.05,False,False,False,True,False,False,False
-3.9,2,11,0,0,0.04,False,False,False,True,False,False,False
-3.7,2,12,0,0,0.0,False,False,False,True,False,False,False
-3.5,2,13,0,0,0.03,False,False,False,True,False,False,False
-2.9,2,14,0,0,0.01,False,False,False,True,False,False,False
-3.1,2,15,0,0,0.05,False,False,False,True,False,False,False
-3.0,2,16,0,0,0.07,False,False,False,True,False,False,False
-3.8,2,11,0,1,0.05,True,False,False,False,False,False,False
-2.8,2,12,0,1,0.01,True,False,False,False,False,False,False
-1.9,2,13,0,1,0.05,True,False,False,False,False,False,False
-0.4,2,14,0,1,0.03,True,False,False,False,False,False,False
0.1,2,15,0,0,0.08,False,False,True,False,False,False,False
0.5,2,16,0,0,0.05,False,False,True,False,False,False,False
2.0,2,11,1,0,0.04,False,False,False,True,False,False,False
3.3,2,12,1,0,0.05,False,False,True,False,False,False,False
4.7,2,13,1,0,0.09,False,False,False,True,False,False,False
7.1,2,14,1,0,0.12,False,False,False,True,False,False,False
7.0,2,15,1,0,0.17,False,False,False,False,True,False,False
7.2,2,16,1,0,0.17,False,False,False,True,False,False,False
3.2,2,11,1,0,0.04,False,True,False,False,False,False,False
3.3,2,12,1,0,0.05,False,True,False,False,False,False,False
3.3,2,13,1,0,0.06,False,True,False,False,False,False,False
4.5,2,14,1,0,0.06,False,True,False,False,False,False,False
4.2,2,15,1,0,0.07,False,True,False,False,False,False,False
4.7,2,16,1,0,0.07,False,True,False,False,False,False,False
1.7,2,11,0,0,0.01,False,False,False,True,False,False,False
3.2,2,12,0,0,0.01,False,False,False,True,False,False,False
4.0,2,13,0,0,0.04,False,False,False,True,False,False,False
4.9,2,14,0,0,0.01,False,False,False,True,False,False,False
6.4,2,15,0,0,0.07,False,False,False,True,False,False,False
7.0,2,16,0,0,0.04,False,False,False,True,False,False,False
5.4,2,11,0,0,0.0,False,False,False,True,False,False,False
7.4,2,12,0,0,0.01,False,False,False,True,False,False,False
9.9,2,13,0,0,0.05,False,False,False,False,True,False,False
12.1,2,14,0,0,0.1,False,False,False,False,True,False,False
13.5,2,15,0,0,0.1,False,False,False,True,False,False,False
13.9,2,16,0,0,0.08,False,False,False,True,False,False,False
10.6,2,11,0,0,0.05,False,True,False,False,False,False,False
11.0,2,12,0,0,0.04,False,True,False,False,False,False,False
12.1,2,13,0,0,0.06,False,True,False,False,False,False,False
10.0,2,14,0,0,0.03,False,True,False,False,False,False,False
11.6,2,15,0,0,0.09,False,True,False,False,False,False,False
12.8,2,16,0,0,0.07,False,True,False,False,False,False,False
11.3,2,11,0,0,0.01,False,False,False,True,False,False,False
12.0,2,12,0,0,0.01,False,False,False,True,False,False,False
13.6,2,13,0,0,0.06,False,False,False,True,False,False,False
15.6,2,14,0,0,0.06,False,False,False,True,False,False,False
14.2,2,15,0,0,0.09,False,False,False,True,False,False,False
12.5,2,16,0,0,0.03,False,False,False,False,False,True,False
13.0,2,11,0,1,0.02,True,False,False,False,False,False,False
16.1,2,12,0,1,0.03,True,False,False,False,False,False,False
16.7,2,13,0,1,0.08,True,False,False,False,False,False,False
16.7,2,14,0,1,0.08,True,False,False,False,False,False,False
15.2,2,15,0,1,0.13,True,False,False,False,False,False,False
13.9,2,16,0,1,0.14,True,False,False,False,False,False,False
2.3,2,11,1,0,0.04,False,False,False,True,False,False,False
3.2,2,12,1,0,0.04,False,False,False,True,False,False,False
4.4,2,13,1,0,0.12,False,False,False,True,False,False,False
6.0,2,14,1,0,0.12,False,False,False,True,False,False,False
6.9,2,15,1,1,0.22,True,False,False,False,False,False,False
7.1,2,16,1,1,0.25,True,False,False,False,False,False,False
0.2,2,11,1,0,0.04,False,False,False,True,False,False,False
0.5,2,12,1,0,0.02,False,False,False,False,False,False,True
0.7,2,13,1,0,0.01,False,False,False,False,False,False,True
0.4,2,14,1,0,0.02,False,False,False,False,False,False,True
0.2,2,15,1,0,0.04,False,False,False,False,False,False,True
0.6,2,16,1,0,0.13,False,False,False,True,False,False,False
-0.7,2,11,0,0,0.04,False,False,False,False,False,False,True
0.1,2,12,0,0,0.02,False,False,False,False,False,False,True
0.5,2,13,0,0,0.0,False,False,False,False,False,False,True
-0.1,2,14,0,0,0.0,False,False,False,True,False,False,False
-0.9,2,15,0,0,0.07,False,False,False,True,False,False,False
-1.7,2,16,0,0,0.04,False,False,False,True,False,False,False
-5.1,2,11,0,0,0.04,False,False,False,True,False,False,False
-4.8,2,12,0,0,0.04,False,False,False,True,False,False,False
-4.4,2,13,0,0,0.03,False,False,False,True,False,False,False
-2.9,2,14,0,0,0.02,False,False,False,True,False,False,False
-2.9,2,15,0,0,0.03,False,False,False,True,False,False,False
-2.3,2,16,0,0,0.03,False,False,False,True,False,False,False
2.8,2,11,0,0,0.05,False,False,True,False,False,False,False
4.0,2,12,0,0,0.01,False,False,True,False,False,False,False
6.3,2,13,0,1,0.08,True,False,False,False,False,False,False
7.2,2,14,0,0,0.06,False,False,True,False,False,False,False
8.1,2,15,0,0,0.06,False,True,False,False,False,False,False
9.5,2,16,0,0,0.04,False,True,False,False,False,False,False
-0.4,2,11,0,0,0.03,False,False,False,True,False,False,False
0.4,2,12,0,0,0.02,False,False,False,True,False,False,False
2.2,2,13,0,1,0.0,True,False,False,False,False,False,False
3.4,2,14,0,1,0.03,True,False,False,False,False,False,False
4.6,2,15,0,0,0.07,False,False,True,False,False,False,False
5.2,2,16,0,0,0.06,False,False,False,False,True,False,False
4.5,2,11,0,1,0.04,True,False,False,False,False,False,False
6.7,2,12,0,1,0.03,True,False,False,False,False,False,False
8.5,2,13,0,1,0.06,True,False,False,False,False,False,False
9.9,2,14,0,1,0.05,True,False,False,False,False,False,False
11.2,2,15,0,0,0.14,False,False,True,False,False,False,False
11.7,2,16,0,0,0.1,False,False,True,False,False,False,False
10.2,2,11,1,1,0.08,True,False,False,False,False,False,False
11.9,2,12,1,1,0.13,True,False,False,False,False,False,False
13.1,2,13,1,1,0.21,True,False,False,False,False,False,False
14.9,2,14,1,1,0.23,True,False,False,False,False,False,False
15.6,2,15,1,1,0.27,True,False,False,False,False,False,False
15.6,2,16,1,0,0.15,False,False,False,True,False,False,False
-1.2,3,11,1,0,0.05,False,False,False,False,True,False,False
-0.7,3,12,1,1,0.1,True,False,False,False,False,False,False
0.6,3,13,1,1,0.22,True,False,False,False,False,False,False
2.0,3,14,1,1,0.23,True,False,False,False,False,False,False
2.7,3,15,1,1,0.26,True,False,False,False,False,False,False
2.9,3,16,1,0,0.24,False,False,True,False,False,False,False
2.6,3,17,1,1,0.25,True,False,False,False,False,False,False
1.4,3,18,1,1,0.27,True,False,False,False,False,False,False
-2.0,3,11,0,0,0.04,False,False,False,True,False,False,False
0.4,3,12,0,0,0.02,False,False,False,True,False,False,False
2.2,3,13,0,0,0.05,False,False,False,True,False,False,False
1.4,3,14,0,0,0.05,False,False,False,True,False,False,False
2.3,3,15,0,0,0.08,False,False,False,True,False,False,False
2.2,3,16,0,0,0.06,False,False,False,True,False,False,False
2.4,3,17,0,0,0.09,False,False,False,True,False,False,False
2.5,3,18,0,0,0.1,False,False,False,True,False,False,False
3.9,3,11,0,0,0.01,False,True,False,False,False,False,False
6.0,3,12,0,0,0.0,False,True,False,False,False,False,False
7.1,3,13,0,0,0.05,False,True,False,False,False,False,False
7.6,3,14,0,0,0.07,False,False,False,True,False,False,False
8.3,3,15,0,0,0.05,False,True,False,False,False,False,False
9.1,3,16,0,0,0.04,False,False,False,False,False,True,False
8.0,3,17,0,0,0.03,False,False,False,False,False,True,False
7.6,3,18,0,0,0.04,False,False,False,False,False,True,False
7.3,3,11,0,0,0.02,False,True,False,False,False,False,False
8.0,3,12,0,0,0.01,False,True,False,False,False,False,False
9.5,3,13,0,0,0.05,False,False,False,True,False,False,False
9.3,3,14,0,0,0.1,False,False,False,True,False,False,False
10.7,3,15,0,0,0.14,False,False,False,True,False,False,False
11.9,3,16,0,0,0.11,False,False,False,True,False,False,False
12.3,3,17,0,0,0.14,False,False,False,True,False,False,False
11.7,3,18,0,0,0.14,False,False,False,True,False,False,False
12.5,3,11,0,0,0.03,False,True,False,False,False,False,False
15.0,3,12,0,0,0.02,False,True,False,False,False,False,False
15.8,3,13,0,0,0.07,False,False,False,False,False,True,False
15.6,3,14,0,0,0.06,False,True,False,False,False,False,False
16.6,3,15,0,0,0.14,False,False,False,True,False,False,False
16.7,3,16,0,0,0.08,False,True,False,False,False,False,False
16.7,3,17,0,0,0.09,False,True,False,False,False,False,False
15.2,3,18,0,0,0.07,False,False,False,False,False,True,False
16.1,3,11,0,0,0.04,False,False,False,True,False,False,False
17.9,3,12,0,0,0.09,False,False,False,True,False,False,False
18.6,3,13,0,0,0.11,False,True,False,False,False,False,False
18.9,3,14,0,0,0.06,False,True,False,False,False,False,False
19.9,3,15,0,0,0.14,False,False,False,True,False,False,False
20.8,3,16,0,0,0.23,False,False,True,False,False,False,False
21.3,3,17,0,0,0.21,False,False,True,False,False,False,False
20.4,3,18,0,0,0.23,False,False,True,False,False,False,False
21.3,3,11,1,1,0.2,True,False,False,False,False,False,False
22.7,3,12,1,1,0.32,True,False,False,False,False,False,False
23.8,3,13,1,0,0.24,False,False,False,True,False,False,False
24.0,3,14,1,0,0.27,False,False,False,True,False,False,False
23.3,3,15,1,0,0.17,False,True,False,False,False,False,False
23.4,3,16,1,0,0.29,False,False,False,True,False,False,False
21.1,3,17,1,0,0.14,False,True,False,False,False,False,False
18.5,3,18,1,0,0.14,False,True,False,False,False,False,False
10.9,3,11,1,0,0.1,False,False,False,False,True,False,False
12.6,3,12,1,0,0.1,False,False,False,True,False,False,False
13.3,3,13,1,0,0.17,False,False,False,True,False,False,False
14.7,3,14,1,1,0.3,True,False,False,False,False,False,False
15.3,3,15,1,1,0.29,True,False,False,False,False,False,False
15.3,3,16,1,1,0.33,True,False,False,False,False,False,False
15.1,3,17,1,1,0.32,True,False,False,False,False,False,False
14.5,3,18,1,1,0.32,True,False,False,False,False,False,False
12.5,3,11,0,1,0.04,True,False,False,False,False,False,False
14.7,3,12,0,1,0.05,True,False,False,False,False,False,False
16.5,3,13,0,1,0.17,True,False,False,False,False,False,False
18.2,3,14,0,1,0.22,True,False,False,False,False,False,False
19.0,3,15,0,1,0.23,True,False,False,False,False,False,False
19.4,3,16,0,1,0.27,True,False,False,False,False,False,False
19.3,3,17,0,1,0.26,True,False,False,False,False,False,False
18.5,3,18,0,1,0.22,True,False,False,False,False,False,False
16.3,3,11,0,0,0.04,False,False,False,True,False,False,False
17.6,3,12,0,0,0.06,False,False,False,True,False,False,False
19.5,3,13,0,0,0.15,False,False,False,True,False,False,False
20.4,3,14,0,0,0.14,False,False,False,True,False,False,False
20.5,3,15,0,0,0.13,False,False,False,True,False,False,False
19.3,3,16,0,0,0.1,False,True,False,False,False,False,False
19.0,3,17,0,0,0.09,False,True,False,False,False,False,False
18.9,3,18,0,1,0.22,True,False,False,False,False,False,False
18.6,3,11,0,0,0.04,False,True,False,False,False,False,False
18.9,3,12,0,0,0.07,False,True,False,False,False,False,False
19.0,3,13,0,0,0.11,False,True,False,False,False,False,False
19.8,3,14,0,0,0.11,False,True,False,False,False,False,False
18.0,3,15,0,0,0.07,False,False,False,False,False,True,False
17.9,3,16,0,0,0.06,False,False,False,False,False,True,False
18.5,3,17,0,0,0.08,False,True,False,False,False,False,False
19.0,3,18,0,0,0.1,False,True,False,False,False,False,False
1.1,3,11,0,0,0.03,False,False,False,True,False,False,False
1.9,3,12,0,0,0.03,False,False,False,True,False,False,False
2.9,3,13,0,0,0.05,False,False,False,True,False,False,False
4.3,3,14,0,0,0.05,False,False,False,True,False,False,False
4.6,3,15,0,0,0.1,False,False,True,False,False,False,False
4.1,3,16,0,0,0.09,False,False,True,False,False,False,False
4.2,3,17,0,0,0.01,False,False,False,False,False,False,True
4.1,3,18,0,0,0.11,False,False,False,False,True,False,False
3.3,3,11,0,0,0.01,False,False,False,True,False,False,False
6.4,3,12,0,0,0.01,False,False,False,True,False,False,False
10.2,3,13,0,1,0.16,True,False,False,False,False,False,False
11.4,3,14,0,0,0.13,False,False,True,False,False,False,False
12.7,3,15,0,0,0.15,False,False,True,False,False,False,False
13.7,3,16,0,0,0.13,False,False,False,False,True,False,False
11.7,3,17,0,0,0.08,False,True,False,False,False,False,False
12.3,3,18,0,0,0.18,False,False,False,False,True,False,False
3.2,3,11,1,0,0.07,False,False,True,False,False,False,False
4.5,3,12,1,0,0.09,False,False,False,False,True,False,False
5.7,3,13,1,0,0.2,False,False,False,False,True,False,False
6.7,3,14,1,0,0.16,False,False,False,True,False,False,False
7.6,3,15,1,0,0.15,False,False,False,True,False,False,False
7.8,3,16,1,0,0.16,False,False,False,True,False,False,False
7.6,3,17,1,0,0.18,False,False,False,True,False,False,False
7.1,3,18,1,0,0.17,False,False,False,True,False,False,False
12.7,3,11,1,0,0.08,False,False,False,True,False,False,False
15.2,3,12,1,0,0.16,False,False,True,False,False,False,False
16.8,3,13,1,0,0.24,False,False,False,False,True,False,False
18.2,3,14,1,0,0.23,False,False,False,True,False,False,False
18.1,3,15,1,0,0.22,False,False,False,True,False,False,False
18.1,3,16,1,0,0.24,False,False,False,True,False,False,False
17.3,3,17,1,0,0.22,False,False,False,True,False,False,False
16.4,3,18,1,0,0.19,False,False,False,True,False,False,False
15.9,3,11,0,0,0.03,False,True,False,False,False,False,False
12.2,3,12,0,0,0.04,False,True,False,False,False,False,False
9.6,3,13,0,0,0.07,False,True,False,False,False,False,False
7.8,3,14,0,0,0.1,False,False,False,True,False,False,False
5.9,3,15,0,0,0.06,False,True,False,False,False,False,False
4.7,3,16,0,0,0.08,False,True,False,False,False,False,False
2.2,3,17,0,0,0.03,False,False,False,False,False,False,True
0.8,3,18,0,0,0.05,False,False,False,False,False,False,True
-4.1,3,11,0,0,0.04,False,False,False,False,False,False,True
-3.9,3,12,0,0,0.03,False,False,False,False,False,False,True
-3.4,3,13,0,0,0.02,False,False,False,False,False,False,True
-3.9,3,14,0,0,0.03,False,False,False,False,False,False,True
-3.5,3,15,0,0,0.02,False,False,False,False,False,False,True
-3.8,3,16,0,0,0.04,False,False,False,False,False,False,True
-3.9,3,17,0,0,0.01,False,False,False,False,False,False,True
-4.4,3,18,0,1,0.13,True,False,False,False,False,False,False
-3.9,3,11,0,1,0.02,True,False,False,False,False,False,False
-2.8,3,12,0,0,0.02,False,False,False,False,True,False,False
-1.7,3,13,0,0,0.05,False,False,False,True,False,False,False
-0.4,3,14,0,0,0.09,False,False,True,False,False,False,False
-0.1,3,15,0,0,0.09,False,False,False,True,False,False,False
0.7,3,16,0,0,0.07,False,False,False,True,False,False,False
1.1,3,17,0,0,0.09,False,False,False,True,False,False,False
1.1,3,18,0,0,0.08,False,False,False,True,False,False,False
4.4,3,11,0,0,0.0,False,False,False,True,False,False,False
5.4,3,12,0,1,0.04,True,False,False,False,False,False,False
7.0,3,13,0,1,0.08,True,False,False,False,False,False,False
10.9,3,14,0,1,0.14,True,False,False,False,False,False,False
12.4,3,15,0,1,0.17,True,False,False,False,False,False,False
12.9,3,16,0,0,0.15,False,False,True,False,False,False,False
13.1,3,17,0,0,0.16,False,False,False,False,True,False,False
12.6,3,18,0,0,0.1,False,False,False,True,False,False,False
12.7,3,11,0,0,0.02,False,False,False,True,False,False,False
13.4,3,12,0,0,0.06,False,False,False,True,False,False,False
14.4,3,13,0,0,0.11,False,False,False,True,False,False,False
15.5,3,14,0,0,0.08,False,True,False,False,False,False,False
13.0,3,15,0,0,0.07,False,True,False,False,False,False,False
14.3,3,16,0,0,0.1,False,True,False,False,False,False,False
15.3,3,17,0,0,0.1,False,True,False,False,False,False,False
14.6,3,18,0,0,0.14,False,False,False,False,True,False,False
6.8,3,11,1,0,0.08,False,False,False,True,False,False,False
7.8,3,12,1,0,0.12,False,False,False,True,False,False,False
9.4,3,13,1,0,0.17,False,False,False,False,True,False,False
11.1,3,14,1,0,0.22,False,False,False,False,True,False,False
12.7,3,15,1,0,0.31,False,False,True,False,False,False,False
13.5,3,16,1,1,0.33,True,False,False,False,False,False,False
13.9,3,17,1,0,0.22,False,False,False,True,False,False,False
13.6,3,18,1,0,0.2,False,False,False,True,False,False,False
19.5,3,11,1,1,0.22,True,False,False,False,False,False,False
21.3,3,12,1,0,0.19,False,False,False,True,False,False,False
22.0,3,13,1,0,0.23,False,False,False,True,False,False,False
26.8,3,14,1,0,0.25,False,False,False,True,False,False,False
23.8,3,15,1,0,0.19,False,True,False,False,False,False,False
24.5,3,16,1,0,0.29,False,False,False,True,False,False,False
24.4,3,17,1,0,0.29,False,False,False,True,False,False,False
19.0,3,18,1,0,0.13,False,True,False,False,False,False,False
4.2,3,11,0,0,0.01,False,False,False,True,False,False,False
4.2,3,12,0,0,0.03,False,False,False,True,False,False,False
4.2,3,13,0,0,0.02,False,True,False,False,False,False,False
4.0,3,14,0,0,0.03,False,True,False,False,False,False,False
3.5,3,15,0,0,0.08,False,False,False,True,False,False,False
2.9,3,16,0,0,0.09,False,False,False,True,False,False,False
2.3,3,17,0,0,0.07,False,False,False,True,False,False,False
1.8,3,18,0,0,0.08,False,False,False,True,False,False,False
0.6,3,11,0,1,0.02,True,False,False,False,False,False,False
2.1,3,12,0,1,0.02,True,False,False,False,False,False,False
3.6,3,13,0,1,0.07,True,False,False,False,False,False,False
4.4,3,14,0,1,0.1,True,False,False,False,False,False,False
5.8,3,15,0,0,0.09,False,False,False,True,False,False,False
6.7,3,16,0,0,0.1,False,False,False,True,False,False,False
6.9,3,17,0,0,0.11,False,False,False,True,False,False,False
6.6,3,18,0,0,0.11,False,False,False,True,False,False,False
7.0,3,11,0,0,0.04,False,False,True,False,False,False,False
11.0,3,12,0,0,0.06,False,False,False,True,False,False,False
13.4,3,13,0,0,0.11,False,False,False,True,False,False,False
14.6,3,14,0,0,0.09,False,False,False,True,False,False,False
16.0,3,15,0,0,0.12,False,False,False,True,False,False,False
16.4,3,16,0,0,0.14,False,False,False,True,False,False,False
15.8,3,17,0,0,0.13,False,False,False,True,False,False,False
14.4,3,18,0,0,0.13,False,False,False,True,False,False,False
18.7,3,11,0,0,0.07,False,False,True,False,False,False,False
20.3,3,12,0,0,0.13,False,False,True,False,False,False,False
21.6,3,13,0,1,0.2,True,False,False,False,False,False,False
22.8,3,14,0,0,0.25,False,False,True,False,False,False,False
23.5,3,15,0,0,0.2,False,False,False,True,False,False,False
21.5,3,16,0,0,0.15,False,False,False,True,False,False,False
22.1,3,17,0,0,0.19,False,False,False,True,False,False,False
21.7,3,18,0,0,0.14,False,False,False,True,False,False,False
3.3,3,11,0,0,0.02,False,False,False,True,False,False,False
3.8,3,12,0,0,0.0,False,False,False,True,False,False,False
4.7,3,13,0,0,0.04,False,False,False,True,False,False,False
4.6,3,14,0,0,0.05,False,False,False,True,False,False,False
6.5,3,15,0,0,0.11,False,False,False,False,True,False,False
7.6,3,16,0,0,0.12,False,False,True,False,False,False,False
8.0,3,17,0,1,0.16,True,False,False,False,False,False,False
7.5,3,18,0,1,0.14,True,False,False,False,False,False,False
1.6,3,11,1,0,0.06,False,False,True,False,False,False,False
2.7,3,12,1,0,0.07,False,False,False,True,False,False,False
3.4,3,13,1,0,0.11,False,False,False,True,False,False,False
3.5,3,14,1,0,0.15,False,False,False,False,True,False,False
4.6,3,15,1,0,0.21,False,False,True,False,False,False,False
5.3,3,16,1,1,0.29,True,False,False,False,False,False,False
5.4,3,17,1,1,0.26,True,False,False,False,False,False,False
4.9,3,18,1,1,0.25,True,False,False,False,False,False,False
7.9,3,11,1,0,0.08,False,False,False,True,False,False,False
10.1,3,12,1,0,0.15,False,False,False,True,False,False,False
12.3,3,13,1,0,0.23,False,False,False,False,True,False,False
13.9,3,14,1,0,0.21,False,False,False,False,True,False,False
15.3,3,15,1,0,0.21,False,False,False,True,False,False,False
15.5,3,16,1,0,0.17,False,False,False,True,False,False,False
14.6,3,17,1,0,0.19,False,False,False,True,False,False,False
13.6,3,18,1,0,0.19,False,False,False,True,False,False,False
15.8,3,11,0,0,0.04,False,False,False,True,False,False,False
17.9,3,12,0,0,0.1,False,False,False,False,True,False,False
19.2,3,13,0,0,0.19,False,False,False,False,True,False,False
19.1,3,14,0,0,0.13,False,False,False,True,False,False,False
19.1,3,15,0,0,0.14,False,False,False,True,False,False,False
19.5,3,16,0,0,0.18,False,False,False,True,False,False,False
18.9,3,17,0,0,0.18,False,False,False,True,False,False,False
18.4,3,18,0,0,0.18,False,False,False,True,False,False,False
20.3,3,11,0,0,0.07,False,True,False,False,False,False,False
21.6,3,12,0,0,0.06,False,False,False,True,False,False,False
21.7,3,13,0,0,0.09,False,True,False,False,False,False,False
22.2,3,14,0,0,0.22,False,False,False,False,True,False,False
24.1,3,15,0,0,0.18,False,False,False,True,False,False,False
24.4,3,16,0,0,0.19,False,False,False,True,False,False,False
23.7,3,17,0,0,0.21,False,False,False,True,False,False,False
24.1,3,18,0,0,0.19,False,False,False,True,False,False,False
15.1,4,11,0,0,0.04,False,True,False,False,False,False,False
13.9,4,12,0,0,0.05,False,True,False,False,False,False,False
16.7,4,13,0,0,0.16,False,False,False,True,False,False,False
17.1,4,14,0,0,0.2,False,False,False,True,False,False,False
20.1,4,15,0,0,0.21,False,False,False,True,False,False,False
20.4,4,16,0,0,0.29,False,False,False,False,True,False,False
19.7,4,17,0,0,0.23,False,False,False,True,False,False,False
17.3,4,18,0,0,0.11,False,True,False,False,False,False,False
17.9,4,11,0,0,0.12,False,False,False,True,False,False,False
20.7,4,12,0,0,0.2,False,False,False,False,True,False,False
23.3,4,13,0,0,0.33,False,False,True,False,False,False,False
24.5,4,14,0,0,0.24,False,False,False,True,False,False,False
25.8,4,15,0,0,0.25,False,False,False,True,False,False,False
25.8,4,16,0,0,0.26,False,False,False,True,False,False,False
26.3,4,17,0,0,0.27,False,False,False,True,False,False,False
24.7,4,18,0,0,0.24,False,False,False,True,False,False,False
21.0,4,11,0,0,0.13,False,False,False,True,False,False,False
22.4,4,12,0,0,0.2,False,False,False,True,False,False,False
23.0,4,13,0,0,0.13,False,True,False,False,False,False,False
22.8,4,14,0,0,0.23,False,False,False,True,False,False,False
24.0,4,15,0,0,0.28,False,False,False,True,False,False,False
24.1,4,16,0,0,0.26,False,False,False,True,False,False,False
23.1,4,17,0,0,0.24,False,False,False,True,False,False,False
22.7,4,18,0,0,0.39,False,False,True,False,False,False,False
22.2,4,11,1,0,0.31,False,False,False,False,True,False,False
24.4,4,12,1,0,0.39,False,False,True,False,False,False,False
25.7,4,13,1,0,0.4,False,False,False,False,True,False,False
26.2,4,14,1,0,0.33,False,False,False,True,False,False,False
26.8,4,15,1,0,0.31,False,False,False,True,False,False,False
27.0,4,16,1,0,0.32,False,False,False,True,False,False,False
26.9,4,17,1,0,0.36,False,False,False,True,False,False,False
26.1,4,18,1,0,0.36,False,False,False,True,False,False,False
7.8,4,11,1,0,0.12,False,False,False,True,False,False,False
9.3,4,12,1,0,0.17,False,False,False,True,False,False,False
9.4,4,13,1,0,0.21,False,False,False,True,False,False,False
8.0,4,14,1,0,0.22,False,False,False,True,False,False,False
8.1,4,15,1,0,0.23,False,False,False,True,False,False,False
8.2,4,16,1,0,0.26,False,False,False,True,False,False,False
8.3,4,17,1,0,0.23,False,False,False,True,False,False,False
7.7,4,18,1,0,0.25,False,False,False,True,False,False,False
6.4,4,11,0,0,0.08,False,False,False,True,False,False,False
7.1,4,12,0,0,0.09,False,False,False,True,False,False,False
8.0,4,13,0,0,0.14,False,False,False,True,False,False,False
10.1,4,14,0,0,0.08,False,True,False,False,False,False,False
8.2,4,15,0,0,0.11,False,True,False,False,False,False,False
9.3,4,16,0,0,0.08,False,True,False,False,False,False,False
10.2,4,17,0,0,0.24,False,False,True,False,False,False,False
11.0,4,18,0,0,0.24,False,False,True,False,False,False,False
0.0,4,11,0,0,0.06,False,False,False,False,True,False,False
0.6,4,12,0,0,0.05,False,False,False,True,False,False,False
1.5,4,13,0,0,0.18,False,False,True,False,False,False,False
3.2,4,14,0,0,0.14,False,False,True,False,False,False,False
4.0,4,15,0,0,0.18,False,False,True,False,False,False,False
4.3,4,16,0,1,0.2,True,False,False,False,False,False,False
4.2,4,17,0,1,0.24,True,False,False,False,False,False,False
3.5,4,18,0,1,0.2,True,False,False,False,False,False,False
6.3,4,11,0,1,0.07,True,False,False,False,False,False,False
8.8,4,12,0,1,0.11,True,False,False,False,False,False,False
10.7,4,13,0,1,0.26,True,False,False,False,False,False,False
12.2,4,14,0,1,0.24,True,False,False,False,False,False,False
13.5,4,15,0,1,0.27,True,False,False,False,False,False,False
14.3,4,16,0,1,0.31,True,False,False,False,False,False,False
14.6,4,17,0,1,0.26,True,False,False,False,False,False,False
14.3,4,18,0,1,0.27,True,False,False,False,False,False,False
14.8,4,11,0,0,0.11,False,False,False,False,True,False,False
17.3,4,12,0,0,0.22,False,False,True,False,False,False,False
19.4,4,13,0,1,0.29,True,False,False,False,False,False,False
21.6,4,14,0,1,0.29,True,False,False,False,False,False,False
22.3,4,15,0,0,0.4,False,False,True,False,False,False,False
22.4,4,16,0,0,0.38,False,False,True,False,False,False,False
22.2,4,17,0,1,0.42,True,False,False,False,False,False,False
21.6,4,18,0,0,0.31,False,False,True,False,False,False,False
19.2,4,11,0,0,0.13,False,False,False,True,False,False,False
21.2,4,12,0,0,0.19,False,False,False,False,True,False,False
22.4,4,13,0,0,0.25,False,False,False,True,False,False,False
23.6,4,14,0,0,0.23,False,False,False,True,False,False,False
23.8,4,15,0,0,0.25,False,False,False,True,False,False,False
23.3,4,16,0,0,0.23,False,False,False,True,False,False,False
21.2,4,17,0,0,0.21,False,False,False,True,False,False,False
16.6,4,18,0,0,0.12,False,True,False,False,False,False,False
8.8,4,11,1,0,0.15,False,False,False,False,True,False,False
10.2,4,12,1,0,0.25,False,False,True,False,False,False,False
11.5,4,13,1,0,0.35,False,False,True,False,False,False,False
12.5,4,14,1,1,0.35,True,False,False,False,False,False,False
13.5,4,15,1,1,0.41,True,False,False,False,False,False,False
13.8,4,16,1,1,0.44,True,False,False,False,False,False,False
13.9,4,17,1,1,0.41,True,False,False,False,False,False,False
13.4,4,18,1,1,0.41,True,False,False,False,False,False,False
16.7,4,11,1,0,0.16,False,False,False,True,False,False,False
19.5,4,12,1,0,0.24,False,False,False,True,False,False,False
22.2,4,13,1,0,0.29,False,False,False,True,False,False,False
23.9,4,14,1,0,0.33,False,False,False,True,False,False,False
24.2,4,15,1,0,0.34,False,False,False,True,False,False,False
24.4,4,16,1,0,0.34,False,False,False,True,False,False,False
24.6,4,17,1,0,0.43,False,False,False,False,True,False,False
24.2,4,18,1,0,0.45,False,False,False,False,True,False,False
22.6,4,11,0,0,0.19,False,False,False,False,True,False,False
24.3,4,12,0,0,0.2,False,False,False,True,False,False,False
25.4,4,13,0,1,0.38,True,False,False,False,False,False,False
25.6,4,14,0,0,0.35,False,False,True,False,False,False,False
25.7,4,15,0,0,0.25,False,False,False,True,False,False,False
25.7,4,16,0,0,0.37,False,False,True,False,False,False,False
23.8,4,17,0,0,0.36,False,False,True,False,False,False,False
23.7,4,18,0,0,0.36,False,False,True,False,False,False,False
21.8,4,11,0,0,0.11,False,False,False,True,False,False,False
22.5,4,12,0,0,0.13,False,True,False,False,False,False,False
24.2,4,13,0,0,0.11,False,False,False,False,False,True,False
24.2,4,14,0,0,0.16,False,True,False,False,False,False,False
19.5,4,15,0,0,0.1,False,False,False,False,False,True,False
21.2,4,16,0,0,0.12,False,True,False,False,False,False,False
23.4,4,17,0,0,0.26,False,False,False,True,False,False,False
24.0,4,18,0,0,0.25,False,False,False,True,False,False,False
22.9,4,11,0,0,0.14,False,False,False,True,False,False,False
24.9,4,12,0,0,0.26,False,False,False,False,True,False,False
25.8,4,13,0,0,0.26,False,False,False,True,False,False,False
25.9,4,14,0,0,0.13,False,True,False,False,False,False,False
26.1,4,15,0,0,0.26,False,False,False,True,False,False,False
27.7,4,16,0,0,0.26,False,False,False,True,False,False,False
27.3,4,17,0,0,0.26,False,False,False,True,False,False,False
25.5,4,18,0,0,0.27,False,False,False,True,False,False,False
24.0,4,11,0,0,0.17,False,False,False,True,False,False,False
25.2,4,12,0,0,0.17,False,False,False,True,False,False,False
26.2,4,13,0,0,0.36,False,False,True,False,False,False,False
26.9,4,14,0,0,0.3,False,False,False,False,True,False,False
27.0,4,15,0,0,0.36,False,False,True,False,False,False,False
27.5,4,16,0,0,0.28,False,False,False,True,False,False,False
25.1,4,17,0,0,0.17,False,True,False,False,False,False,False
19.2,4,18,0,0,0.09,False,False,False,False,False,True,False
17.4,4,11,0,0,0.05,False,True,False,False,False,False,False
19.2,4,12,0,0,0.21,False,False,True,False,False,False,False
20.9,4,13,0,1,0.29,True,False,False,False,False,False,False
21.4,4,14,0,1,0.31,True,False,False,False,False,False,False
22.8,4,15,0,1,0.43,True,False,False,False,False,False,False
23.6,4,16,0,1,0.4,True,False,False,False,False,False,False
24.0,4,17,0,0,0.37,False,False,True,False,False,False,False
23.9,4,18,0,0,0.35,False,False,False,False,True,False,False
22.2,4,11,1,0,0.24,False,False,False,True,False,False,False
24.3,4,12,1,0,0.27,False,False,False,True,False,False,False
26.2,4,13,1,0,0.32,False,False,False,True,False,False,False
26.8,4,14,1,0,0.33,False,False,False,True,False,False,False
27.5,4,15,1,0,0.32,False,False,False,True,False,False,False
26.3,4,16,1,0,0.19,False,True,False,False,False,False,False
18.9,4,17,1,0,0.13,False,False,False,False,False,True,False
18.8,4,18,1,0,0.1,False,False,False,False,False,True,False
8.3,4,11,1,0,0.1,False,True,False,False,False,False,False
9.2,4,12,1,1,0.27,True,False,False,False,False,False,False
10.0,4,13,1,0,0.36,False,False,True,False,False,False,False
9.4,4,14,1,0,0.29,False,False,True,False,False,False,False
9.3,4,15,1,0,0.29,False,False,False,False,True,False,False
10.1,4,16,1,0,0.37,False,False,True,False,False,False,False
10.2,4,17,1,0,0.25,False,False,False,True,False,False,False
9.9,4,18,1,0,0.32,False,False,False,False,True,False,False
4.3,4,11,0,0,0.03,False,False,False,False,True,False,False
4.9,4,12,0,0,0.08,False,False,False,True,False,False,False
5.2,4,13,0,0,0.11,False,False,False,True,False,False,False
5.7,4,14,0,0,0.19,False,False,False,False,True,False,False
6.1,4,15,0,0,0.17,False,False,False,True,False,False,False
5.9,4,16,0,0,0.16,False,False,False,True,False,False,False
6.3,4,17,0,0,0.15,False,False,False,True,False,False,False
6.3,4,18,0,0,0.19,False,False,False,False,True,False,False
10.1,4,11,0,0,0.09,False,False,True,False,False,False,False
12.2,4,12,0,0,0.17,False,False,True,False,False,False,False
14.1,4,13,0,0,0.24,False,False,True,False,False,False,False
15.9,4,14,0,0,0.22,False,False,True,False,False,False,False
17.4,4,15,0,1,0.33,True,False,False,False,False,False,False
18.9,4,16,0,0,0.31,False,False,False,False,True,False,False
19.3,4,17,0,0,0.22,False,False,False,True,False,False,False
18.4,4,18,0,0,0.22,False,False,False,True,False,False,False
18.9,4,11,0,0,0.14,False,False,True,False,False,False,False
20.5,4,12,0,1,0.24,True,False,False,False,False,False,False
21.8,4,13,0,1,0.28,True,False,False,False,False,False,False
22.8,4,14,0,0,0.36,False,False,True,False,False,False,False
23.4,4,15,0,0,0.36,False,False,True,False,False,False,False
23.3,4,16,0,1,0.44,True,False,False,False,False,False,False
22.6,4,17,0,1,0.43,True,False,False,False,False,False,False
21.9,4,18,0,0,0.34,False,False,True,False,False,False,False
19.5,4,11,0,1,0.19,True,False,False,False,False,False,False
21.4,4,12,0,0,0.19,False,False,False,False,True,False,False
22.8,4,13,0,0,0.32,False,False,False,False,True,False,False
23.2,4,14,0,0,0.26,False,False,False,True,False,False,False
24.3,4,15,0,0,0.32,False,False,False,False,True,False,False
24.6,4,16,0,0,0.37,False,False,True,False,False,False,False
24.5,4,17,0,0,0.39,False,False,True,False,False,False,False
23.5,4,18,0,0,0.38,False,False,True,False,False,False,False
23.1,4,11,0,1,0.26,True,False,False,False,False,False,False
25.0,4,12,0,1,0.29,True,False,False,False,False,False,False
25.6,4,13,0,0,0.35,False,False,True,False,False,False,False
25.5,4,14,0,0,0.21,False,False,False,True,False,False,False
26.0,4,15,0,0,0.26,False,False,False,True,False,False,False
26.2,4,16,0,0,0.24,False,False,False,True,False,False,False
26.0,4,17,0,0,0.24,False,False,False,True,False,False,False
23.4,4,18,0,0,0.14,False,True,False,False,False,False,False
16.3,4,11,1,0,0.09,False,True,False,False,False,False,False
15.7,4,12,1,0,0.07,False,False,False,False,False,True,False
17.9,4,13,1,0,0.18,False,True,False,False,False,False,False
16.1,4,14,1,0,0.09,False,False,False,False,False,True,False
16.8,4,15,1,0,0.14,False,True,False,False,False,False,False
15.6,4,16,1,0,0.25,False,False,False,True,False,False,False
13.9,4,17,1,0,0.25,False,False,False,True,False,False,False
13.7,4,18,1,0,0.25,False,False,False,True,False,False,False
11.3,4,11,1,0,0.17,False,False,False,True,False,False,False
12.9,4,12,1,0,0.19,False,False,False,True,False,False,False
13.7,4,13,1,0,0.24,False,False,False,True,False,False,False
13.2,4,14,1,0,0.24,False,False,False,True,False,False,False
13.9,4,15,1,0,0.24,False,False,False,True,False,False,False
14.5,4,16,1,0,0.26,False,False,False,True,False,False,False
14.9,4,17,1,0,0.31,False,False,False,False,True,False,False
15.2,4,18,1,1,0.42,True,False,False,False,False,False,False
16.0,4,11,0,0,0.1,False,False,False,True,False,False,False
18.2,4,12,0,0,0.12,False,False,False,True,False,False,False
19.8,4,13,0,0,0.17,False,False,False,True,False,False,False
21.1,4,14,0,0,0.24,False,False,False,False,True,False,False
22.0,4,15,0,0,0.27,False,False,False,True,False,False,False
22.3,4,16,0,0,0.27,False,False,False,True,False,False,False
22.1,4,17,0,0,0.28,False,False,False,True,False,False,False
21.5,4,18,0,0,0.2,False,False,False,True,False,False,False
14.3,4,11,0,0,0.09,False,False,False,True,False,False,False
15.3,4,12,0,0,0.06,False,True,False,False,False,False,False
15.9,4,13,0,0,0.11,False,True,False,False,False,False,False
16.8,4,14,0,0,0.15,False,False,False,True,False,False,False
18.5,4,15,0,0,0.14,False,True,False,False,False,False,False
21.1,4,16,0,0,0.29,False,False,False,False,True,False,False
21.9,4,17,0,0,0.12,False,True,False,False,False,False,False
21.9,4,18,0,0,0.26,False,False,False,False,True,False,False
16.6,4,11,0,0,0.05,False,True,False,False,False,False,False
15.4,4,12,0,0,0.06,False,True,False,False,False,False,False
17.9,4,13,0,0,0.08,False,False,False,False,False,True,False
15.6,4,14,0,0,0.11,False,True,False,False,False,False,False
15.4,4,15,0,0,0.08,False,False,False,False,False,True,False
15.3,4,16,0,0,0.09,False,True,False,False,False,False,False
15.1,4,17,0,0,0.12,False,True,False,False,False,False,False
14.7,4,18,0,0,0.14,False,True,False,False,False,False,False
9.2,4,11,0,0,0.06,False,True,False,False,False,False,False
10.1,4,12,0,0,0.09,False,False,False,True,False,False,False
10.4,4,13,0,0,0.15,False,False,False,True,False,False,False
8.6,4,14,0,0,0.14,False,False,False,True,False,False,False
9.5,4,15,0,0,0.22,False,False,True,False,False,False,False
10.9,4,16,0,0,0.1,False,True,False,False,False,False,False
10.8,4,17,0,0,0.24,False,False,True,False,False,False,False
10.4,4,18,0,0,0.11,False,True,False,False,False,False,False
10.7,5,11,0,0,0.15,False,False,False,True,False,False,False
13.0,5,12,0,0,0.22,False,False,False,True,False,False,False
11.9,5,13,0,0,0.16,False,True,False,False,False,False,False
11.6,5,14,0,0,0.13,False,True,False,False,False,False,False
10.7,5,15,0,0,0.16,False,True,False,False,False,False,False
10.0,5,16,0,0,0.17,False,True,False,False,False,False,False
8.0,5,17,0,0,0.09,False,False,False,False,False,True,False
8.2,5,18,0,0,0.13,False,True,False,False,False,False,False
7.9,5,11,1,0,0.14,False,True,False,False,False,False,False
7.6,5,12,1,0,0.17,False,True,False,False,False,False,False
7.6,5,13,1,0,0.18,False,True,False,False,False,False,False
7.7,5,14,1,0,0.17,False,True,False,False,False,False,False
8.4,5,15,1,0,0.21,False,True,False,False,False,False,False
6.8,5,16,1,0,0.22,False,True,False,False,False,False,False
7.4,5,17,1,0,0.2,False,True,False,False,False,False,False
7.5,5,18,1,0,0.48,False,False,True,False,False,False,False
10.0,5,11,1,1,0.38,True,False,False,False,False,False,False
11.4,5,12,1,1,0.42,True,False,False,False,False,False,False
13.0,5,13,1,0,0.32,False,False,False,True,False,False,False
13.3,5,14,1,0,0.34,False,False,False,True,False,False,False
13.5,5,15,1,0,0.37,False,False,False,True,False,False,False
13.9,5,16,1,0,0.36,False,False,False,True,False,False,False
14.0,5,17,1,0,0.35,False,False,False,True,False,False,False
13.6,5,18,1,0,0.36,False,False,False,True,False,False,False
16.9,5,11,0,1,0.25,True,False,False,False,False,False,False
18.2,5,12,0,0,0.33,False,False,False,False,True,False,False
19.4,5,13,0,0,0.4,False,False,True,False,False,False,False
20.5,5,14,0,0,0.43,False,False,True,False,False,False,False
20.7,5,15,0,0,0.2,False,True,False,False,False,False,False
20.8,5,16,0,0,0.43,False,False,True,False,False,False,False
21.2,5,17,0,0,0.45,False,False,True,False,False,False,False
19.5,5,18,0,0,0.19,False,True,False,False,False,False,False
21.1,5,11,0,0,0.2,False,False,False,True,False,False,False
22.0,5,12,0,0,0.28,False,False,False,True,False,False,False
23.0,5,13,0,0,0.31,False,False,False,True,False,False,False
23.4,5,14,0,0,0.31,False,False,False,True,False,False,False
23.3,5,15,0,0,0.37,False,False,False,True,False,False,False
23.4,5,16,0,0,0.35,False,False,False,True,False,False,False
21.6,5,17,0,0,0.32,False,False,False,True,False,False,False
22.0,5,18,0,0,0.34,False,False,False,True,False,False,False
11.0,5,11,0,0,0.18,False,False,False,True,False,False,False
12.0,5,12,0,0,0.22,False,False,False,True,False,False,False
14.2,5,13,0,0,0.23,False,False,False,True,False,False,False
13.4,5,14,0,0,0.25,False,False,False,True,False,False,False
13.9,5,15,0,0,0.28,False,False,False,True,False,False,False
13.5,5,16,0,0,0.27,False,False,False,True,False,False,False
13.0,5,17,0,0,0.29,False,False,False,True,False,False,False
12.8,5,18,0,0,0.25,False,False,False,True,False,False,False
13.2,5,11,0,0,0.17,False,False,False,True,False,False,False
13.2,5,12,0,0,0.18,False,False,False,True,False,False,False
14.4,5,13,0,0,0.23,False,False,False,True,False,False,False
15.2,5,14,0,0,0.3,False,False,False,False,True,False,False
15.6,5,15,0,0,0.29,False,False,False,True,False,False,False
15.4,5,16,0,0,0.28,False,False,False,True,False,False,False
14.5,5,17,0,0,0.26,False,False,False,True,False,False,False
13.8,5,18,0,0,0.28,False,False,False,True,False,False,False
13.9,5,11,0,0,0.26,False,False,True,False,False,False,False
15.4,5,12,0,0,0.2,False,False,False,True,False,False,False
15.1,5,13,0,0,0.14,False,True,False,False,False,False,False
15.6,5,14,0,0,0.23,False,False,False,True,False,False,False
12.0,5,15,0,0,0.18,False,True,False,False,False,False,False
11.6,5,16,0,0,0.08,False,False,False,False,False,True,False
14.8,5,17,0,0,0.28,False,False,False,True,False,False,False
15.6,5,18,0,0,0.29,False,False,False,True,False,False,False
12.6,5,11,1,0,0.14,False,True,False,False,False,False,False
13.4,5,12,1,0,0.16,False,True,False,False,False,False,False
15.9,5,13,1,0,0.18,False,True,False,False,False,False,False
16.7,5,14,1,0,0.46,False,False,True,False,False,False,False
17.5,5,15,1,0,0.23,False,True,False,False,False,False,False
18.2,5,16,1,0,0.56,False,False,True,False,False,False,False
18.7,5,17,1,0,0.25,False,True,False,False,False,False,False
18.6,5,18,1,0,0.57,False,False,True,False,False,False,False
14.3,5,11,1,0,0.23,False,False,False,True,False,False,False
14.6,5,12,1,0,0.29,False,False,False,True,False,False,False
14.7,5,13,1,0,0.31,False,False,False,True,False,False,False
14.9,5,14,1,0,0.4,False,False,False,False,True,False,False
16.0,5,15,1,1,0.57,True,False,False,False,False,False,False
16.7,5,16,1,1,0.55,True,False,False,False,False,False,False
16.9,5,17,1,0,0.5,False,False,True,False,False,False,False
15.9,5,18,1,1,0.55,True,False,False,False,False,False,False
14.6,5,11,0,1,0.27,True,False,False,False,False,False,False
15.2,5,12,0,0,0.29,False,False,True,False,False,False,False
16.0,5,13,0,0,0.23,False,False,False,True,False,False,False
16.1,5,14,0,0,0.23,False,False,False,True,False,False,False
15.8,5,15,0,0,0.27,False,False,False,True,False,False,False
15.8,5,16,0,0,0.33,False,False,False,False,True,False,False
15.3,5,17,0,0,0.37,False,False,True,False,False,False,False
14.6,5,18,0,0,0.35,False,False,False,False,True,False,False
14.9,5,11,0,1,0.28,True,False,False,False,False,False,False
16.2,5,12,0,0,0.29,False,False,True,False,False,False,False
17.3,5,13,0,0,0.38,False,False,False,False,True,False,False
18.7,5,14,0,0,0.42,False,False,True,False,False,False,False
19.5,5,15,0,0,0.46,False,False,True,False,False,False,False
20.0,5,16,0,0,0.4,False,False,False,False,True,False,False
20.1,5,17,0,0,0.39,False,False,False,False,True,False,False
19.7,5,18,0,0,0.39,False,False,False,False,True,False,False
18.0,5,11,0,0,0.29,False,False,True,False,False,False,False
19.0,5,12,0,0,0.29,False,False,False,False,True,False,False
19.7,5,13,0,0,0.16,False,True,False,False,False,False,False
16.4,5,14,0,0,0.14,False,True,False,False,False,False,False
16.6,5,15,0,0,0.1,False,False,False,False,False,True,False
17.4,5,16,0,0,0.18,False,True,False,False,False,False,False
16.2,5,17,0,0,0.15,False,True,False,False,False,False,False
13.7,5,18,0,0,0.16,False,True,False,False,False,False,False
9.0,5,11,0,0,0.12,False,True,False,False,False,False,False
9.2,5,12,0,0,0.12,False,True,False,False,False,False,False
9.4,5,13,0,0,0.13,False,True,False,False,False,False,False
9.6,5,14,0,0,0.14,False,True,False,False,False,False,False
9.5,5,15,0,0,0.25,False,False,False,True,False,False,False
10.8,5,16,0,0,0.26,False,False,False,True,False,False,False
11.8,5,17,0,0,0.28,False,False,False,True,False,False,False
11.9,5,18,0,0,0.26,False,False,False,True,False,False,False
14.0,5,11,0,0,0.19,False,False,False,True,False,False,False
15.9,5,12,0,0,0.18,False,False,False,True,False,False,False
17.2,5,13,0,0,0.29,False,False,False,True,False,False,False
18.4,5,14,0,0,0.3,False,False,False,True,False,False,False
18.7,5,15,0,0,0.32,False,False,False,True,False,False,False
19.0,5,16,0,0,0.29,False,False,False,True,False,False,False
18.9,5,17,0,0,0.29,False,False,False,True,False,False,False
18.4,5,18,0,0,0.29,False,False,False,True,False,False,False
21.1,5,11,1,0,0.28,False,False,False,True,False,False,False
22.5,5,12,1,0,0.34,False,False,False,True,False,False,False
23.7,5,13,1,0,0.54,False,False,False,False,True,False,False
20.4,5,14,1,0,0.23,False,True,False,False,False,False,False
19.1,5,15,1,0,0.15,False,False,False,False,False,True,False
18.2,5,16,1,0,0.22,False,True,False,False,False,False,False
20.0,5,17,1,0,0.41,False,False,False,True,False,False,False
21.1,5,18,1,0,0.36,False,False,False,True,False,False,False
24.0,5,11,1,1,0.54,True,False,False,False,False,False,False
25.7,5,12,1,1,0.58,True,False,False,False,False,False,False
26.9,5,13,1,0,0.23,False,True,False,False,False,False,False
27.5,5,14,1,0,0.23,False,True,False,False,False,False,False
28.4,5,15,1,0,0.29,False,True,False,False,False,False,False
26.1,5,16,1,0,0.24,False,True,False,False,False,False,False
27.5,5,17,1,0,0.56,False,False,False,False,True,False,False
27.8,5,18,1,0,0.41,False,False,False,True,False,False,False
29.2,5,11,0,0,0.38,False,False,True,False,False,False,False
29.6,5,12,0,1,0.51,True,False,False,False,False,False,False
30.6,5,13,0,1,0.56,True,False,False,False,False,False,False
31.8,5,14,0,0,0.53,False,False,True,False,False,False,False
31.3,5,15,0,0,0.21,False,True,False,False,False,False,False
31.6,5,16,0,1,0.62,True,False,False,False,False,False,False
31.6,5,17,0,0,0.25,False,True,False,False,False,False,False
31.4,5,18,0,0,0.21,False,True,False,False,False,False,False
23.3,5,11,0,0,0.16,False,True,False,False,False,False,False
25.4,5,12,0,0,0.17,False,True,False,False,False,False,False
28.1,5,13,0,0,0.46,False,False,False,False,True,False,False
28.1,5,14,0,0,0.46,False,False,False,False,True,False,False
28.7,5,15,0,1,0.64,True,False,False,False,False,False,False
29.8,5,16,0,0,0.53,False,False,True,False,False,False,False
29.6,5,17,0,0,0.54,False,False,True,False,False,False,False
30.0,5,18,0,0,0.47,False,False,False,False,True,False,False
22.8,5,11,0,0,0.14,False,True,False,False,False,False,False
23.7,5,12,0,0,0.18,False,True,False,False,False,False,False
20.9,5,13,0,0,0.12,False,False,False,False,False,True,False
22.1,5,14,0,0,0.21,False,True,False,False,False,False,False
21.1,5,15,0,0,0.17,False,True,False,False,False,False,False
19.6,5,16,0,0,0.19,False,True,False,False,False,False,False
17.8,5,17,0,0,0.14,False,False,False,False,False,True,False
17.8,5,18,0,0,0.3,False,False,False,True,False,False,False
12.9,5,11,0,0,0.15,False,False,False,True,False,False,False
13.5,5,12,0,0,0.19,False,False,False,True,False,False,False
14.3,5,13,0,0,0.26,False,False,False,True,False,False,False
16.6,5,14,0,0,0.26,False,False,False,True,False,False,False
17.0,5,15,0,0,0.33,False,False,False,True,False,False,False
17.7,5,16,0,0,0.28,False,False,False,True,False,False,False
17.5,5,17,0,0,0.29,False,False,False,True,False,False,False
17.2,5,18,0,0,0.33,False,False,False,True,False,False,False
17.4,5,11,0,0,0.18,False,False,False,True,False,False,False
16.7,5,12,0,0,0.2,False,False,False,True,False,False,False
16.6,5,13,0,0,0.27,False,False,False,True,False,False,False
16.8,5,14,0,0,0.18,False,True,False,False,False,False,False
16.5,5,15,0,0,0.16,False,True,False,False,False,False,False
14.9,5,16,0,0,0.17,False,True,False,False,False,False,False
13.8,5,17,0,0,0.09,False,False,False,False,False,True,False
13.4,5,18,0,0,0.13,False,False,False,False,False,True,False
10.8,5,11,1,0,0.15,False,True,False,False,False,False,False
13.2,5,12,1,0,0.3,False,False,False,True,False,False,False
16.1,5,13,1,0,0.2,False,True,False,False,False,False,False
17.3,5,14,1,0,0.49,False,False,False,False,True,False,False
18.4,5,15,1,0,0.38,False,False,False,True,False,False,False
18.2,5,16,1,0,0.39,False,False,False,True,False,False,False
17.8,5,17,1,0,0.37,False,False,False,True,False,False,False
16.7,5,18,1,0,0.22,False,True,False,False,False,False,False
19.8,5,11,1,0,0.19,False,True,False,False,False,False,False
22.0,5,12,1,0,0.33,False,False,False,True,False,False,False
22.4,5,13,1,0,0.25,False,True,False,False,False,False,False
20.5,5,14,1,0,0.23,False,True,False,False,False,False,False
22.7,5,15,1,0,0.28,False,True,False,False,False,False,False
23.4,5,16,1,0,0.24,False,True,False,False,False,False,False
20.7,5,17,1,0,0.15,False,False,False,False,False,True,False
19.9,5,18,1,0,0.14,False,False,False,False,False,True,False
21.6,5,11,0,0,0.13,False,True,False,False,False,False,False
21.0,5,12,0,0,0.14,False,True,False,False,False,False,False
22.1,5,13,0,0,0.19,False,True,False,False,False,False,False
23.8,5,14,0,0,0.18,False,True,False,False,False,False,False
24.1,5,15,0,0,0.44,False,False,False,False,True,False,False
24.2,5,16,0,0,0.44,False,False,False,False,True,False,False
24.0,5,17,0,0,0.45,False,False,False,False,True,False,False
23.4,5,18,0,0,0.45,False,False,False,False,True,False,False
23.7,5,11,0,0,0.14,False,True,False,False,False,False,False
24.2,5,12,0,0,0.17,False,True,False,False,False,False,False
25.4,5,13,0,0,0.18,False,True,False,False,False,False,False
26.5,5,14,0,0,0.21,False,True,False,False,False,False,False
26.7,5,15,0,0,0.33,False,False,False,True,False,False,False
26.3,5,16,0,0,0.22,False,True,False,False,False,False,False
25.7,5,17,0,0,0.23,False,True,False,False,False,False,False
25.0,5,18,0,0,0.37,False,False,False,True,False,False,False
20.5,5,11,0,0,0.07,False,False,False,False,False,True,False
20.9,5,12,0,0,0.15,False,True,False,False,False,False,False
22.8,5,13,0,0,0.49,False,False,True,False,False,False,False
25.1,5,14,0,0,0.3,False,False,False,True,False,False,False
25.3,5,15,0,0,0.34,False,False,False,True,False,False,False
25.0,5,16,0,0,0.34,False,False,False,True,False,False,False
24.5,5,17,0,0,0.46,False,False,False,False,True,False,False
24.6,5,18,0,0,0.47,False,False,False,False,True,False,False
20.2,5,11,0,1,0.31,True,False,False,False,False,False,False
21.1,5,12,0,0,0.32,False,False,False,False,True,False,False
21.2,5,13,0,0,0.43,False,False,True,False,False,False,False
22.3,5,14,0,1,0.5,True,False,False,False,False,False,False
22.2,5,15,0,1,0.55,True,False,False,False,False,False,False
21.9,5,16,0,1,0.52,True,False,False,False,False,False,False
21.6,5,17,0,1,0.49,True,False,False,False,False,False,False
20.5,5,18,0,1,0.51,True,False,False,False,False,False,False
18.7,5,11,0,1,0.33,True,False,False,False,False,False,False
19.9,5,12,0,1,0.38,True,False,False,False,False,False,False
21.0,5,13,0,1,0.45,True,False,False,False,False,False,False
23.0,5,14,0,1,0.5,True,False,False,False,False,False,False
23.4,5,15,0,1,0.58,True,False,False,False,False,False,False
23.6,5,16,0,1,0.55,True,False,False,False,False,False,False
23.5,5,17,0,1,0.58,True,False,False,False,False,False,False
23.2,5,18,0,1,0.58,True,False,False,False,False,False,False
15.1,5,11,1,1,0.4,True,False,False,False,False,False,False
16.5,5,12,1,1,0.44,True,False,False,False,False,False,False
18.0,5,13,1,1,0.59,True,False,False,False,False,False,False
20.2,5,14,1,1,0.59,True,False,False,False,False,False,False
20.3,5,15,1,1,0.65,True,False,False,False,False,False,False
20.4,5,16,1,1,0.62,True,False,False,False,False,False,False
20.3,5,17,1,1,0.6,True,False,False,False,False,False,False
20.1,5,18,1,0,0.57,False,False,True,False,False,False,False
18.1,5,11,1,1,0.43,True,False,False,False,False,False,False
19.4,5,12,1,1,0.5,True,False,False,False,False,False,False
20.4,5,13,1,1,0.6,True,False,False,False,False,False,False
22.0,5,14,1,1,0.65,True,False,False,False,False,False,False
22.3,5,15,1,1,0.71,True,False,False,False,False,False,False
22.6,5,16,1,1,0.68,True,False,False,False,False,False,False
22.9,5,17,1,1,0.72,True,False,False,False,False,False,False
22.6,5,18,1,1,0.67,True,False,False,False,False,False,False
18.1,6,10,0,0,0.5,False,False,True,False,False,False,False
20.2,6,11,0,0,0.45,False,False,False,False,True,False,False
21.6,6,12,0,0,0.37,False,False,False,True,False,False,False
22.3,6,13,0,0,0.46,False,False,False,True,False,False,False
23.7,6,14,0,0,0.42,False,False,False,True,False,False,False
23.3,6,15,0,0,0.46,False,False,False,True,False,False,False
23.0,6,16,0,0,0.49,False,False,False,True,False,False,False
22.5,6,17,0,0,0.45,False,False,False,True,False,False,False
22.1,6,18,0,0,0.48,False,False,False,True,False,False,False
21.7,6,19,0,0,0.39,False,False,False,True,False,False,False
21.7,6,20,0,0,0.41,False,False,False,True,False,False,False
18.0,6,10,0,1,0.53,True,False,False,False,False,False,False
20.1,6,11,0,1,0.56,True,False,False,False,False,False,False
21.4,6,12,0,0,0.53,False,False,True,False,False,False,False
21.9,6,13,0,0,0.57,False,False,True,False,False,False,False
23.5,6,14,0,0,0.66,False,False,True,False,False,False,False
23.4,6,15,0,1,0.75,True,False,False,False,False,False,False
23.4,6,16,0,1,0.75,True,False,False,False,False,False,False
23.3,6,17,0,1,0.74,True,False,False,False,False,False,False
23.2,6,18,0,1,0.78,True,False,False,False,False,False,False
22.5,6,19,0,0,0.56,False,False,False,False,True,False,False
21.8,6,20,0,0,0.37,False,False,False,True,False,False,False
20.3,6,10,0,1,0.52,True,False,False,False,False,False,False
22.3,6,11,0,1,0.66,True,False,False,False,False,False,False
23.7,6,12,0,1,0.66,True,False,False,False,False,False,False
24.6,6,13,0,1,0.72,True,False,False,False,False,False,False
25.7,6,14,0,0,0.66,False,False,True,False,False,False,False
25.8,6,15,0,0,0.7,False,False,True,False,False,False,False
26.0,6,16,0,0,0.7,False,False,True,False,False,False,False
26.0,6,17,0,0,0.71,False,False,True,False,False,False,False
25.6,6,18,0,1,0.75,True,False,False,False,False,False,False
24.9,6,19,0,1,0.67,True,False,False,False,False,False,False
24.7,6,20,0,1,0.67,True,False,False,False,False,False,False
22.4,6,10,0,1,0.61,True,False,False,False,False,False,False
25.1,6,11,0,0,0.53,False,False,False,False,True,False,False
26.7,6,12,0,1,0.69,True,False,False,False,False,False,False
27.8,6,13,0,0,0.6,False,False,False,False,True,False,False
28.9,6,14,0,0,0.63,False,False,False,False,True,False,False
29.1,6,15,0,0,0.73,False,False,True,False,False,False,False
29.3,6,16,0,0,0.63,False,False,False,False,True,False,False
29.2,6,17,0,0,0.67,False,False,False,False,True,False,False
28.7,6,18,0,0,0.49,False,False,False,True,False,False,False
28.0,6,19,0,0,0.68,False,False,True,False,False,False,False
26.9,6,20,0,0,0.64,False,False,True,False,False,False,False
24.7,6,10,0,0,0.56,False,False,True,False,False,False,False
26.8,6,11,0,0,0.52,False,False,False,False,True,False,False
28.0,6,12,0,0,0.65,False,False,True,False,False,False,False
29.2,6,13,0,0,0.61,False,False,False,False,True,False,False
29.1,6,14,0,0,0.63,False,False,False,False,True,False,False
28.8,6,15,0,0,0.52,False,False,False,True,False,False,False
29.0,6,16,0,0,0.52,False,False,False,True,False,False,False
29.1,6,17,0,0,0.67,False,False,False,False,True,False,False
29.6,6,18,0,0,0.72,False,False,True,False,False,False,False
29.2,6,19,0,0,0.68,False,False,True,False,False,False,False
27.6,6,20,0,1,0.68,True,False,False,False,False,False,False
24.5,6,10,1,0,0.59,False,False,False,False,True,False,False
26.3,6,11,1,0,0.62,False,False,False,False,True,False,False
28.0,6,12,1,0,0.78,False,False,True,False,False,False,False
29.1,6,13,1,0,0.72,False,False,False,False,True,False,False
25.0,6,14,1,0,0.53,False,False,False,True,False,False,False
22.6,6,15,1,0,0.19,False,False,False,False,False,True,False
23.8,6,16,1,0,0.31,False,True,False,False,False,False,False
25.5,6,17,1,0,0.7,False,False,False,False,True,False,False
26.1,6,18,1,0,0.82,False,False,True,False,False,False,False
24.9,6,19,1,0,0.29,False,True,False,False,False,False,False
20.0,6,20,1,0,0.27,False,True,False,False,False,False,False
22.9,6,10,1,1,0.73,True,False,False,False,False,False,False
24.5,6,11,1,1,0.77,True,False,False,False,False,False,False
25.6,6,12,1,1,0.79,True,False,False,False,False,False,False
26.2,6,13,1,1,0.88,True,False,False,False,False,False,False
27.3,6,14,1,1,0.83,True,False,False,False,False,False,False
27.4,6,15,1,1,0.9,True,False,False,False,False,False,False
27.5,6,16,1,1,0.9,True,False,False,False,False,False,False
27.2,6,17,1,1,0.89,True,False,False,False,False,False,False
26.6,6,18,1,1,0.92,True,False,False,False,False,False,False
25.4,6,19,1,1,0.8,True,False,False,False,False,False,False
24.7,6,20,1,1,0.83,True,False,False,False,False,False,False
23.7,6,10,0,1,0.61,True,False,False,False,False,False,False
25.7,6,11,0,1,0.66,True,False,False,False,False,False,False
27.2,6,12,0,0,0.62,False,False,True,False,False,False,False
28.2,6,13,0,0,0.7,False,False,True,False,False,False,False
28.9,6,14,0,0,0.46,False,False,False,True,False,False,False
29.1,6,15,0,0,0.49,False,False,False,True,False,False,False
29.3,6,16,0,0,0.52,False,False,False,True,False,False,False
29.1,6,17,0,0,0.47,False,False,False,True,False,False,False
28.7,6,18,0,0,0.48,False,False,False,True,False,False,False
28.1,6,19,0,0,0.43,False,False,False,True,False,False,False
27.3,6,20,0,0,0.43,False,False,False,True,False,False,False
25.9,6,10,0,0,0.39,False,False,False,True,False,False,False
27.2,6,11,0,0,0.38,False,False,False,True,False,False,False
28.8,6,12,0,0,0.43,False,False,False,True,False,False,False
29.9,6,13,0,0,0.46,False,False,False,True,False,False,False
29.5,6,14,0,0,0.45,False,False,False,True,False,False,False
26.2,6,15,0,0,0.29,False,True,False,False,False,False,False
24.6,6,16,0,0,0.29,False,True,False,False,False,False,False
25.8,6,17,0,0,0.29,False,True,False,False,False,False,False
25.0,6,18,0,0,0.26,False,True,False,False,False,False,False
23.8,6,19,0,0,0.25,False,True,False,False,False,False,False
24.7,6,20,0,0,0.24,False,True,False,False,False,False,False
21.5,6,10,0,0,0.11,False,False,False,False,False,True,False
21.5,6,11,0,0,0.21,False,True,False,False,False,False,False
23.3,6,12,0,0,0.23,False,True,False,False,False,False,False
25.5,6,13,0,0,0.27,False,True,False,False,False,False,False
26.4,6,14,0,0,0.27,False,True,False,False,False,False,False
28.1,6,15,0,0,0.32,False,True,False,False,False,False,False
27.8,6,16,0,0,0.27,False,True,False,False,False,False,False
28.3,6,17,0,0,0.3,False,True,False,False,False,False,False
28.7,6,18,0,0,0.73,False,False,True,False,False,False,False
28.2,6,19,0,0,0.68,False,False,True,False,False,False,False
24.7,6,20,0,0,0.61,False,False,True,False,False,False,False
25.9,6,10,0,0,0.35,False,False,False,True,False,False,False
28.6,6,11,0,0,0.42,False,False,False,True,False,False,False
30.8,6,12,0,0,0.44,False,False,False,True,False,False,False
31.2,6,13,0,0,0.31,False,True,False,False,False,False,False
30.6,6,14,0,0,0.65,False,False,False,False,True,False,False
27.9,6,15,0,0,0.18,False,False,False,False,False,True,False
28.3,6,16,0,0,0.3,False,True,False,False,False,False,False
27.4,6,17,0,0,0.27,False,True,False,False,False,False,False
28.1,6,18,0,0,0.32,False,True,False,False,False,False,False
27.7,6,19,0,0,0.27,False,True,False,False,False,False,False
24.0,6,20,0,0,0.4,False,False,False,True,False,False,False
26.4,6,10,0,0,0.39,False,False,False,True,False,False,False
25.2,6,11,0,0,0.23,False,True,False,False,False,False,False
26.8,6,12,0,0,0.27,False,True,False,False,False,False,False
27.4,6,13,0,0,0.44,False,False,False,True,False,False,False
26.3,6,14,0,0,0.57,False,False,False,False,True,False,False
26.8,6,15,0,0,0.46,False,False,False,True,False,False,False
26.2,6,16,0,0,0.61,False,False,False,False,True,False,False
27.1,6,17,0,1,0.79,True,False,False,False,False,False,False
27.0,6,18,0,0,0.69,False,False,True,False,False,False,False
26.0,6,19,0,0,0.43,False,False,False,True,False,False,False
24.4,6,20,0,0,0.4,False,False,False,True,False,False,False
23.4,6,10,1,1,0.74,True,False,False,False,False,False,False
24.7,6,11,1,1,0.8,True,False,False,False,False,False,False
25.7,6,12,1,1,0.8,True,False,False,False,False,False,False
26.8,6,13,1,1,0.87,True,False,False,False,False,False,False
27.1,6,14,1,1,0.85,True,False,False,False,False,False,False
27.7,6,15,1,0,0.79,False,False,True,False,False,False,False
28.1,6,16,1,0,0.77,False,False,False,False,True,False,False
28.5,6,17,1,0,0.86,False,False,True,False,False,False,False
28.8,6,18,1,0,0.77,False,False,False,False,True,False,False
28.0,6,19,1,0,0.72,False,False,False,False,True,False,False
25.3,6,20,1,0,0.51,False,False,False,True,False,False,False
22.8,6,10,1,0,0.26,False,True,False,False,False,False,False
21.9,6,11,1,0,0.27,False,True,False,False,False,False,False
25.8,6,12,1,0,0.49,False,False,False,True,False,False,False
28.4,6,13,1,0,0.34,False,True,False,False,False,False,False
28.7,6,14,1,0,0.34,False,True,False,False,False,False,False
25.8,6,15,1,0,0.33,False,True,False,False,False,False,False
25.1,6,16,1,0,0.35,False,True,False,False,False,False,False
25.8,6,17,1,0,0.31,False,True,False,False,False,False,False
22.8,6,18,1,0,0.22,False,False,False,False,False,True,False
20.3,6,19,1,0,0.19,False,False,False,False,False,True,False
18.6,6,20,1,0,0.17,False,False,False,False,False,True,False
17.3,6,10,0,0,0.21,False,True,False,False,False,False,False
18.2,6,11,0,0,0.2,False,True,False,False,False,False,False
19.1,6,12,0,0,0.37,False,False,False,True,False,False,False
19.3,6,13,0,0,0.42,False,False,False,True,False,False,False
19.1,6,14,0,0,0.43,False,False,False,True,False,False,False
19.5,6,15,0,0,0.64,False,False,True,False,False,False,False
20.4,6,16,0,0,0.64,False,False,True,False,False,False,False
19.9,6,17,0,0,0.64,False,False,True,False,False,False,False
19.1,6,18,0,0,0.62,False,False,True,False,False,False,False
18.2,6,19,0,1,0.62,True,False,False,False,False,False,False
17.5,6,20,0,1,0.64,True,False,False,False,False,False,False
19.1,6,10,0,0,0.33,False,False,False,True,False,False,False
20.3,6,11,0,0,0.36,False,False,False,True,False,False,False
21.3,6,12,0,0,0.49,False,False,False,False,True,False,False
21.8,6,13,0,0,0.42,False,False,False,True,False,False,False
22.1,6,14,0,0,0.59,False,False,False,False,True,False,False
22.7,6,15,0,0,0.45,False,False,False,True,False,False,False
22.6,6,16,0,0,0.67,False,False,True,False,False,False,False
23.2,6,17,0,0,0.62,False,False,False,False,True,False,False
23.2,6,18,0,0,0.67,False,False,True,False,False,False,False
22.2,6,19,0,0,0.64,False,False,True,False,False,False,False
15.8,6,20,0,0,0.33,False,False,False,True,False,False,False
20.1,6,10,0,0,0.2,False,True,False,False,False,False,False
21.5,6,11,0,0,0.24,False,True,False,False,False,False,False
22.8,6,12,0,0,0.27,False,True,False,False,False,False,False
24.3,6,13,0,0,0.58,False,False,False,False,True,False,False
24.2,6,14,0,0,0.46,False,False,False,True,False,False,False
25.3,6,15,0,0,0.46,False,False,False,True,False,False,False
25.7,6,16,0,0,0.48,False,False,False,True,False,False,False
25.1,6,17,0,0,0.45,False,False,False,True,False,False,False
25.5,6,18,0,0,0.45,False,False,False,True,False,False,False
24.5,6,19,0,0,0.41,False,False,False,True,False,False,False
22.9,6,20,0,0,0.44,False,False,False,True,False,False,False
23.3,6,10,0,0,0.2,False,True,False,False,False,False,False
24.4,6,11,0,0,0.22,False,True,False,False,False,False,False
25.0,6,12,0,1,0.68,True,False,False,False,False,False,False
25.6,6,13,0,0,0.65,False,False,True,False,False,False,False
26.0,6,14,0,0,0.26,False,True,False,False,False,False,False
26.0,6,15,0,0,0.47,False,False,False,True,False,False,False
25.2,6,16,0,0,0.69,False,False,True,False,False,False,False
25.2,6,17,0,0,0.28,False,True,False,False,False,False,False
25.1,6,18,0,0,0.7,False,False,True,False,False,False,False
24.3,6,19,0,1,0.7,True,False,False,False,False,False,False
23.2,6,20,0,0,0.55,False,False,False,False,True,False,False
