datetime,temperature,cloudcover,weathercode,month,day,hour,weekday,weekend,sunny,weather,crowd_level
2024-06-01 10:00:00,18.8,100,3,6,1,10,5,1,0,Overcast,0.38
2024-06-01 11:00:00,20.8,100,3,6,1,11,5,1,0,Overcast,0.43
2024-06-01 12:00:00,22.2,89,3,6,1,12,5,1,0,Overcast,0.49
2024-06-01 13:00:00,23.4,100,3,6,1,13,5,1,0,Overcast,0.54
2024-06-01 14:00:00,24.2,100,3,6,1,14,5,1,0,Overcast,0.51
2024-06-01 15:00:00,25.0,100,3,6,1,15,5,1,0,Overcast,0.55
2024-06-01 16:00:00,25.5,100,3,6,1,16,5,1,0,Overcast,0.55
2024-06-01 17:00:00,25.3,100,3,6,1,17,5,1,0,Overcast,0.54
2024-06-01 18:00:00,24.9,100,3,6,1,18,5,1,0,Overcast,0.56
2024-06-01 19:00:00,23.8,100,3,6,1,19,5,1,0,Overcast,0.53
2024-06-01 20:00:00,21.7,100,3,6,1,20,5,1,0,Overcast,0.44
2024-06-02 10:00:00,16.5,95,53,6,2,10,6,1,0,Drizzle,0.23
2024-06-02 11:00:00,17.0,95,51,6,2,11,6,1,0,Drizzle,0.28
2024-06-02 12:00:00,17.8,100,51,6,2,12,6,1,0,Drizzle,0.25
2024-06-02 13:00:00,17.7,97,51,6,2,13,6,1,0,Drizzle,0.3
2024-06-02 14:00:00,20.1,100,3,6,2,14,6,1,0,Overcast,0.49
2024-06-02 15:00:00,20.8,100,3,6,2,15,6,1,0,Overcast,0.52
2024-06-02 16:00:00,21.0,100,3,6,2,16,6,1,0,Overcast,0.49
2024-06-02 17:00:00,21.4,99,3,6,2,17,6,1,0,Overcast,0.5
2024-06-02 18:00:00,21.3,100,3,6,2,18,6,1,0,Overcast,0.5
2024-06-02 19:00:00,20.7,18,0,6,2,19,6,1,1,Clear,0.74
2024-06-02 20:00:00,20.2,31,1,6,2,20,6,1,0,Mostly Clear,0.69
2024-06-03 10:00:00,20.0,100,51,6,3,10,0,0,0,Drizzle,0.22
2024-06-03 11:00:00,21.4,99,3,6,3,11,0,0,0,Overcast,0.34
2024-06-03 12:00:00,23.0,56,51,6,3,12,0,0,0,Drizzle,0.25
2024-06-03 13:00:00,24.0,53,51,6,3,13,0,0,0,Drizzle,0.25
2024-06-03 14:00:00,25.0,87,51,6,3,14,0,0,0,Drizzle,0.28
2024-06-03 15:00:00,25.6,20,51,6,3,15,0,0,0,Drizzle,0.3
2024-06-03 16:00:00,26.1,20,1,6,3,16,0,0,0,Mostly Clear,0.7
2024-06-03 17:00:00,26.2,17,0,6,3,17,0,0,1,Clear,0.76
2024-06-03 18:00:00,26.0,1,0,6,3,18,0,0,1,Clear,0.78
2024-06-03 19:00:00,25.5,4,0,6,3,19,0,0,1,Clear,0.69
2024-06-03 20:00:00,24.1,3,0,6,3,20,0,0,1,Clear,0.71
2024-06-04 10:00:00,24.0,100,3,6,4,10,1,0,0,Overcast,0.36
2024-06-04 11:00:00,25.9,100,3,6,4,11,1,0,0,Overcast,0.41
2024-06-04 12:00:00,27.0,100,3,6,4,12,1,0,0,Overcast,0.4
2024-06-04 13:00:00,28.0,100,3,6,4,13,1,0,0,Overcast,0.48
2024-06-04 14:00:00,28.6,99,3,6,4,14,1,0,0,Overcast,0.45
2024-06-04 15:00:00,29.2,17,0,6,4,15,1,0,1,Clear,0.81
2024-06-04 16:00:00,29.0,100,3,6,4,16,1,0,0,Overcast,0.5
2024-06-04 17:00:00,28.9,100,3,6,4,17,1,0,0,Overcast,0.51
2024-06-04 18:00:00,28.5,100,3,6,4,18,1,0,0,Overcast,0.52
2024-06-04 19:00:00,27.3,100,3,6,4,19,1,0,0,Overcast,0.43
2024-06-04 20:00:00,25.4,100,3,6,4,20,1,0,0,Overcast,0.43
2024-06-05 10:00:00,20.1,100,63,6,5,10,2,0,0,Rain,0.13
2024-06-05 11:00:00,20.2,100,61,6,5,11,2,0,0,Rain,0.16
2024-06-05 12:00:00,22.2,100,51,6,5,12,2,0,0,Drizzle,0.25
2024-06-05 13:00:00,23.8,100,51,6,5,13,2,0,0,Drizzle,0.28
2024-06-05 14:00:00,22.5,100,63,6,5,14,2,0,0,Rain,0.15
2024-06-05 15:00:00,21.0,99,61,6,5,15,2,0,0,Rain,0.15
2024-06-05 16:00:00,24.1,100,3,6,5,16,2,0,0,Overcast,0.47
2024-06-05 17:00:00,24.8,100,3,6,5,17,2,0,0,Overcast,0.49
2024-06-05 18:00:00,24.6,100,51,6,5,18,2,0,0,Drizzle,0.3
2024-06-05 19:00:00,24.0,100,51,6,5,19,2,0,0,Drizzle,0.27
2024-06-05 20:00:00,23.1,100,3,6,5,20,2,0,0,Overcast,0.41
2024-06-06 10:00:00,22.1,17,51,6,6,10,3,0,0,Drizzle,0.24
2024-06-06 11:00:00,23.7,2,0,6,6,11,3,0,1,Clear,0.63
2024-06-06 12:00:00,24.9,9,0,6,6,12,3,0,1,Clear,0.67
2024-06-06 13:00:00,25.6,99,3,6,6,13,3,0,0,Overcast,0.47
2024-06-06 14:00:00,26.1,25,1,6,6,14,3,0,0,Mostly Clear,0.68
2024-06-06 15:00:00,26.6,80,3,6,6,15,3,0,0,Overcast,0.46
2024-06-06 16:00:00,22.3,58,53,6,6,16,3,0,0,Drizzle,0.27
2024-06-06 17:00:00,23.2,87,3,6,6,17,3,0,0,Overcast,0.48
2024-06-06 18:00:00,23.2,100,3,6,6,18,3,0,0,Overcast,0.45
2024-06-06 19:00:00,22.5,60,2,6,6,19,3,0,0,Partly Cloudy,0.57
2024-06-06 20:00:00,21.2,100,3,6,6,20,3,0,0,Overcast,0.37
2024-06-07 10:00:00,20.6,42,1,6,7,10,4,0,0,Mostly Clear,0.48
2024-06-07 11:00:00,20.9,33,1,6,7,11,4,0,0,Mostly Clear,0.54
2024-06-07 12:00:00,21.1,41,1,6,7,12,4,0,0,Mostly Clear,0.53
2024-06-07 13:00:00,21.9,100,3,6,7,13,4,0,0,Overcast,0.39
2024-06-07 14:00:00,21.6,71,2,6,7,14,4,0,0,Partly Cloudy,0.5
2024-06-07 15:00:00,22.0,97,3,6,7,15,4,0,0,Overcast,0.48
2024-06-07 16:00:00,21.2,93,3,6,7,16,4,0,0,Overcast,0.41
2024-06-07 17:00:00,20.6,51,2,6,7,17,4,0,0,Partly Cloudy,0.57
2024-06-07 18:00:00,21.2,23,1,6,7,18,4,0,0,Mostly Clear,0.61
2024-06-07 19:00:00,20.7,18,0,6,7,19,4,0,1,Clear,0.62
2024-06-07 20:00:00,19.3,40,1,6,7,20,4,0,0,Mostly Clear,0.57
2024-06-08 10:00:00,19.7,9,0,6,8,10,5,1,1,Clear,0.66
2024-06-08 11:00:00,20.8,58,2,6,8,11,5,1,0,Partly Cloudy,0.57
2024-06-08 12:00:00,22.0,57,2,6,8,12,5,1,0,Partly Cloudy,0.65
2024-06-08 13:00:00,23.3,94,3,6,8,13,5,1,0,Overcast,0.54
2024-06-08 14:00:00,24.0,41,1,6,8,14,5,1,0,Mostly Clear,0.77
2024-06-08 15:00:00,24.4,6,0,6,8,15,5,1,1,Clear,0.92
2024-06-08 16:00:00,24.8,22,1,6,8,16,5,1,0,Mostly Clear,0.82
2024-06-08 17:00:00,25.0,56,2,6,8,17,5,1,0,Partly Cloudy,0.71
2024-06-08 18:00:00,25.3,54,2,6,8,18,5,1,0,Partly Cloudy,0.74
2024-06-08 19:00:00,23.7,14,0,6,8,19,5,1,1,Clear,0.8
2024-06-08 20:00:00,21.9,4,0,6,8,20,5,1,1,Clear,0.78
2024-06-09 10:00:00,17.7,20,51,6,9,10,6,1,0,Drizzle,0.25
2024-06-09 11:00:00,19.1,45,1,6,9,11,6,1,0,Mostly Clear,0.64
2024-06-09 12:00:00,20.4,28,1,6,9,12,6,1,0,Mostly Clear,0.68
2024-06-09 13:00:00,21.4,68,2,6,9,13,6,1,0,Partly Cloudy,0.62
2024-06-09 14:00:00,22.0,80,3,6,9,14,6,1,0,Overcast,0.53
2024-06-09 15:00:00,22.5,43,1,6,9,15,6,1,0,Mostly Clear,0.82
2024-06-09 16:00:00,22.6,29,1,6,9,16,6,1,0,Mostly Clear,0.8
2024-06-09 17:00:00,22.6,31,1,6,9,17,6,1,0,Mostly Clear,0.81
2024-06-09 18:00:00,21.8,48,1,6,9,18,6,1,0,Mostly Clear,0.74
2024-06-09 19:00:00,21.0,99,3,6,9,19,6,1,0,Overcast,0.47
2024-06-09 20:00:00,19.8,96,3,6,9,20,6,1,0,Overcast,0.48
2024-06-10 10:00:00,16.9,69,2,6,10,10,0,0,0,Partly Cloudy,0.39
2024-06-10 11:00:00,18.4,100,3,6,10,11,0,0,0,Overcast,0.35
2024-06-10 12:00:00,17.9,100,3,6,10,12,0,0,0,Overcast,0.36
2024-06-10 13:00:00,18.1,100,3,6,10,13,0,0,0,Overcast,0.42
2024-06-10 14:00:00,18.1,100,3,6,10,14,0,0,0,Overcast,0.4
2024-06-10 15:00:00,17.8,100,3,6,10,15,0,0,0,Overcast,0.45
2024-06-10 16:00:00,17.7,49,1,6,10,16,0,0,0,Mostly Clear,0.61
2024-06-10 17:00:00,17.2,7,0,6,10,17,0,0,1,Clear,0.72
2024-06-10 18:00:00,17.7,18,0,6,10,18,0,0,1,Clear,0.7
2024-06-10 19:00:00,17.2,21,1,6,10,19,0,0,0,Mostly Clear,0.57
2024-06-10 20:00:00,16.1,67,2,6,10,20,0,0,0,Partly Cloudy,0.45
2024-06-11 10:00:00,15.6,70,2,6,11,10,1,0,0,Partly Cloudy,0.38
2024-06-11 11:00:00,17.0,75,2,6,11,11,1,0,0,Partly Cloudy,0.48
2024-06-11 12:00:00,18.2,82,3,6,11,12,1,0,0,Overcast,0.38
2024-06-11 13:00:00,19.2,85,3,6,11,13,1,0,0,Overcast,0.41
2024-06-11 14:00:00,20.0,35,1,6,11,14,1,0,0,Mostly Clear,0.61
2024-06-11 15:00:00,20.7,11,0,6,11,15,1,0,1,Clear,0.67
2024-06-11 16:00:00,20.8,44,1,6,11,16,1,0,0,Mostly Clear,0.62
2024-06-11 17:00:00,20.8,33,1,6,11,17,1,0,0,Mostly Clear,0.6
2024-06-11 18:00:00,20.7,7,0,6,11,18,1,0,1,Clear,0.71
2024-06-11 19:00:00,20.6,74,2,6,11,19,1,0,0,Partly Cloudy,0.5
2024-06-11 20:00:00,18.5,30,1,6,11,20,1,0,0,Mostly Clear,0.57
2024-06-12 10:00:00,20.2,0,0,6,12,10,2,0,1,Clear,0.54
2024-06-12 11:00:00,22.0,0,0,6,12,11,2,0,1,Clear,0.64
2024-06-12 12:00:00,23.7,67,2,6,12,12,2,0,0,Partly Cloudy,0.54
2024-06-12 13:00:00,24.6,50,2,6,12,13,2,0,0,Partly Cloudy,0.59
2024-06-12 14:00:00,25.1,3,0,6,12,14,2,0,1,Clear,0.73
2024-06-12 15:00:00,25.7,4,0,6,12,15,2,0,1,Clear,0.78
2024-06-12 16:00:00,26.1,0,0,6,12,16,2,0,1,Clear,0.74
2024-06-12 17:00:00,26.6,79,2,6,12,17,2,0,0,Partly Cloudy,0.61
2024-06-12 18:00:00,26.4,38,1,6,12,18,2,0,0,Mostly Clear,0.68
2024-06-12 19:00:00,25.8,3,0,6,12,19,2,0,1,Clear,0.69
2024-06-12 20:00:00,23.6,0,0,6,12,20,2,0,1,Clear,0.71
2024-06-13 10:00:00,23.6,0,0,6,13,10,3,0,1,Clear,0.6
2024-06-13 11:00:00,25.3,0,0,6,13,11,3,0,1,Clear,0.63
2024-06-13 12:00:00,26.6,0,0,6,13,12,3,0,1,Clear,0.67
2024-06-13 13:00:00,27.8,0,0,6,13,13,3,0,1,Clear,0.75
2024-06-13 14:00:00,28.7,0,0,6,13,14,3,0,1,Clear,0.8
2024-06-13 15:00:00,29.5,0,0,6,13,15,3,0,1,Clear,0.79
2024-06-13 16:00:00,30.1,36,1,6,13,16,3,0,0,Mostly Clear,0.76
2024-06-13 17:00:00,30.1,29,1,6,13,17,3,0,0,Mostly Clear,0.72
2024-06-13 18:00:00,29.7,11,0,6,13,18,3,0,1,Clear,0.81
2024-06-13 19:00:00,28.6,5,0,6,13,19,3,0,1,Clear,0.74
2024-06-13 20:00:00,26.0,25,1,6,13,20,3,0,0,Mostly Clear,0.65
2024-06-14 10:00:00,24.9,45,1,6,14,10,4,0,0,Mostly Clear,0.53
2024-06-14 11:00:00,26.3,56,2,6,14,11,4,0,0,Partly Cloudy,0.51
2024-06-14 12:00:00,26.5,62,2,6,14,12,4,0,0,Partly Cloudy,0.56
2024-06-14 13:00:00,24.2,30,63,6,14,13,4,0,0,Rain,0.18
2024-06-14 14:00:00,26.5,61,2,6,14,14,4,0,0,Partly Cloudy,0.61
2024-06-14 15:00:00,22.3,90,63,6,14,15,4,0,0,Rain,0.18
2024-06-14 16:00:00,22.1,26,51,6,14,16,4,0,0,Drizzle,0.27
2024-06-14 17:00:00,24.4,22,1,6,14,17,4,0,0,Mostly Clear,0.68
2024-06-14 18:00:00,22.6,60,61,6,14,18,4,0,0,Rain,0.18
2024-06-14 19:00:00,22.7,15,0,6,14,19,4,0,1,Clear,0.69
2024-06-14 20:00:00,22.4,14,0,6,14,20,4,0,1,Clear,0.68
2024-06-15 10:00:00,19.1,0,0,6,15,10,5,1,1,Clear,0.65
2024-06-15 11:00:00,21.1,0,0,6,15,11,5,1,1,Clear,0.68
2024-06-15 12:00:00,22.6,0,0,6,15,12,5,1,1,Clear,0.79
2024-06-15 13:00:00,23.8,1,0,6,15,13,5,1,1,Clear,0.86
2024-06-15 14:00:00,24.7,14,0,6,15,14,5,1,1,Clear,0.85
2024-06-15 15:00:00,25.4,16,0,6,15,15,5,1,1,Clear,0.89
2024-06-15 16:00:00,25.8,79,2,6,15,16,5,1,0,Partly Cloudy,0.73
2024-06-15 17:00:00,25.9,67,2,6,15,17,5,1,0,Partly Cloudy,0.72
2024-06-15 18:00:00,25.6,95,3,6,15,18,5,1,0,Overcast,0.54
2024-06-15 19:00:00,24.9,4,0,6,15,19,5,1,1,Clear,0.84
2024-06-15 20:00:00,22.9,6,0,6,15,20,5,1,1,Clear,0.82
2024-06-16 10:00:00,22.6,15,0,6,16,10,6,1,1,Clear,0.71
2024-06-16 11:00:00,24.9,48,1,6,16,11,6,1,0,Mostly Clear,0.68
2024-06-16 12:00:00,26.8,93,3,6,16,12,6,1,0,Overcast,0.49
2024-06-16 13:00:00,28.3,86,3,6,16,13,6,1,0,Overcast,0.56
2024-06-16 14:00:00,29.4,93,3,6,16,14,6,1,0,Overcast,0.56
2024-06-16 15:00:00,30.5,100,3,6,16,15,6,1,0,Overcast,0.57
2024-06-16 16:00:00,31.3,74,2,6,16,16,6,1,0,Partly Cloudy,0.77
2024-06-16 17:00:00,31.3,63,2,6,16,17,6,1,0,Partly Cloudy,0.74
2024-06-16 18:00:00,30.9,4,0,6,16,18,6,1,1,Clear,0.95
2024-06-16 19:00:00,30.4,7,0,6,16,19,6,1,1,Clear,0.86
2024-06-16 20:00:00,27.7,1,0,6,16,20,6,1,1,Clear,0.81
2024-06-17 10:00:00,26.3,27,51,6,17,10,0,0,0,Drizzle,0.24
2024-06-17 11:00:00,29.0,19,0,6,17,11,0,0,1,Clear,0.71
2024-06-17 12:00:00,30.8,39,1,6,17,12,0,0,0,Mostly Clear,0.64
2024-06-17 13:00:00,32.3,19,0,6,17,13,0,0,1,Clear,0.75
2024-06-17 14:00:00,33.4,25,1,6,17,14,0,0,0,Mostly Clear,0.7
2024-06-17 15:00:00,33.7,22,1,6,17,15,0,0,0,Mostly Clear,0.74
2024-06-17 16:00:00,34.3,36,1,6,17,16,0,0,0,Mostly Clear,0.71
2024-06-17 17:00:00,33.1,44,1,6,17,17,0,0,0,Mostly Clear,0.76
2024-06-17 18:00:00,32.6,97,3,6,17,18,0,0,0,Overcast,0.51
2024-06-17 19:00:00,31.6,16,0,6,17,19,0,0,1,Clear,0.75
2024-06-17 20:00:00,29.8,8,0,6,17,20,0,0,1,Clear,0.77
2024-06-18 10:00:00,27.1,100,3,6,18,10,1,0,0,Overcast,0.35
2024-06-18 11:00:00,29.1,100,3,6,18,11,1,0,0,Overcast,0.43
2024-06-18 12:00:00,30.3,100,51,6,18,12,1,0,0,Drizzle,0.28
2024-06-18 13:00:00,27.5,100,63,6,18,13,1,0,0,Rain,0.16
2024-06-18 14:00:00,28.6,99,3,6,18,14,1,0,0,Overcast,0.46
2024-06-18 15:00:00,29.1,93,3,6,18,15,1,0,0,Overcast,0.49
2024-06-18 16:00:00,29.8,90,3,6,18,16,1,0,0,Overcast,0.52
2024-06-18 17:00:00,29.8,95,3,6,18,17,1,0,0,Overcast,0.48
2024-06-18 18:00:00,30.0,72,2,6,18,18,1,0,0,Partly Cloudy,0.63
2024-06-18 19:00:00,29.6,81,3,6,18,19,1,0,0,Overcast,0.46
2024-06-18 20:00:00,28.4,99,3,6,18,20,1,0,0,Overcast,0.48
2024-06-19 10:00:00,27.6,100,3,6,19,10,2,0,0,Overcast,0.34
2024-06-19 11:00:00,28.9,100,3,6,19,11,2,0,0,Overcast,0.43
2024-06-19 12:00:00,29.8,100,3,6,19,12,2,0,0,Overcast,0.44
2024-06-19 13:00:00,30.7,67,51,6,19,13,2,0,0,Drizzle,0.28
2024-06-19 14:00:00,31.8,100,3,6,19,14,2,0,0,Overcast,0.49
2024-06-19 15:00:00,31.3,100,3,6,19,15,2,0,0,Overcast,0.5
2024-06-19 16:00:00,31.4,100,3,6,19,16,2,0,0,Overcast,0.49
2024-06-19 17:00:00,31.5,100,3,6,19,17,2,0,0,Overcast,0.51
2024-06-19 18:00:00,31.4,100,51,6,19,18,2,0,0,Drizzle,0.31
2024-06-19 19:00:00,31.3,41,1,6,19,19,2,0,0,Mostly Clear,0.66
2024-06-19 20:00:00,28.9,100,3,6,19,20,2,0,0,Overcast,0.47
2024-06-20 10:00:00,27.0,34,1,6,20,10,3,0,0,Mostly Clear,0.54
2024-06-20 11:00:00,28.9,11,0,6,20,11,3,0,1,Clear,0.72
2024-06-20 12:00:00,30.3,30,1,6,20,12,3,0,0,Mostly Clear,0.66
2024-06-20 13:00:00,31.0,46,1,6,20,13,3,0,0,Mostly Clear,0.71
2024-06-20 14:00:00,31.6,100,3,6,20,14,3,0,0,Overcast,0.45
2024-06-20 15:00:00,31.7,38,1,6,20,15,3,0,0,Mostly Clear,0.74
2024-06-20 16:00:00,32.0,11,0,6,20,16,3,0,1,Clear,0.82
2024-06-20 17:00:00,32.1,15,0,6,20,17,3,0,1,Clear,0.8
2024-06-20 18:00:00,32.1,17,0,6,20,18,3,0,1,Clear,0.82
2024-06-20 19:00:00,31.4,33,1,6,20,19,3,0,0,Mostly Clear,0.66
2024-06-20 20:00:00,29.8,20,1,6,20,20,3,0,0,Mostly Clear,0.68
2024-06-21 10:00:00,28.6,11,0,6,21,10,4,0,1,Clear,0.64
2024-06-21 11:00:00,30.4,14,0,6,21,11,4,0,1,Clear,0.68
2024-06-21 12:00:00,31.7,12,0,6,21,12,4,0,1,Clear,0.72
2024-06-21 13:00:00,32.8,21,1,6,21,13,4,0,0,Mostly Clear,0.68
2024-06-21 14:00:00,33.6,10,0,6,21,14,4,0,1,Clear,0.8
2024-06-21 15:00:00,34.3,9,0,6,21,15,4,0,1,Clear,0.81
2024-06-21 16:00:00,34.4,21,1,6,21,16,4,0,0,Mostly Clear,0.75
2024-06-21 17:00:00,33.3,38,1,6,21,17,4,0,0,Mostly Clear,0.74
2024-06-21 18:00:00,32.5,14,0,6,21,18,4,0,1,Clear,0.82
2024-06-21 19:00:00,31.6,60,2,6,21,19,4,0,0,Partly Cloudy,0.61
2024-06-21 20:00:00,29.6,58,2,6,21,20,4,0,0,Partly Cloudy,0.58
2024-06-22 10:00:00,28.0,62,2,6,22,10,5,1,0,Partly Cloudy,0.62
2024-06-22 11:00:00,30.7,85,3,6,22,11,5,1,0,Overcast,0.52
2024-06-22 12:00:00,32.8,27,1,6,22,12,5,1,0,Mostly Clear,0.79
2024-06-22 13:00:00,33.8,18,0,6,22,13,5,1,1,Clear,0.92
2024-06-22 14:00:00,34.5,19,0,6,22,14,5,1,1,Clear,0.89
2024-06-22 15:00:00,34.9,37,1,6,22,15,5,1,0,Mostly Clear,0.86
2024-06-22 16:00:00,34.7,36,1,6,22,16,5,1,0,Mostly Clear,0.87
2024-06-22 17:00:00,34.8,45,1,6,22,17,5,1,0,Mostly Clear,0.84
2024-06-22 18:00:00,34.3,77,2,6,22,18,5,1,0,Partly Cloudy,0.77
2024-06-22 19:00:00,32.7,100,3,6,22,19,5,1,0,Overcast,0.53
2024-06-22 20:00:00,31.2,100,3,6,22,20,5,1,0,Overcast,0.56
2024-06-23 10:00:00,28.1,100,3,6,23,10,6,1,0,Overcast,0.47
2024-06-23 11:00:00,28.7,100,3,6,23,11,6,1,0,Overcast,0.53
2024-06-23 12:00:00,28.2,100,51,6,23,12,6,1,0,Drizzle,0.3
2024-06-23 13:00:00,27.2,100,53,6,23,13,6,1,0,Drizzle,0.3
2024-06-23 14:00:00,28.4,95,3,6,23,14,6,1,0,Overcast,0.57
2024-06-23 15:00:00,30.1,100,3,6,23,15,6,1,0,Overcast,0.55
2024-06-23 16:00:00,27.9,89,53,6,23,16,6,1,0,Drizzle,0.33
2024-06-23 17:00:00,26.2,51,51,6,23,17,6,1,0,Drizzle,0.31
2024-06-23 18:00:00,26.7,55,51,6,23,18,6,1,0,Drizzle,0.33
2024-06-23 19:00:00,26.1,83,51,6,23,19,6,1,0,Drizzle,0.29
2024-06-23 20:00:00,22.8,55,61,6,23,20,6,1,0,Rain,0.16
2024-06-24 10:00:00,21.3,53,2,6,24,10,0,0,0,Partly Cloudy,0.43
2024-06-24 11:00:00,22.8,10,0,6,24,11,0,0,1,Clear,0.64
2024-06-24 12:00:00,24.3,9,0,6,24,12,0,0,1,Clear,0.68
2024-06-24 13:00:00,25.3,13,0,6,24,13,0,0,1,Clear,0.73
2024-06-24 14:00:00,25.9,31,1,6,24,14,0,0,0,Mostly Clear,0.67
2024-06-24 15:00:00,26.4,21,1,6,24,15,0,0,0,Mostly Clear,0.71
2024-06-24 16:00:00,26.7,11,0,6,24,16,0,0,1,Clear,0.75
2024-06-24 17:00:00,27.1,23,1,6,24,17,0,0,0,Mostly Clear,0.67
2024-06-24 18:00:00,27.0,40,1,6,24,18,0,0,0,Mostly Clear,0.71
2024-06-24 19:00:00,25.9,28,1,6,24,19,0,0,0,Mostly Clear,0.65
2024-06-24 20:00:00,23.9,1,0,6,24,20,0,0,1,Clear,0.67
2024-06-25 10:00:00,24.3,88,3,6,25,10,1,0,0,Overcast,0.34
2024-06-25 11:00:00,26.2,100,3,6,25,11,1,0,0,Overcast,0.41
2024-06-25 12:00:00,27.7,100,3,6,25,12,1,0,0,Overcast,0.41
2024-06-25 13:00:00,28.6,100,3,6,25,13,1,0,0,Overcast,0.48
2024-06-25 14:00:00,29.9,100,3,6,25,14,1,0,0,Overcast,0.46
2024-06-25 15:00:00,29.8,100,3,6,25,15,1,0,0,Overcast,0.51
2024-06-25 16:00:00,30.0,100,3,6,25,16,1,0,0,Overcast,0.51
2024-06-25 17:00:00,29.5,100,3,6,25,17,1,0,0,Overcast,0.51
2024-06-25 18:00:00,29.6,84,3,6,25,18,1,0,0,Overcast,0.51
2024-06-25 19:00:00,29.3,95,3,6,25,19,1,0,0,Overcast,0.48
2024-06-25 20:00:00,27.5,100,3,6,25,20,1,0,0,Overcast,0.44
2024-06-26 10:00:00,25.7,98,3,6,26,10,2,0,0,Overcast,0.36
2024-06-26 11:00:00,27.3,100,3,6,26,11,2,0,0,Overcast,0.41
2024-06-26 12:00:00,27.8,100,3,6,26,12,2,0,0,Overcast,0.39
2024-06-26 13:00:00,30.3,100,3,6,26,13,2,0,0,Overcast,0.48
2024-06-26 14:00:00,26.7,100,53,6,26,14,2,0,0,Drizzle,0.26
2024-06-26 15:00:00,26.1,100,51,6,26,15,2,0,0,Drizzle,0.31
2024-06-26 16:00:00,27.0,100,51,6,26,16,2,0,0,Drizzle,0.26
2024-06-26 17:00:00,25.3,100,51,6,26,17,2,0,0,Drizzle,0.28
2024-06-26 18:00:00,24.4,100,51,6,26,18,2,0,0,Drizzle,0.28
2024-06-26 19:00:00,23.1,100,55,6,26,19,2,0,0,Drizzle,0.28
2024-06-26 20:00:00,20.5,100,61,6,26,20,2,0,0,Rain,0.14
2024-06-27 10:00:00,21.4,17,53,6,27,10,3,0,0,Drizzle,0.18
2024-06-27 11:00:00,23.0,25,51,6,27,11,3,0,0,Drizzle,0.25
2024-06-27 12:00:00,24.1,20,1,6,27,12,3,0,0,Mostly Clear,0.58
2024-06-27 13:00:00,24.7,62,2,6,27,13,3,0,0,Partly Cloudy,0.58
2024-06-27 14:00:00,25.2,18,0,6,27,14,3,0,1,Clear,0.71
2024-06-27 15:00:00,25.5,8,0,6,27,15,3,0,1,Clear,0.75
2024-06-27 16:00:00,25.8,17,0,6,27,16,3,0,1,Clear,0.78
2024-06-27 17:00:00,26.1,61,2,6,27,17,3,0,0,Partly Cloudy,0.6
2024-06-27 18:00:00,25.2,4,0,6,27,18,3,0,1,Clear,0.78
2024-06-27 19:00:00,24.5,2,0,6,27,19,3,0,1,Clear,0.68
2024-06-27 20:00:00,22.8,2,0,6,27,20,3,0,1,Clear,0.71
2024-06-28 10:00:00,21.8,100,3,6,28,10,4,0,0,Overcast,0.34
2024-06-28 11:00:00,23.8,99,3,6,28,11,4,0,0,Overcast,0.38
2024-06-28 12:00:00,25.6,93,3,6,28,12,4,0,0,Overcast,0.39
2024-06-28 13:00:00,27.1,1,0,6,28,13,4,0,1,Clear,0.75
2024-06-28 14:00:00,28.5,0,0,6,28,14,4,0,1,Clear,0.76
2024-06-28 15:00:00,29.8,18,0,6,28,15,4,0,1,Clear,0.79
2024-06-28 16:00:00,30.7,72,2,6,28,16,4,0,0,Partly Cloudy,0.64
2024-06-28 17:00:00,31.3,85,3,6,28,17,4,0,0,Overcast,0.49
2024-06-28 18:00:00,29.8,39,1,6,28,18,4,0,0,Mostly Clear,0.73
2024-06-28 19:00:00,28.8,100,3,6,28,19,4,0,0,Overcast,0.46
2024-06-28 20:00:00,27.3,100,3,6,28,20,4,0,0,Overcast,0.44
2024-06-29 10:00:00,24.2,100,63,6,29,10,5,1,0,Rain,0.16
2024-06-29 11:00:00,26.3,100,51,6,29,11,5,1,0,Drizzle,0.27
2024-06-29 12:00:00,29.0,100,3,6,29,12,5,1,0,Overcast,0.51
2024-06-29 13:00:00,30.0,100,3,6,29,13,5,1,0,Overcast,0.55
2024-06-29 14:00:00,31.6,100,3,6,29,14,5,1,0,Overcast,0.53
2024-06-29 15:00:00,26.6,100,53,6,29,15,5,1,0,Drizzle,0.34
2024-06-29 16:00:00,26.0,100,51,6,29,16,5,1,0,Drizzle,0.34
2024-06-29 17:00:00,27.0,100,3,6,29,17,5,1,0,Overcast,0.54
2024-06-29 18:00:00,27.7,100,3,6,29,18,5,1,0,Overcast,0.54
2024-06-29 19:00:00,28.1,100,3,6,29,19,5,1,0,Overcast,0.52
2024-06-29 20:00:00,26.9,100,3,6,29,20,5,1,0,Overcast,0.5
2024-06-30 10:00:00,25.0,31,51,6,30,10,6,1,0,Drizzle,0.28
2024-06-30 11:00:00,26.4,16,51,6,30,11,6,1,0,Drizzle,0.28
2024-06-30 12:00:00,27.6,23,51,6,30,12,6,1,0,Drizzle,0.27
2024-06-30 13:00:00,28.2,24,51,6,30,13,6,1,0,Drizzle,0.31
2024-06-30 14:00:00,28.5,31,1,6,30,14,6,1,0,Mostly Clear,0.79
2024-06-30 15:00:00,28.4,10,0,6,30,15,6,1,1,Clear,0.95
2024-06-30 16:00:00,27.8,23,1,6,30,16,6,1,0,Mostly Clear,0.79
2024-06-30 17:00:00,26.1,4,0,6,30,17,6,1,1,Clear,0.91
2024-06-30 18:00:00,23.1,1,0,6,30,18,6,1,1,Clear,0.89
2024-06-30 19:00:00,20.0,0,0,6,30,19,6,1,1,Clear,0.75
2024-06-30 20:00:00,18.2,4,0,6,30,20,6,1,1,Clear,0.77
2024-07-01 10:00:00,17.2,8,0,7,1,10,0,0,1,Clear,0.6
2024-07-01 11:00:00,18.6,22,1,7,1,11,0,0,0,Mostly Clear,0.62
2024-07-01 12:00:00,19.8,10,0,7,1,12,0,0,1,Clear,0.69
2024-07-01 13:00:00,21.2,2,0,7,1,13,0,0,1,Clear,0.77
2024-07-01 14:00:00,22.4,3,0,7,1,14,0,0,1,Clear,0.83
2024-07-01 15:00:00,23.1,2,0,7,1,15,0,0,1,Clear,0.87
2024-07-01 16:00:00,23.5,4,0,7,1,16,0,0,1,Clear,0.86
2024-07-01 17:00:00,23.5,0,0,7,1,17,0,0,1,Clear,0.86
2024-07-01 18:00:00,23.2,0,0,7,1,18,0,0,1,Clear,0.86
2024-07-01 19:00:00,22.7,0,0,7,1,19,0,0,1,Clear,0.77
2024-07-01 20:00:00,21.3,12,0,7,1,20,0,0,1,Clear,0.74
2024-07-02 10:00:00,21.3,0,0,7,2,10,1,0,1,Clear,0.61
2024-07-02 11:00:00,23.2,0,0,7,2,11,1,0,1,Clear,0.75
2024-07-02 12:00:00,24.6,3,0,7,2,12,1,0,1,Clear,0.75
2024-07-02 13:00:00,25.8,0,0,7,2,13,1,0,1,Clear,0.83
2024-07-02 14:00:00,26.8,0,0,7,2,14,1,0,1,Clear,0.81
2024-07-02 15:00:00,27.6,4,0,7,2,15,1,0,1,Clear,0.87
2024-07-02 16:00:00,28.1,19,0,7,2,16,1,0,1,Clear,0.93
2024-07-02 17:00:00,28.3,8,0,7,2,17,1,0,1,Clear,0.9
2024-07-02 18:00:00,28.2,100,3,7,2,18,1,0,0,Overcast,0.58
2024-07-02 19:00:00,27.4,100,3,7,2,19,1,0,0,Overcast,0.48
2024-07-02 20:00:00,25.1,100,3,7,2,20,1,0,0,Overcast,0.5
2024-07-03 10:00:00,25.8,13,0,7,3,10,2,0,1,Clear,0.71
2024-07-03 11:00:00,28.2,31,1,7,3,11,2,0,0,Mostly Clear,0.74
2024-07-03 12:00:00,30.0,100,3,7,3,12,2,0,0,Overcast,0.5
2024-07-03 13:00:00,31.2,100,3,7,3,13,2,0,0,Overcast,0.51
2024-07-03 14:00:00,31.5,100,51,7,3,14,2,0,0,Drizzle,0.3
2024-07-03 15:00:00,32.6,64,2,7,3,15,2,0,0,Partly Cloudy,0.74
2024-07-03 16:00:00,32.9,8,0,7,3,16,2,0,1,Clear,0.9
2024-07-03 17:00:00,32.9,44,1,7,3,17,2,0,0,Mostly Clear,0.84
2024-07-03 18:00:00,32.6,26,1,7,3,18,2,0,0,Mostly Clear,0.83
2024-07-03 19:00:00,30.6,93,51,7,3,19,2,0,0,Drizzle,0.32
2024-07-03 20:00:00,24.4,60,51,7,3,20,2,0,0,Drizzle,0.32
2024-07-04 10:00:00,23.2,99,53,7,4,10,3,0,0,Drizzle,0.27
2024-07-04 11:00:00,25.2,98,51,7,4,11,3,0,0,Drizzle,0.28
2024-07-04 12:00:00,26.9,100,3,7,4,12,3,0,0,Overcast,0.47
2024-07-04 13:00:00,27.1,100,51,7,4,13,3,0,0,Drizzle,0.28
2024-07-04 14:00:00,27.8,100,51,7,4,14,3,0,0,Drizzle,0.32
2024-07-04 15:00:00,28.8,98,51,7,4,15,3,0,0,Drizzle,0.35
2024-07-04 16:00:00,30.0,62,2,7,4,16,3,0,0,Partly Cloudy,0.74
2024-07-04 17:00:00,30.3,100,3,7,4,17,3,0,0,Overcast,0.57
2024-07-04 18:00:00,29.7,100,3,7,4,18,3,0,0,Overcast,0.58
2024-07-04 19:00:00,24.7,100,61,7,4,19,3,0,0,Rain,0.2
2024-07-04 20:00:00,24.7,95,51,7,4,20,3,0,0,Drizzle,0.27
2024-07-05 10:00:00,24.9,100,51,7,5,10,4,0,0,Drizzle,0.26
2024-07-05 11:00:00,26.3,90,51,7,5,11,4,0,0,Drizzle,0.29
2024-07-05 12:00:00,27.3,94,51,7,5,12,4,0,0,Drizzle,0.27
2024-07-05 13:00:00,29.2,100,51,7,5,13,4,0,0,Drizzle,0.32
2024-07-05 14:00:00,30.4,100,3,7,5,14,4,0,0,Overcast,0.55
2024-07-05 15:00:00,30.8,100,3,7,5,15,4,0,0,Overcast,0.55
2024-07-05 16:00:00,31.3,98,3,7,5,16,4,0,0,Overcast,0.58
2024-07-05 17:00:00,31.5,100,3,7,5,17,4,0,0,Overcast,0.56
2024-07-05 18:00:00,29.8,100,3,7,5,18,4,0,0,Overcast,0.55
2024-07-05 19:00:00,28.3,100,3,7,5,19,4,0,0,Overcast,0.49
2024-07-05 20:00:00,27.0,100,3,7,5,20,4,0,0,Overcast,0.48
2024-07-06 10:00:00,24.3,50,2,7,6,10,5,1,0,Partly Cloudy,0.65
2024-07-06 11:00:00,25.9,31,51,7,6,11,5,1,0,Drizzle,0.32
2024-07-06 12:00:00,26.9,55,51,7,6,12,5,1,0,Drizzle,0.33
2024-07-06 13:00:00,28.3,25,1,7,6,13,5,1,0,Mostly Clear,0.93
2024-07-06 14:00:00,29.1,13,0,7,6,14,5,1,1,Clear,0.99
2024-07-06 15:00:00,29.7,15,0,7,6,15,5,1,1,Clear,1.0
2024-07-06 16:00:00,29.6,92,3,7,6,16,5,1,0,Overcast,0.62
2024-07-06 17:00:00,29.3,26,1,7,6,17,5,1,0,Mostly Clear,0.91
2024-07-06 18:00:00,28.8,19,0,7,6,18,5,1,1,Clear,1.0
2024-07-06 19:00:00,27.9,9,0,7,6,19,5,1,1,Clear,0.9
2024-07-06 20:00:00,26.4,6,0,7,6,20,5,1,1,Clear,0.94
2024-07-07 10:00:00,24.8,86,3,7,7,10,6,1,0,Overcast,0.51
2024-07-07 11:00:00,26.1,60,2,7,7,11,6,1,0,Partly Cloudy,0.68
2024-07-07 12:00:00,27.2,33,1,7,7,12,6,1,0,Mostly Clear,0.79
2024-07-07 13:00:00,28.3,50,2,7,7,13,6,1,0,Partly Cloudy,0.83
2024-07-07 14:00:00,29.1,56,2,7,7,14,6,1,0,Partly Cloudy,0.82
2024-07-07 15:00:00,29.9,55,2,7,7,15,6,1,0,Partly Cloudy,0.81
2024-07-07 16:00:00,30.1,63,2,7,7,16,6,1,0,Partly Cloudy,0.84
2024-07-07 17:00:00,29.8,65,2,7,7,17,6,1,0,Partly Cloudy,0.82
2024-07-07 18:00:00,29.0,97,3,7,7,18,6,1,0,Overcast,0.61
2024-07-07 19:00:00,27.6,8,0,7,7,19,6,1,1,Clear,0.92
2024-07-07 20:00:00,26.6,4,0,7,7,20,6,1,1,Clear,0.93
2024-07-08 10:00:00,26.0,40,1,7,8,10,0,0,0,Mostly Clear,0.64
2024-07-08 11:00:00,28.2,52,2,7,8,11,0,0,0,Partly Cloudy,0.62
2024-07-08 12:00:00,29.6,94,3,7,8,12,0,0,0,Overcast,0.52
2024-07-08 13:00:00,30.8,99,3,7,8,13,0,0,0,Overcast,0.55
2024-07-08 14:00:00,31.7,100,3,7,8,14,0,0,0,Overcast,0.54
2024-07-08 15:00:00,31.7,100,3,7,8,15,0,0,0,Overcast,0.58
2024-07-08 16:00:00,30.9,100,3,7,8,16,0,0,0,Overcast,0.57
2024-07-08 17:00:00,30.5,99,3,7,8,17,0,0,0,Overcast,0.57
2024-07-08 18:00:00,30.2,98,3,7,8,18,0,0,0,Overcast,0.55
2024-07-08 19:00:00,29.3,99,3,7,8,19,0,0,0,Overcast,0.53
2024-07-08 20:00:00,27.7,100,3,7,8,20,0,0,0,Overcast,0.51
2024-07-09 10:00:00,27.4,100,3,7,9,10,1,0,0,Overcast,0.41
2024-07-09 11:00:00,29.2,90,3,7,9,11,1,0,0,Overcast,0.47
2024-07-09 12:00:00,30.6,97,3,7,9,12,1,0,0,Overcast,0.48
2024-07-09 13:00:00,31.4,100,3,7,9,13,1,0,0,Overcast,0.52
2024-07-09 14:00:00,31.3,100,3,7,9,14,1,0,0,Overcast,0.53
2024-07-09 15:00:00,32.0,100,3,7,9,15,1,0,0,Overcast,0.58
2024-07-09 16:00:00,32.2,100,3,7,9,16,1,0,0,Overcast,0.56
2024-07-09 17:00:00,31.4,100,3,7,9,17,1,0,0,Overcast,0.57
2024-07-09 18:00:00,30.0,42,1,7,9,18,1,0,0,Mostly Clear,0.85
2024-07-09 19:00:00,29.1,23,1,7,9,19,1,0,0,Mostly Clear,0.79
2024-07-09 20:00:00,28.2,26,1,7,9,20,1,0,0,Mostly Clear,0.79
2024-07-10 10:00:00,30.6,18,0,7,10,10,2,0,1,Clear,0.72
2024-07-10 11:00:00,31.6,17,0,7,10,11,2,0,1,Clear,0.81
2024-07-10 12:00:00,31.8,31,51,7,10,12,2,0,0,Drizzle,0.29
2024-07-10 13:00:00,31.3,30,51,7,10,13,2,0,0,Drizzle,0.3
2024-07-10 14:00:00,31.9,5,0,7,10,14,2,0,1,Clear,0.88
2024-07-10 15:00:00,31.2,42,1,7,10,15,2,0,0,Mostly Clear,0.84
2024-07-10 16:00:00,30.0,24,1,7,10,16,2,0,0,Mostly Clear,0.81
2024-07-10 17:00:00,29.0,62,2,7,10,17,2,0,0,Partly Cloudy,0.75
2024-07-10 18:00:00,27.9,100,3,7,10,18,2,0,0,Overcast,0.51
2024-07-10 19:00:00,25.2,100,3,7,10,19,2,0,0,Overcast,0.47
2024-07-10 20:00:00,23.5,100,3,7,10,20,2,0,0,Overcast,0.46
2024-07-11 10:00:00,21.8,100,3,7,11,10,3,0,0,Overcast,0.41
2024-07-11 11:00:00,23.3,89,3,7,11,11,3,0,0,Overcast,0.45
2024-07-11 12:00:00,24.4,100,3,7,11,12,3,0,0,Overcast,0.44
2024-07-11 13:00:00,25.3,100,3,7,11,13,3,0,0,Overcast,0.52
2024-07-11 14:00:00,25.9,100,3,7,11,14,3,0,0,Overcast,0.51
2024-07-11 15:00:00,26.2,99,3,7,11,15,3,0,0,Overcast,0.51
2024-07-11 16:00:00,26.8,100,3,7,11,16,3,0,0,Overcast,0.53
2024-07-11 17:00:00,26.2,100,3,7,11,17,3,0,0,Overcast,0.51
2024-07-11 18:00:00,26.0,64,2,7,11,18,3,0,0,Partly Cloudy,0.69
2024-07-11 19:00:00,25.9,18,0,7,11,19,3,0,1,Clear,0.78
2024-07-11 20:00:00,25.0,4,0,7,11,20,3,0,1,Clear,0.8
2024-07-12 10:00:00,24.1,0,0,7,12,10,4,0,1,Clear,0.69
2024-07-12 11:00:00,25.7,0,0,7,12,11,4,0,1,Clear,0.73
2024-07-12 12:00:00,27.2,0,0,7,12,12,4,0,1,Clear,0.75
2024-07-12 13:00:00,28.4,4,0,7,12,13,4,0,1,Clear,0.85
2024-07-12 14:00:00,29.2,34,1,7,12,14,4,0,0,Mostly Clear,0.78
2024-07-12 15:00:00,29.5,30,1,7,12,15,4,0,0,Mostly Clear,0.84
2024-07-12 16:00:00,29.8,21,1,7,12,16,4,0,0,Mostly Clear,0.84
2024-07-12 17:00:00,30.4,26,1,7,12,17,4,0,0,Mostly Clear,0.81
2024-07-12 18:00:00,30.4,27,1,7,12,18,4,0,0,Mostly Clear,0.83
2024-07-12 19:00:00,29.4,9,0,7,12,19,4,0,1,Clear,0.87
2024-07-12 20:00:00,27.5,31,1,7,12,20,4,0,0,Mostly Clear,0.7
2024-07-13 10:00:00,27.8,20,1,7,13,10,5,1,0,Mostly Clear,0.73
2024-07-13 11:00:00,29.7,61,2,7,13,11,5,1,0,Partly Cloudy,0.73
2024-07-13 12:00:00,30.3,20,1,7,13,12,5,1,0,Mostly Clear,0.86
2024-07-13 13:00:00,31.1,22,51,7,13,13,5,1,0,Drizzle,0.36
2024-07-13 14:00:00,31.9,30,1,7,13,14,5,1,0,Mostly Clear,0.88
2024-07-13 15:00:00,32.5,29,1,7,13,15,5,1,0,Mostly Clear,0.94
2024-07-13 16:00:00,32.6,36,1,7,13,16,5,1,0,Mostly Clear,0.92
2024-07-13 17:00:00,32.9,35,1,7,13,17,5,1,0,Mostly Clear,0.94
2024-07-13 18:00:00,32.3,55,2,7,13,18,5,1,0,Partly Cloudy,0.81
2024-07-13 19:00:00,31.1,40,1,7,13,19,5,1,0,Mostly Clear,0.89
2024-07-13 20:00:00,29.1,66,51,7,13,20,5,1,0,Drizzle,0.36
2024-07-14 10:00:00,27.6,22,1,7,14,10,6,1,0,Mostly Clear,0.73
2024-07-14 11:00:00,29.4,19,0,7,14,11,6,1,1,Clear,0.94
2024-07-14 12:00:00,30.9,15,0,7,14,12,6,1,1,Clear,0.96
2024-07-14 13:00:00,32.1,79,2,7,14,13,6,1,0,Partly Cloudy,0.79
2024-07-14 14:00:00,33.4,100,3,7,14,14,6,1,0,Overcast,0.63
2024-07-14 15:00:00,33.5,98,3,7,14,15,6,1,0,Overcast,0.62
2024-07-14 16:00:00,33.6,100,3,7,14,16,6,1,0,Overcast,0.65
2024-07-14 17:00:00,34.2,100,3,7,14,17,6,1,0,Overcast,0.61
2024-07-14 18:00:00,33.6,46,1,7,14,18,6,1,0,Mostly Clear,0.94
2024-07-14 19:00:00,33.2,100,3,7,14,19,6,1,0,Overcast,0.6
2024-07-14 20:00:00,30.4,19,0,7,14,20,6,1,1,Clear,0.99
2024-07-15 10:00:00,23.0,100,3,7,15,10,0,0,0,Overcast,0.42
2024-07-15 11:00:00,25.3,58,2,7,15,11,0,0,0,Partly Cloudy,0.58
2024-07-15 12:00:00,28.8,1,0,7,15,12,0,0,1,Clear,0.79
2024-07-15 13:00:00,32.2,43,1,7,15,13,0,0,0,Mostly Clear,0.8
2024-07-15 14:00:00,32.1,93,3,7,15,14,0,0,0,Overcast,0.52
2024-07-15 15:00:00,33.0,69,51,7,15,15,0,0,0,Drizzle,0.35
2024-07-15 16:00:00,30.6,41,53,7,15,16,0,0,0,Drizzle,0.32
2024-07-15 17:00:00,32.1,15,0,7,15,17,0,0,1,Clear,0.9
2024-07-15 18:00:00,24.9,100,53,7,15,18,0,0,0,Drizzle,0.34
2024-07-15 19:00:00,24.5,88,51,7,15,19,0,0,0,Drizzle,0.28
2024-07-15 20:00:00,24.9,92,3,7,15,20,0,0,0,Overcast,0.49
2024-07-16 10:00:00,28.4,95,3,7,16,10,1,0,0,Overcast,0.46
2024-07-16 11:00:00,29.0,97,3,7,16,11,1,0,0,Overcast,0.51
2024-07-16 12:00:00,30.6,84,3,7,16,12,1,0,0,Overcast,0.49
2024-07-16 13:00:00,31.9,85,3,7,16,13,1,0,0,Overcast,0.54
2024-07-16 14:00:00,32.7,96,3,7,16,14,1,0,0,Overcast,0.53
2024-07-16 15:00:00,32.2,100,3,7,16,15,1,0,0,Overcast,0.55
2024-07-16 16:00:00,33.3,59,2,7,16,16,1,0,0,Partly Cloudy,0.73
2024-07-16 17:00:00,31.4,98,51,7,16,17,1,0,0,Drizzle,0.33
2024-07-16 18:00:00,31.3,95,3,7,16,18,1,0,0,Overcast,0.55
2024-07-16 19:00:00,30.4,94,3,7,16,19,1,0,0,Overcast,0.51
2024-07-16 20:00:00,28.9,76,2,7,16,20,1,0,0,Partly Cloudy,0.7
2024-07-17 10:00:00,23.1,100,63,7,17,10,2,0,0,Rain,0.15
2024-07-17 11:00:00,23.6,100,51,7,17,11,2,0,0,Drizzle,0.29
2024-07-17 12:00:00,24.9,100,53,7,17,12,2,0,0,Drizzle,0.3
2024-07-17 13:00:00,22.9,100,63,7,17,13,2,0,0,Rain,0.18
2024-07-17 14:00:00,24.9,100,51,7,17,14,2,0,0,Drizzle,0.33
2024-07-17 15:00:00,26.9,100,51,7,17,15,2,0,0,Drizzle,0.3
2024-07-17 16:00:00,22.9,96,63,7,17,16,2,0,0,Rain,0.2
2024-07-17 17:00:00,24.6,99,53,7,17,17,2,0,0,Drizzle,0.32
2024-07-17 18:00:00,22.0,96,63,7,17,18,2,0,0,Rain,0.21
2024-07-17 19:00:00,22.8,91,51,7,17,19,2,0,0,Drizzle,0.28
2024-07-17 20:00:00,22.7,34,1,7,17,20,2,0,0,Mostly Clear,0.71
2024-07-18 10:00:00,21.4,100,3,7,18,10,3,0,0,Overcast,0.39
2024-07-18 11:00:00,22.6,100,3,7,18,11,3,0,0,Overcast,0.45
2024-07-18 12:00:00,23.9,100,3,7,18,12,3,0,0,Overcast,0.49
2024-07-18 13:00:00,25.4,100,3,7,18,13,3,0,0,Overcast,0.53
2024-07-18 14:00:00,26.4,100,3,7,18,14,3,0,0,Overcast,0.5
2024-07-18 15:00:00,26.8,7,0,7,18,15,3,0,1,Clear,0.86
2024-07-18 16:00:00,26.8,62,2,7,18,16,3,0,0,Partly Cloudy,0.71
2024-07-18 17:00:00,26.1,23,1,7,18,17,3,0,0,Mostly Clear,0.76
2024-07-18 18:00:00,25.7,33,1,7,18,18,3,0,0,Mostly Clear,0.76
2024-07-18 19:00:00,24.7,29,1,7,18,19,3,0,0,Mostly Clear,0.74
2024-07-18 20:00:00,23.0,4,0,7,18,20,3,0,1,Clear,0.81
2024-07-19 10:00:00,21.1,0,0,7,19,10,4,0,1,Clear,0.61
2024-07-19 11:00:00,22.5,0,0,7,19,11,4,0,1,Clear,0.77
2024-07-19 12:00:00,23.9,0,0,7,19,12,4,0,1,Clear,0.77
2024-07-19 13:00:00,25.0,1,0,7,19,13,4,0,1,Clear,0.81
2024-07-19 14:00:00,25.7,3,0,7,19,14,4,0,1,Clear,0.81
2024-07-19 15:00:00,26.4,14,0,7,19,15,4,0,1,Clear,0.85
2024-07-19 16:00:00,26.9,21,1,7,19,16,4,0,0,Mostly Clear,0.76
2024-07-19 17:00:00,26.8,81,3,7,19,17,4,0,0,Overcast,0.51
2024-07-19 18:00:00,27.0,89,3,7,19,18,4,0,0,Overcast,0.55
2024-07-19 19:00:00,26.9,82,3,7,19,19,4,0,0,Overcast,0.48
2024-07-19 20:00:00,24.8,1,0,7,19,20,4,0,1,Clear,0.81
2024-07-20 10:00:00,22.1,100,3,7,20,10,5,1,0,Overcast,0.5
2024-07-20 11:00:00,24.4,99,3,7,20,11,5,1,0,Overcast,0.55
2024-07-20 12:00:00,26.6,100,3,7,20,12,5,1,0,Overcast,0.55
2024-07-20 13:00:00,28.1,100,3,7,20,13,5,1,0,Overcast,0.63
2024-07-20 14:00:00,29.2,100,3,7,20,14,5,1,0,Overcast,0.63
2024-07-20 15:00:00,29.8,97,3,7,20,15,5,1,0,Overcast,0.61
2024-07-20 16:00:00,30.4,100,3,7,20,16,5,1,0,Overcast,0.61
2024-07-20 17:00:00,29.8,100,3,7,20,17,5,1,0,Overcast,0.62
2024-07-20 18:00:00,29.3,100,3,7,20,18,5,1,0,Overcast,0.61
2024-07-20 19:00:00,28.9,100,3,7,20,19,5,1,0,Overcast,0.61
2024-07-20 20:00:00,27.4,32,1,7,20,20,5,1,0,Mostly Clear,0.84
2024-07-21 10:00:00,22.3,100,3,7,21,10,6,1,0,Overcast,0.51
2024-07-21 11:00:00,23.8,100,3,7,21,11,6,1,0,Overcast,0.53
2024-07-21 12:00:00,25.4,100,3,7,21,12,6,1,0,Overcast,0.53
2024-07-21 13:00:00,26.8,72,2,7,21,13,6,1,0,Partly Cloudy,0.79
2024-07-21 14:00:00,27.8,100,3,7,21,14,6,1,0,Overcast,0.56
2024-07-21 15:00:00,28.1,100,3,7,21,15,6,1,0,Overcast,0.65
2024-07-21 16:00:00,28.5,100,3,7,21,16,6,1,0,Overcast,0.6
2024-07-21 17:00:00,28.8,100,3,7,21,17,6,1,0,Overcast,0.65
2024-07-21 18:00:00,28.7,100,3,7,21,18,6,1,0,Overcast,0.63
2024-07-21 19:00:00,28.5,100,3,7,21,19,6,1,0,Overcast,0.62
2024-07-21 20:00:00,27.5,85,3,7,21,20,6,1,0,Overcast,0.58
2024-07-22 10:00:00,23.3,100,3,7,22,10,0,0,0,Overcast,0.41
2024-07-22 11:00:00,24.0,100,3,7,22,11,0,0,0,Overcast,0.46
2024-07-22 12:00:00,25.2,100,3,7,22,12,0,0,0,Overcast,0.46
2024-07-22 13:00:00,25.6,100,3,7,22,13,0,0,0,Overcast,0.49
2024-07-22 14:00:00,26.9,100,3,7,22,14,0,0,0,Overcast,0.48
2024-07-22 15:00:00,27.4,100,3,7,22,15,0,0,0,Overcast,0.54
2024-07-22 16:00:00,27.3,100,3,7,22,16,0,0,0,Overcast,0.54
2024-07-22 17:00:00,26.5,100,3,7,22,17,0,0,0,Overcast,0.55
2024-07-22 18:00:00,24.3,100,3,7,22,18,0,0,0,Overcast,0.53
2024-07-22 19:00:00,22.7,100,53,7,22,19,0,0,0,Drizzle,0.27
2024-07-22 20:00:00,22.1,100,3,7,22,20,0,0,0,Overcast,0.47
2024-07-23 10:00:00,22.9,71,2,7,23,10,1,0,0,Partly Cloudy,0.56
2024-07-23 11:00:00,24.3,100,3,7,23,11,1,0,0,Overcast,0.45
2024-07-23 12:00:00,25.5,100,3,7,23,12,1,0,0,Overcast,0.47
2024-07-23 13:00:00,26.6,100,3,7,23,13,1,0,0,Overcast,0.52
2024-07-23 14:00:00,27.5,100,3,7,23,14,1,0,0,Overcast,0.52
2024-07-23 15:00:00,27.8,98,3,7,23,15,1,0,0,Overcast,0.55
2024-07-23 16:00:00,28.4,100,3,7,23,16,1,0,0,Overcast,0.56
2024-07-23 17:00:00,28.5,99,3,7,23,17,1,0,0,Overcast,0.58
2024-07-23 18:00:00,28.1,56,2,7,23,18,1,0,0,Partly Cloudy,0.76
2024-07-23 19:00:00,26.5,100,51,7,23,19,1,0,0,Drizzle,0.31
2024-07-23 20:00:00,22.4,96,63,7,23,20,1,0,0,Rain,0.19
2024-07-24 10:00:00,23.7,100,3,7,24,10,2,0,0,Overcast,0.41
2024-07-24 11:00:00,25.4,100,3,7,24,11,2,0,0,Overcast,0.47
2024-07-24 12:00:00,26.8,100,3,7,24,12,2,0,0,Overcast,0.46
2024-07-24 13:00:00,27.8,100,3,7,24,13,2,0,0,Overcast,0.52
2024-07-24 14:00:00,26.1,100,53,7,24,14,2,0,0,Drizzle,0.32
2024-07-24 15:00:00,25.0,84,3,7,24,15,2,0,0,Overcast,0.55
2024-07-24 16:00:00,27.7,4,0,7,24,16,2,0,1,Clear,0.85
2024-07-24 17:00:00,28.7,98,3,7,24,17,2,0,0,Overcast,0.58
2024-07-24 18:00:00,28.3,15,0,7,24,18,2,0,1,Clear,0.94
2024-07-24 19:00:00,26.6,33,1,7,24,19,2,0,0,Mostly Clear,0.71
2024-07-24 20:00:00,24.8,16,0,7,24,20,2,0,1,Clear,0.78
2024-07-25 10:00:00,21.9,30,1,7,25,10,3,0,0,Mostly Clear,0.56
2024-07-25 11:00:00,23.4,49,1,7,25,11,3,0,0,Mostly Clear,0.66
2024-07-25 12:00:00,24.5,76,51,7,25,12,3,0,0,Drizzle,0.28
2024-07-25 13:00:00,25.0,96,53,7,25,13,3,0,0,Drizzle,0.32
2024-07-25 14:00:00,26.2,77,51,7,25,14,3,0,0,Drizzle,0.28
2024-07-25 15:00:00,27.0,27,51,7,25,15,3,0,0,Drizzle,0.31
2024-07-25 16:00:00,27.0,24,1,7,25,16,3,0,0,Mostly Clear,0.79
2024-07-25 17:00:00,27.1,29,1,7,25,17,3,0,0,Mostly Clear,0.78
2024-07-25 18:00:00,26.7,22,1,7,25,18,3,0,0,Mostly Clear,0.76
2024-07-25 19:00:00,25.6,25,51,7,25,19,3,0,0,Drizzle,0.29
2024-07-25 20:00:00,24.3,23,1,7,25,20,3,0,0,Mostly Clear,0.74
2024-07-26 10:00:00,21.3,0,0,7,26,10,4,0,1,Clear,0.61
2024-07-26 11:00:00,23.0,0,0,7,26,11,4,0,1,Clear,0.74
2024-07-26 12:00:00,24.2,0,0,7,26,12,4,0,1,Clear,0.74
2024-07-26 13:00:00,25.2,0,0,7,26,13,4,0,1,Clear,0.84
2024-07-26 14:00:00,25.9,0,0,7,26,14,4,0,1,Clear,0.81
2024-07-26 15:00:00,26.5,0,0,7,26,15,4,0,1,Clear,0.88
2024-07-26 16:00:00,26.9,0,0,7,26,16,4,0,1,Clear,0.86
2024-07-26 17:00:00,26.9,0,0,7,26,17,4,0,1,Clear,0.86
2024-07-26 18:00:00,26.7,0,0,7,26,18,4,0,1,Clear,0.87
2024-07-26 19:00:00,26.1,0,0,7,26,19,4,0,1,Clear,0.8
2024-07-26 20:00:00,24.0,0,0,7,26,20,4,0,1,Clear,0.79
2024-07-27 10:00:00,24.0,0,0,7,27,10,5,1,1,Clear,0.84
2024-07-27 11:00:00,25.8,9,0,7,27,11,5,1,1,Clear,0.88
2024-07-27 12:00:00,27.3,34,1,7,27,12,5,1,0,Mostly Clear,0.8
2024-07-27 13:00:00,28.0,60,2,7,27,13,5,1,0,Partly Cloudy,0.81
2024-07-27 14:00:00,28.6,6,0,7,27,14,5,1,1,Clear,0.98
2024-07-27 15:00:00,28.7,13,0,7,27,15,5,1,1,Clear,1.0
2024-07-27 16:00:00,29.2,7,0,7,27,16,5,1,1,Clear,1.0
2024-07-27 17:00:00,29.3,1,0,7,27,17,5,1,1,Clear,1.0
2024-07-27 18:00:00,29.2,0,0,7,27,18,5,1,1,Clear,1.0
2024-07-27 19:00:00,28.3,0,0,7,27,19,5,1,1,Clear,0.97
2024-07-27 20:00:00,25.8,0,0,7,27,20,5,1,1,Clear,0.9
2024-07-28 10:00:00,24.2,0,0,7,28,10,6,1,1,Clear,0.81
2024-07-28 11:00:00,27.0,0,0,7,28,11,6,1,1,Clear,0.87
2024-07-28 12:00:00,29.2,0,0,7,28,12,6,1,1,Clear,0.92
2024-07-28 13:00:00,30.1,0,0,7,28,13,6,1,1,Clear,1.0
2024-07-28 14:00:00,30.9,0,0,7,28,14,6,1,1,Clear,1.0
2024-07-28 15:00:00,31.5,1,0,7,28,15,6,1,1,Clear,1.0
2024-07-28 16:00:00,31.9,1,0,7,28,16,6,1,1,Clear,1.0
2024-07-28 17:00:00,32.1,0,0,7,28,17,6,1,1,Clear,1.0
2024-07-28 18:00:00,32.1,3,0,7,28,18,6,1,1,Clear,1.0
2024-07-28 19:00:00,30.9,2,0,7,28,19,6,1,1,Clear,0.96
2024-07-28 20:00:00,28.2,1,0,7,28,20,6,1,1,Clear,0.96
2024-07-29 10:00:00,25.3,97,3,7,29,10,0,0,0,Overcast,0.43
2024-07-29 11:00:00,27.6,83,3,7,29,11,0,0,0,Overcast,0.47
2024-07-29 12:00:00,29.0,75,2,7,29,12,0,0,0,Partly Cloudy,0.65
2024-07-29 13:00:00,30.0,52,2,7,29,13,0,0,0,Partly Cloudy,0.69
2024-07-29 14:00:00,30.7,96,3,7,29,14,0,0,0,Overcast,0.56
2024-07-29 15:00:00,24.8,100,63,7,29,15,0,0,0,Rain,0.19
2024-07-29 16:00:00,23.7,100,65,7,29,16,0,0,0,Rain,0.18
2024-07-29 17:00:00,24.7,68,51,7,29,17,0,0,0,Drizzle,0.33
2024-07-29 18:00:00,25.2,86,51,7,29,18,0,0,0,Drizzle,0.31
2024-07-29 19:00:00,25.2,99,51,7,29,19,0,0,0,Drizzle,0.3
2024-07-29 20:00:00,24.5,67,2,7,29,20,0,0,0,Partly Cloudy,0.62
2024-07-30 10:00:00,21.1,98,53,7,30,10,1,0,0,Drizzle,0.25
2024-07-30 11:00:00,23.3,100,51,7,30,11,1,0,0,Drizzle,0.3
2024-07-30 12:00:00,22.5,100,61,7,30,12,1,0,0,Rain,0.17
2024-07-30 13:00:00,24.3,92,51,7,30,13,1,0,0,Drizzle,0.29
2024-07-30 14:00:00,26.8,100,51,7,30,14,1,0,0,Drizzle,0.32
2024-07-30 15:00:00,24.8,77,55,7,30,15,1,0,0,Drizzle,0.31
2024-07-30 16:00:00,24.3,41,63,7,30,16,1,0,0,Rain,0.19
2024-07-30 17:00:00,26.0,12,51,7,30,17,1,0,0,Drizzle,0.32
2024-07-30 18:00:00,25.6,82,51,7,30,18,1,0,0,Drizzle,0.33
2024-07-30 19:00:00,22.5,100,65,7,30,19,1,0,0,Rain,0.16
2024-07-30 20:00:00,22.3,81,51,7,30,20,1,0,0,Drizzle,0.28
2024-07-31 10:00:00,25.5,23,51,7,31,10,2,0,0,Drizzle,0.27
2024-07-31 11:00:00,27.2,19,51,7,31,11,2,0,0,Drizzle,0.27
2024-07-31 12:00:00,28.6,10,0,7,31,12,2,0,1,Clear,0.81
2024-07-31 13:00:00,30.0,5,0,7,31,13,2,0,1,Clear,0.88
2024-07-31 14:00:00,31.3,5,0,7,31,14,2,0,1,Clear,0.87
2024-07-31 15:00:00,32.3,2,0,7,31,15,2,0,1,Clear,0.92
2024-07-31 16:00:00,32.7,12,0,7,31,16,2,0,1,Clear,0.93
2024-07-31 17:00:00,32.5,16,0,7,31,17,2,0,1,Clear,0.9
2024-07-31 18:00:00,32.4,18,0,7,31,18,2,0,1,Clear,0.94
2024-07-31 19:00:00,31.3,36,1,7,31,19,2,0,0,Mostly Clear,0.74
2024-07-31 20:00:00,28.4,18,0,7,31,20,2,0,1,Clear,0.83
2024-08-01 10:00:00,26.1,59,2,8,1,10,3,0,0,Partly Cloudy,0.49
2024-08-01 11:00:00,27.5,40,51,8,1,11,3,0,0,Drizzle,0.24
2024-08-01 12:00:00,28.8,11,0,8,1,12,3,0,1,Clear,0.73
2024-08-01 13:00:00,29.8,29,1,8,1,13,3,0,0,Mostly Clear,0.7
2024-08-01 14:00:00,30.7,36,1,8,1,14,3,0,0,Mostly Clear,0.71
2024-08-01 15:00:00,31.1,19,0,8,1,15,3,0,1,Clear,0.82
2024-08-01 16:00:00,31.6,32,1,8,1,16,3,0,0,Mostly Clear,0.74
2024-08-01 17:00:00,31.3,98,3,8,1,17,3,0,0,Overcast,0.48
2024-08-01 18:00:00,30.9,88,3,8,1,18,3,0,0,Overcast,0.48
2024-08-01 19:00:00,30.1,54,2,8,1,19,3,0,0,Partly Cloudy,0.6
2024-08-01 20:00:00,28.3,72,2,8,1,20,3,0,0,Partly Cloudy,0.61
2024-08-02 10:00:00,22.0,41,51,8,2,10,4,0,0,Drizzle,0.22
2024-08-02 11:00:00,24.9,58,51,8,2,11,4,0,0,Drizzle,0.22
2024-08-02 12:00:00,26.9,30,51,8,2,12,4,0,0,Drizzle,0.25
2024-08-02 13:00:00,28.1,35,1,8,2,13,4,0,0,Mostly Clear,0.7
2024-08-02 14:00:00,28.9,100,3,8,2,14,4,0,0,Overcast,0.46
2024-08-02 15:00:00,28.9,100,3,8,2,15,4,0,0,Overcast,0.52
2024-08-02 16:00:00,27.6,63,51,8,2,16,4,0,0,Drizzle,0.28
2024-08-02 17:00:00,28.5,100,51,8,2,17,4,0,0,Drizzle,0.28
2024-08-02 18:00:00,28.1,80,3,8,2,18,4,0,0,Overcast,0.52
2024-08-02 19:00:00,24.8,85,51,8,2,19,4,0,0,Drizzle,0.25
2024-08-02 20:00:00,24.0,95,51,8,2,20,4,0,0,Drizzle,0.24
2024-08-03 10:00:00,23.5,88,3,8,3,10,5,1,0,Overcast,0.46
2024-08-03 11:00:00,24.2,87,53,8,3,11,5,1,0,Drizzle,0.3
2024-08-03 12:00:00,22.6,75,63,8,3,12,5,1,0,Rain,0.19
2024-08-03 13:00:00,25.2,78,51,8,3,13,5,1,0,Drizzle,0.33
2024-08-03 14:00:00,26.8,100,51,8,3,14,5,1,0,Drizzle,0.3
2024-08-03 15:00:00,25.8,100,51,8,3,15,5,1,0,Drizzle,0.31
2024-08-03 16:00:00,22.5,100,63,8,3,16,5,1,0,Rain,0.2
2024-08-03 17:00:00,23.1,100,53,8,3,17,5,1,0,Drizzle,0.33
2024-08-03 18:00:00,23.2,90,51,8,3,18,5,1,0,Drizzle,0.32
2024-08-03 19:00:00,23.0,71,2,8,3,19,5,1,0,Partly Cloudy,0.69
2024-08-03 20:00:00,22.6,44,1,8,3,20,5,1,0,Mostly Clear,0.74
2024-08-04 10:00:00,23.6,77,51,8,4,10,6,1,0,Drizzle,0.28
2024-08-04 11:00:00,25.4,7,0,8,4,11,6,1,1,Clear,0.79
2024-08-04 12:00:00,27.0,0,0,8,4,12,6,1,1,Clear,0.78
2024-08-04 13:00:00,28.1,0,0,8,4,13,6,1,1,Clear,0.91
2024-08-04 14:00:00,28.9,0,0,8,4,14,6,1,1,Clear,0.91
2024-08-04 15:00:00,29.6,0,0,8,4,15,6,1,1,Clear,0.97
2024-08-04 16:00:00,29.9,35,1,8,4,16,6,1,0,Mostly Clear,0.84
2024-08-04 17:00:00,30.0,1,0,8,4,17,6,1,1,Clear,0.97
2024-08-04 18:00:00,29.6,0,0,8,4,18,6,1,1,Clear,0.95
2024-08-04 19:00:00,28.5,8,0,8,4,19,6,1,1,Clear,0.86
2024-08-04 20:00:00,26.6,2,0,8,4,20,6,1,1,Clear,0.83
2024-08-05 10:00:00,26.0,22,1,8,5,10,0,0,0,Mostly Clear,0.56
2024-08-05 11:00:00,28.0,27,1,8,5,11,0,0,0,Mostly Clear,0.61
2024-08-05 12:00:00,29.7,28,1,8,5,12,0,0,0,Mostly Clear,0.65
2024-08-05 13:00:00,30.9,75,2,8,5,13,0,0,0,Partly Cloudy,0.64
2024-08-05 14:00:00,31.5,100,3,8,5,14,0,0,0,Overcast,0.46
2024-08-05 15:00:00,31.9,99,3,8,5,15,0,0,0,Overcast,0.5
2024-08-05 16:00:00,32.0,100,3,8,5,16,0,0,0,Overcast,0.48
2024-08-05 17:00:00,31.5,99,3,8,5,17,0,0,0,Overcast,0.51
2024-08-05 18:00:00,31.0,61,2,8,5,18,0,0,0,Partly Cloudy,0.64
2024-08-05 19:00:00,30.4,19,0,8,5,19,0,0,1,Clear,0.75
2024-08-05 20:00:00,27.9,34,1,8,5,20,0,0,0,Mostly Clear,0.63
2024-08-06 10:00:00,25.5,9,51,8,6,10,1,0,0,Drizzle,0.22
2024-08-06 11:00:00,27.5,8,0,8,6,11,1,0,1,Clear,0.63
2024-08-06 12:00:00,29.0,17,51,8,6,12,1,0,0,Drizzle,0.28
2024-08-06 13:00:00,30.0,23,51,8,6,13,1,0,0,Drizzle,0.28
2024-08-06 14:00:00,30.8,23,1,8,6,14,1,0,0,Mostly Clear,0.71
2024-08-06 15:00:00,31.5,45,1,8,6,15,1,0,0,Mostly Clear,0.76
2024-08-06 16:00:00,27.5,95,63,8,6,16,1,0,0,Rain,0.17
2024-08-06 17:00:00,23.3,100,65,8,6,17,1,0,0,Rain,0.2
2024-08-06 18:00:00,23.0,98,55,8,6,18,1,0,0,Drizzle,0.26
2024-08-06 19:00:00,23.1,91,51,8,6,19,1,0,0,Drizzle,0.24
2024-08-06 20:00:00,23.0,88,3,8,6,20,1,0,0,Overcast,0.44
2024-08-07 10:00:00,22.3,61,51,8,7,10,2,0,0,Drizzle,0.23
2024-08-07 11:00:00,24.6,46,51,8,7,11,2,0,0,Drizzle,0.24
2024-08-07 12:00:00,25.6,24,51,8,7,12,2,0,0,Drizzle,0.25
2024-08-07 13:00:00,26.8,31,51,8,7,13,2,0,0,Drizzle,0.28
2024-08-07 14:00:00,27.3,47,1,8,7,14,2,0,0,Mostly Clear,0.65
2024-08-07 15:00:00,27.7,23,1,8,7,15,2,0,0,Mostly Clear,0.67
2024-08-07 16:00:00,27.0,45,51,8,7,16,2,0,0,Drizzle,0.29
2024-08-07 17:00:00,26.2,50,51,8,7,17,2,0,0,Drizzle,0.27
2024-08-07 18:00:00,25.2,39,51,8,7,18,2,0,0,Drizzle,0.3
2024-08-07 19:00:00,24.8,22,51,8,7,19,2,0,0,Drizzle,0.25
2024-08-07 20:00:00,23.5,11,0,8,7,20,2,0,1,Clear,0.68
2024-08-08 10:00:00,23.8,100,61,8,8,10,3,0,0,Rain,0.15
2024-08-08 11:00:00,23.3,100,63,8,8,11,3,0,0,Rain,0.13
2024-08-08 12:00:00,24.5,100,51,8,8,12,3,0,0,Drizzle,0.27
2024-08-08 13:00:00,26.7,100,51,8,8,13,3,0,0,Drizzle,0.25
2024-08-08 14:00:00,28.1,100,3,8,8,14,3,0,0,Overcast,0.5
2024-08-08 15:00:00,28.1,100,3,8,8,15,3,0,0,Overcast,0.51
2024-08-08 16:00:00,26.9,100,3,8,8,16,3,0,0,Overcast,0.45
2024-08-08 17:00:00,27.5,100,3,8,8,17,3,0,0,Overcast,0.48
2024-08-08 18:00:00,27.5,100,3,8,8,18,3,0,0,Overcast,0.49
2024-08-08 19:00:00,26.6,100,3,8,8,19,3,0,0,Overcast,0.42
2024-08-08 20:00:00,25.3,100,3,8,8,20,3,0,0,Overcast,0.42
2024-08-09 10:00:00,24.0,99,51,8,9,10,4,0,0,Drizzle,0.23
2024-08-09 11:00:00,24.9,75,51,8,9,11,4,0,0,Drizzle,0.22
2024-08-09 12:00:00,26.1,94,3,8,9,12,4,0,0,Overcast,0.42
2024-08-09 13:00:00,27.1,94,51,8,9,13,4,0,0,Drizzle,0.26
2024-08-09 14:00:00,28.0,46,51,8,9,14,4,0,0,Drizzle,0.3
2024-08-09 15:00:00,28.3,17,51,8,9,15,4,0,0,Drizzle,0.28
2024-08-09 16:00:00,28.6,1,0,8,9,16,4,0,1,Clear,0.8
2024-08-09 17:00:00,28.2,0,0,8,9,17,4,0,1,Clear,0.83
2024-08-09 18:00:00,27.8,29,1,8,9,18,4,0,0,Mostly Clear,0.7
2024-08-09 19:00:00,26.0,7,0,8,9,19,4,0,1,Clear,0.71
2024-08-09 20:00:00,24.3,6,0,8,9,20,4,0,1,Clear,0.72
2024-08-10 10:00:00,20.4,3,0,8,10,10,5,1,1,Clear,0.66
2024-08-10 11:00:00,21.6,9,0,8,10,11,5,1,1,Clear,0.68
2024-08-10 12:00:00,22.6,17,0,8,10,12,5,1,1,Clear,0.79
2024-08-10 13:00:00,23.5,38,1,8,10,13,5,1,0,Mostly Clear,0.79
2024-08-10 14:00:00,24.5,64,2,8,10,14,5,1,0,Partly Cloudy,0.69
2024-08-10 15:00:00,25.1,87,3,8,10,15,5,1,0,Overcast,0.53
2024-08-10 16:00:00,25.1,56,2,8,10,16,5,1,0,Partly Cloudy,0.71
2024-08-10 17:00:00,25.2,55,2,8,10,17,5,1,0,Partly Cloudy,0.72
2024-08-10 18:00:00,24.5,34,1,8,10,18,5,1,0,Mostly Clear,0.82
2024-08-10 19:00:00,22.9,25,1,8,10,19,5,1,0,Mostly Clear,0.73
2024-08-10 20:00:00,20.9,21,1,8,10,20,5,1,0,Mostly Clear,0.68
2024-08-11 10:00:00,19.9,0,0,8,11,10,6,1,1,Clear,0.66
2024-08-11 11:00:00,21.7,47,1,8,11,11,6,1,0,Mostly Clear,0.63
2024-08-11 12:00:00,22.5,89,3,8,11,12,6,1,0,Overcast,0.49
2024-08-11 13:00:00,23.1,100,3,8,11,13,6,1,0,Overcast,0.52
2024-08-11 14:00:00,23.7,100,3,8,11,14,6,1,0,Overcast,0.52
2024-08-11 15:00:00,24.3,76,2,8,11,15,6,1,0,Partly Cloudy,0.71
2024-08-11 16:00:00,23.9,97,3,8,11,16,6,1,0,Overcast,0.53
2024-08-11 17:00:00,24.0,86,3,8,11,17,6,1,0,Overcast,0.57
2024-08-11 18:00:00,23.5,99,3,8,11,18,6,1,0,Overcast,0.56
2024-08-11 19:00:00,22.7,84,3,8,11,19,6,1,0,Overcast,0.5
2024-08-11 20:00:00,20.7,22,1,8,11,20,6,1,0,Mostly Clear,0.69
2024-08-12 10:00:00,20.2,15,0,8,12,10,0,0,1,Clear,0.52
2024-08-12 11:00:00,21.6,22,51,8,12,11,0,0,0,Drizzle,0.23
2024-08-12 12:00:00,23.0,40,1,8,12,12,0,0,0,Mostly Clear,0.62
2024-08-12 13:00:00,24.0,88,3,8,12,13,0,0,0,Overcast,0.43
2024-08-12 14:00:00,23.8,37,1,8,12,14,0,0,0,Mostly Clear,0.67
2024-08-12 15:00:00,24.3,81,3,8,12,15,0,0,0,Overcast,0.45
2024-08-12 16:00:00,24.3,49,1,8,12,16,0,0,0,Mostly Clear,0.69
2024-08-12 17:00:00,24.1,11,0,8,12,17,0,0,1,Clear,0.79
2024-08-12 18:00:00,24.2,1,0,8,12,18,0,0,1,Clear,0.77
2024-08-12 19:00:00,23.3,2,0,8,12,19,0,0,1,Clear,0.69
2024-08-12 20:00:00,21.3,4,0,8,12,20,0,0,1,Clear,0.63
2024-08-13 10:00:00,19.9,0,0,8,13,10,1,0,1,Clear,0.53
2024-08-13 11:00:00,21.7,0,0,8,13,11,1,0,1,Clear,0.6
2024-08-13 12:00:00,23.2,26,1,8,13,12,1,0,0,Mostly Clear,0.62
2024-08-13 13:00:00,24.1,22,1,8,13,13,1,0,0,Mostly Clear,0.66
2024-08-13 14:00:00,25.0,40,1,8,13,14,1,0,0,Mostly Clear,0.64
2024-08-13 15:00:00,25.8,51,2,8,13,15,1,0,0,Partly Cloudy,0.6
2024-08-13 16:00:00,25.6,100,3,8,13,16,1,0,0,Overcast,0.46
2024-08-13 17:00:00,25.3,79,2,8,13,17,1,0,0,Partly Cloudy,0.63
2024-08-13 18:00:00,24.7,38,1,8,13,18,1,0,0,Mostly Clear,0.7
2024-08-13 19:00:00,23.7,26,1,8,13,19,1,0,0,Mostly Clear,0.63
2024-08-13 20:00:00,22.0,24,1,8,13,20,1,0,0,Mostly Clear,0.61
2024-08-14 10:00:00,20.9,0,0,8,14,10,2,0,1,Clear,0.51
2024-08-14 11:00:00,23.1,14,0,8,14,11,2,0,1,Clear,0.66
2024-08-14 12:00:00,24.4,11,0,8,14,12,2,0,1,Clear,0.68
2024-08-14 13:00:00,25.4,9,0,8,14,13,2,0,1,Clear,0.72
2024-08-14 14:00:00,26.2,4,0,8,14,14,2,0,1,Clear,0.71
2024-08-14 15:00:00,26.8,2,0,8,14,15,2,0,1,Clear,0.75
2024-08-14 16:00:00,26.9,1,0,8,14,16,2,0,1,Clear,0.76
2024-08-14 17:00:00,26.8,0,0,8,14,17,2,0,1,Clear,0.78
2024-08-14 18:00:00,26.5,0,0,8,14,18,2,0,1,Clear,0.78
2024-08-14 19:00:00,25.7,1,0,8,14,19,2,0,1,Clear,0.69
2024-08-14 20:00:00,22.8,1,0,8,14,20,2,0,1,Clear,0.71
2024-08-15 10:00:00,22.1,79,2,8,15,10,3,0,0,Partly Cloudy,0.47
2024-08-15 11:00:00,24.5,100,3,8,15,11,3,0,0,Overcast,0.39
2024-08-15 12:00:00,26.1,96,3,8,15,12,3,0,0,Overcast,0.43
2024-08-15 13:00:00,27.1,100,3,8,15,13,3,0,0,Overcast,0.45
2024-08-15 14:00:00,27.8,100,3,8,15,14,3,0,0,Overcast,0.46
2024-08-15 15:00:00,28.2,100,3,8,15,15,3,0,0,Overcast,0.48
2024-08-15 16:00:00,28.5,100,3,8,15,16,3,0,0,Overcast,0.52
2024-08-15 17:00:00,28.3,99,3,8,15,17,3,0,0,Overcast,0.48
2024-08-15 18:00:00,27.8,100,3,8,15,18,3,0,0,Overcast,0.49
2024-08-15 19:00:00,26.3,100,3,8,15,19,3,0,0,Overcast,0.43
2024-08-15 20:00:00,24.1,100,3,8,15,20,3,0,0,Overcast,0.43
2024-08-16 10:00:00,21.7,100,3,8,16,10,4,0,0,Overcast,0.35
2024-08-16 11:00:00,24.4,100,3,8,16,11,4,0,0,Overcast,0.39
2024-08-16 12:00:00,25.6,100,3,8,16,12,4,0,0,Overcast,0.39
2024-08-16 13:00:00,27.9,100,3,8,16,13,4,0,0,Overcast,0.46
2024-08-16 14:00:00,27.8,100,3,8,16,14,4,0,0,Overcast,0.44
2024-08-16 15:00:00,27.3,100,3,8,16,15,4,0,0,Overcast,0.45
2024-08-16 16:00:00,26.6,100,3,8,16,16,4,0,0,Overcast,0.46
2024-08-16 17:00:00,25.6,100,51,8,16,17,4,0,0,Drizzle,0.27
2024-08-16 18:00:00,25.4,87,51,8,16,18,4,0,0,Drizzle,0.27
2024-08-16 19:00:00,24.6,47,1,8,16,19,4,0,0,Mostly Clear,0.61
2024-08-16 20:00:00,23.9,41,1,8,16,20,4,0,0,Mostly Clear,0.64
2024-08-17 10:00:00,23.8,95,51,8,17,10,5,1,0,Drizzle,0.28
2024-08-17 11:00:00,25.4,100,3,8,17,11,5,1,0,Overcast,0.46
2024-08-17 12:00:00,26.7,100,3,8,17,12,5,1,0,Overcast,0.47
2024-08-17 13:00:00,27.4,100,3,8,17,13,5,1,0,Overcast,0.52
2024-08-17 14:00:00,27.4,94,51,8,17,14,5,1,0,Drizzle,0.3
2024-08-17 15:00:00,25.6,100,53,8,17,15,5,1,0,Drizzle,0.34
2024-08-17 16:00:00,22.8,61,53,8,17,16,5,1,0,Drizzle,0.34
2024-08-17 17:00:00,24.7,81,51,8,17,17,5,1,0,Drizzle,0.35
2024-08-17 18:00:00,25.8,100,3,8,17,18,5,1,0,Overcast,0.55
2024-08-17 19:00:00,25.7,57,2,8,17,19,5,1,0,Partly Cloudy,0.67
2024-08-17 20:00:00,24.1,10,0,8,17,20,5,1,1,Clear,0.82
2024-08-18 10:00:00,21.5,74,51,8,18,10,6,1,0,Drizzle,0.24
2024-08-18 11:00:00,22.7,100,3,8,18,11,6,1,0,Overcast,0.46
2024-08-18 12:00:00,23.8,100,51,8,18,12,6,1,0,Drizzle,0.31
2024-08-18 13:00:00,24.7,100,51,8,18,13,6,1,0,Drizzle,0.31
2024-08-18 14:00:00,24.7,100,3,8,18,14,6,1,0,Overcast,0.54
2024-08-18 15:00:00,25.3,100,3,8,18,15,6,1,0,Overcast,0.54
2024-08-18 16:00:00,25.3,17,0,8,18,16,6,1,1,Clear,0.88
2024-08-18 17:00:00,25.9,74,2,8,18,17,6,1,0,Partly Cloudy,0.74
2024-08-18 18:00:00,24.7,78,53,8,18,18,6,1,0,Drizzle,0.34
2024-08-18 19:00:00,22.8,39,51,8,18,19,6,1,0,Drizzle,0.32
2024-08-18 20:00:00,21.9,67,2,8,18,20,6,1,0,Partly Cloudy,0.63
2024-08-19 10:00:00,20.2,100,51,8,19,10,0,0,0,Drizzle,0.22
2024-08-19 11:00:00,20.3,100,51,8,19,11,0,0,0,Drizzle,0.22
2024-08-19 12:00:00,21.4,100,51,8,19,12,0,0,0,Drizzle,0.21
2024-08-19 13:00:00,21.9,100,3,8,19,13,0,0,0,Overcast,0.41
2024-08-19 14:00:00,22.0,95,51,8,19,14,0,0,0,Drizzle,0.27
2024-08-19 15:00:00,22.4,53,51,8,19,15,0,0,0,Drizzle,0.28
2024-08-19 16:00:00,22.6,76,51,8,19,16,0,0,0,Drizzle,0.3
2024-08-19 17:00:00,21.2,100,3,8,19,17,0,0,0,Overcast,0.43
2024-08-19 18:00:00,20.3,100,3,8,19,18,0,0,0,Overcast,0.43
2024-08-19 19:00:00,19.4,99,3,8,19,19,0,0,0,Overcast,0.36
2024-08-19 20:00:00,18.5,100,3,8,19,20,0,0,0,Overcast,0.38
2024-08-20 10:00:00,16.0,100,3,8,20,10,1,0,0,Overcast,0.28
2024-08-20 11:00:00,16.9,43,1,8,20,11,1,0,0,Mostly Clear,0.49
2024-08-20 12:00:00,18.2,53,2,8,20,12,1,0,0,Partly Cloudy,0.5
2024-08-20 13:00:00,19.0,49,1,8,20,13,1,0,0,Mostly Clear,0.57
2024-08-20 14:00:00,19.8,55,2,8,20,14,1,0,0,Partly Cloudy,0.54
2024-08-20 15:00:00,20.4,66,2,8,20,15,1,0,0,Partly Cloudy,0.54
2024-08-20 16:00:00,20.5,36,1,8,20,16,1,0,0,Mostly Clear,0.61
2024-08-20 17:00:00,20.2,17,0,8,20,17,1,0,1,Clear,0.7
2024-08-20 18:00:00,19.1,46,1,8,20,18,1,0,0,Mostly Clear,0.64
2024-08-20 19:00:00,17.4,9,0,8,20,19,1,0,1,Clear,0.62
2024-08-20 20:00:00,16.2,26,1,8,20,20,1,0,0,Mostly Clear,0.53
2024-08-21 10:00:00,16.6,15,0,8,21,10,2,0,1,Clear,0.48
2024-08-21 11:00:00,18.4,58,2,8,21,11,2,0,0,Partly Cloudy,0.47
2024-08-21 12:00:00,18.8,95,3,8,21,12,2,0,0,Overcast,0.38
2024-08-21 13:00:00,19.0,81,3,8,21,13,2,0,0,Overcast,0.42
2024-08-21 14:00:00,19.9,45,1,8,21,14,2,0,0,Mostly Clear,0.6
2024-08-21 15:00:00,20.8,100,3,8,21,15,2,0,0,Overcast,0.44
2024-08-21 16:00:00,20.5,24,1,8,21,16,2,0,0,Mostly Clear,0.62
2024-08-21 17:00:00,20.4,31,1,8,21,17,2,0,0,Mostly Clear,0.61
2024-08-21 18:00:00,20.2,7,0,8,21,18,2,0,1,Clear,0.7
2024-08-21 19:00:00,18.8,6,0,8,21,19,2,0,1,Clear,0.64
2024-08-21 20:00:00,16.7,10,0,8,21,20,2,0,1,Clear,0.56
2024-08-22 10:00:00,16.7,0,0,8,22,10,3,0,1,Clear,0.44
2024-08-22 11:00:00,18.8,1,0,8,22,11,3,0,1,Clear,0.57
2024-08-22 12:00:00,20.1,24,1,8,22,12,3,0,0,Mostly Clear,0.56
2024-08-22 13:00:00,21.9,88,3,8,22,13,3,0,0,Overcast,0.38
2024-08-22 14:00:00,23.1,71,2,8,22,14,3,0,0,Partly Cloudy,0.58
2024-08-22 15:00:00,23.5,16,0,8,22,15,3,0,1,Clear,0.76
2024-08-22 16:00:00,23.9,13,0,8,22,16,3,0,1,Clear,0.78
2024-08-22 17:00:00,23.8,30,1,8,22,17,3,0,0,Mostly Clear,0.67
2024-08-22 18:00:00,23.5,43,1,8,22,18,3,0,0,Mostly Clear,0.69
2024-08-22 19:00:00,22.0,12,0,8,22,19,3,0,1,Clear,0.68
2024-08-22 20:00:00,19.2,12,0,8,22,20,3,0,1,Clear,0.6
2024-08-23 10:00:00,19.2,0,0,8,23,10,4,0,1,Clear,0.51
2024-08-23 11:00:00,21.6,6,0,8,23,11,4,0,1,Clear,0.58
2024-08-23 12:00:00,23.0,0,0,8,23,12,4,0,1,Clear,0.66
2024-08-23 13:00:00,23.8,8,0,8,23,13,4,0,1,Clear,0.71
2024-08-23 14:00:00,24.6,36,1,8,23,14,4,0,0,Mostly Clear,0.68
2024-08-23 15:00:00,25.1,18,0,8,23,15,4,0,1,Clear,0.77
2024-08-23 16:00:00,25.4,17,0,8,23,16,4,0,1,Clear,0.75
2024-08-23 17:00:00,25.5,18,0,8,23,17,4,0,1,Clear,0.77
2024-08-23 18:00:00,25.1,0,0,8,23,18,4,0,1,Clear,0.78
2024-08-23 19:00:00,23.7,21,1,8,23,19,4,0,0,Mostly Clear,0.62
2024-08-23 20:00:00,21.1,0,0,8,23,20,4,0,1,Clear,0.65
2024-08-24 10:00:00,20.3,10,0,8,24,10,5,1,1,Clear,0.67
2024-08-24 11:00:00,23.5,7,0,8,24,11,5,1,1,Clear,0.8
2024-08-24 12:00:00,25.9,0,0,8,24,12,5,1,1,Clear,0.79
2024-08-24 13:00:00,27.2,0,0,8,24,13,5,1,1,Clear,0.87
2024-08-24 14:00:00,28.0,0,0,8,24,14,5,1,1,Clear,0.89
2024-08-24 15:00:00,28.6,1,0,8,24,15,5,1,1,Clear,0.95
2024-08-24 16:00:00,29.0,18,0,8,24,16,5,1,1,Clear,0.96
2024-08-24 17:00:00,29.0,1,0,8,24,17,5,1,1,Clear,0.96
2024-08-24 18:00:00,28.8,1,0,8,24,18,5,1,1,Clear,0.97
2024-08-24 19:00:00,26.8,22,1,8,24,19,5,1,0,Mostly Clear,0.75
2024-08-24 20:00:00,23.5,30,1,8,24,20,5,1,0,Mostly Clear,0.75
2024-08-25 10:00:00,22.2,1,0,8,25,10,6,1,1,Clear,0.73
2024-08-25 11:00:00,25.4,3,0,8,25,11,6,1,1,Clear,0.75
2024-08-25 12:00:00,27.7,5,0,8,25,12,6,1,1,Clear,0.81
2024-08-25 13:00:00,28.8,3,0,8,25,13,6,1,1,Clear,0.89
2024-08-25 14:00:00,29.7,32,1,8,25,14,6,1,0,Mostly Clear,0.83
2024-08-25 15:00:00,29.7,95,51,8,25,15,6,1,0,Drizzle,0.37
2024-08-25 16:00:00,29.8,80,51,8,25,16,6,1,0,Drizzle,0.33
2024-08-25 17:00:00,29.7,47,1,8,25,17,6,1,0,Mostly Clear,0.87
2024-08-25 18:00:00,28.1,68,51,8,25,18,6,1,0,Drizzle,0.36
2024-08-25 19:00:00,27.0,64,2,8,25,19,6,1,0,Partly Cloudy,0.68
2024-08-25 20:00:00,24.4,31,1,8,25,20,6,1,0,Mostly Clear,0.73
2024-08-26 10:00:00,22.1,100,53,8,26,10,0,0,0,Drizzle,0.21
2024-08-26 11:00:00,22.3,76,51,8,26,11,0,0,0,Drizzle,0.23
2024-08-26 12:00:00,24.6,73,2,8,26,12,0,0,0,Partly Cloudy,0.53
2024-08-26 13:00:00,26.0,100,3,8,26,13,0,0,0,Overcast,0.45
2024-08-26 14:00:00,27.0,57,2,8,26,14,0,0,0,Partly Cloudy,0.58
2024-08-26 15:00:00,28.5,10,0,8,26,15,0,0,1,Clear,0.81
2024-08-26 16:00:00,29.4,29,1,8,26,16,0,0,0,Mostly Clear,0.74
2024-08-26 17:00:00,29.4,23,1,8,26,17,0,0,0,Mostly Clear,0.75
2024-08-26 18:00:00,28.7,34,51,8,26,18,0,0,0,Drizzle,0.3
2024-08-26 19:00:00,27.6,34,1,8,26,19,0,0,0,Mostly Clear,0.63
2024-08-26 20:00:00,27.4,23,1,8,26,20,0,0,0,Mostly Clear,0.61
2024-08-27 10:00:00,24.1,71,2,8,27,10,1,0,0,Partly Cloudy,0.48
2024-08-27 11:00:00,27.1,14,0,8,27,11,1,0,1,Clear,0.63
2024-08-27 12:00:00,29.4,30,1,8,27,12,1,0,0,Mostly Clear,0.67
2024-08-27 13:00:00,30.7,13,0,8,27,13,1,0,1,Clear,0.76
2024-08-27 14:00:00,31.8,8,0,8,27,14,1,0,1,Clear,0.79
2024-08-27 15:00:00,32.6,9,0,8,27,15,1,0,1,Clear,0.82
2024-08-27 16:00:00,33.5,13,0,8,27,16,1,0,1,Clear,0.83
2024-08-27 17:00:00,33.8,32,1,8,27,17,1,0,0,Mostly Clear,0.73
2024-08-27 18:00:00,32.1,88,51,8,27,18,1,0,0,Drizzle,0.31
2024-08-27 19:00:00,29.7,98,51,8,27,19,1,0,0,Drizzle,0.28
2024-08-27 20:00:00,27.7,95,3,8,27,20,1,0,0,Overcast,0.41
2024-08-28 10:00:00,25.4,0,0,8,28,10,2,0,1,Clear,0.6
2024-08-28 11:00:00,27.9,0,0,8,28,11,2,0,1,Clear,0.65
2024-08-28 12:00:00,29.5,3,0,8,28,12,2,0,1,Clear,0.73
2024-08-28 13:00:00,30.8,10,0,8,28,13,2,0,1,Clear,0.75
2024-08-28 14:00:00,31.8,9,0,8,28,14,2,0,1,Clear,0.79
2024-08-28 15:00:00,32.7,55,2,8,28,15,2,0,0,Partly Cloudy,0.67
2024-08-28 16:00:00,29.1,52,53,8,28,16,2,0,0,Drizzle,0.31
2024-08-28 17:00:00,30.3,26,1,8,28,17,2,0,0,Mostly Clear,0.74
2024-08-28 18:00:00,30.2,63,2,8,28,18,2,0,0,Partly Cloudy,0.66
2024-08-28 19:00:00,29.0,28,1,8,28,19,2,0,0,Mostly Clear,0.69
2024-08-28 20:00:00,26.5,34,1,8,28,20,2,0,0,Mostly Clear,0.62
2024-08-29 10:00:00,26.2,51,2,8,29,10,3,0,0,Partly Cloudy,0.48
2024-08-29 11:00:00,28.0,54,2,8,29,11,3,0,0,Partly Cloudy,0.54
2024-08-29 12:00:00,29.3,54,2,8,29,12,3,0,0,Partly Cloudy,0.57
2024-08-29 13:00:00,30.4,25,1,8,29,13,3,0,0,Mostly Clear,0.7
2024-08-29 14:00:00,31.2,51,2,8,29,14,3,0,0,Partly Cloudy,0.65
2024-08-29 15:00:00,31.5,67,2,8,29,15,3,0,0,Partly Cloudy,0.65
2024-08-29 16:00:00,29.5,97,3,8,29,16,3,0,0,Overcast,0.48
2024-08-29 17:00:00,25.0,94,63,8,29,17,3,0,0,Rain,0.17
2024-08-29 18:00:00,25.0,100,61,8,29,18,3,0,0,Rain,0.16
2024-08-29 19:00:00,23.9,84,53,8,29,19,3,0,0,Drizzle,0.25
2024-08-29 20:00:00,23.2,52,2,8,29,20,3,0,0,Partly Cloudy,0.54
2024-08-30 10:00:00,23.2,100,3,8,30,10,4,0,0,Overcast,0.38
2024-08-30 11:00:00,25.7,61,2,8,30,11,4,0,0,Partly Cloudy,0.53
2024-08-30 12:00:00,27.6,29,1,8,30,12,4,0,0,Mostly Clear,0.62
2024-08-30 13:00:00,29.4,5,0,8,30,13,4,0,1,Clear,0.78
2024-08-30 14:00:00,30.5,21,1,8,30,14,4,0,0,Mostly Clear,0.69
2024-08-30 15:00:00,31.1,15,0,8,30,15,4,0,1,Clear,0.83
2024-08-30 16:00:00,31.5,41,1,8,30,16,4,0,0,Mostly Clear,0.74
2024-08-30 17:00:00,31.5,44,1,8,30,17,4,0,0,Mostly Clear,0.75
2024-08-30 18:00:00,30.6,41,51,8,30,18,4,0,0,Drizzle,0.3
2024-08-30 19:00:00,29.3,29,1,8,30,19,4,0,0,Mostly Clear,0.65
2024-08-30 20:00:00,23.5,88,63,8,30,20,4,0,0,Rain,0.18
2024-08-31 10:00:00,25.2,93,3,8,31,10,5,1,0,Overcast,0.46
2024-08-31 11:00:00,25.1,87,3,8,31,11,5,1,0,Overcast,0.46
2024-08-31 12:00:00,27.8,33,1,8,31,12,5,1,0,Mostly Clear,0.7
2024-08-31 13:00:00,29.5,93,3,8,31,13,5,1,0,Overcast,0.54
2024-08-31 14:00:00,29.6,70,51,8,31,14,5,1,0,Drizzle,0.33
2024-08-31 15:00:00,28.8,100,51,8,31,15,5,1,0,Drizzle,0.33
2024-08-31 16:00:00,24.5,100,65,8,31,16,5,1,0,Rain,0.19
2024-08-31 17:00:00,23.0,100,53,8,31,17,5,1,0,Drizzle,0.32
2024-08-31 18:00:00,23.7,94,51,8,31,18,5,1,0,Drizzle,0.33
2024-08-31 19:00:00,23.5,100,3,8,31,19,5,1,0,Overcast,0.51
2024-08-31 20:00:00,22.6,100,61,8,31,20,5,1,0,Rain,0.17
2024-09-01 11:00:00,24.3,12,0,9,1,11,6,1,1,Clear,0.53
2024-09-01 12:00:00,25.6,0,0,9,1,12,6,1,1,Clear,0.58
2024-09-01 13:00:00,26.9,0,0,9,1,13,6,1,1,Clear,0.68
2024-09-01 14:00:00,28.1,0,0,9,1,14,6,1,1,Clear,0.69
2024-09-01 15:00:00,29.1,0,0,9,1,15,6,1,1,Clear,0.72
2024-09-01 16:00:00,29.2,0,0,9,1,16,6,1,1,Clear,0.75
2024-09-01 17:00:00,29.0,2,0,9,1,17,6,1,1,Clear,0.74
2024-09-01 18:00:00,28.7,67,2,9,1,18,6,1,0,Partly Cloudy,0.62
2024-09-02 11:00:00,18.9,0,0,9,2,11,0,0,1,Clear,0.3
2024-09-02 12:00:00,20.0,15,0,9,2,12,0,0,1,Clear,0.37
2024-09-02 13:00:00,21.3,1,0,9,2,13,0,0,1,Clear,0.44
2024-09-02 14:00:00,22.2,24,1,9,2,14,0,0,0,Mostly Clear,0.46
2024-09-02 15:00:00,22.5,8,0,9,2,15,0,0,1,Clear,0.57
2024-09-02 16:00:00,22.4,1,0,9,2,16,0,0,1,Clear,0.57
2024-09-02 17:00:00,21.8,6,0,9,2,17,0,0,1,Clear,0.48
2024-09-02 18:00:00,20.9,13,0,9,2,18,0,0,1,Clear,0.48
2024-09-03 11:00:00,17.9,0,0,9,3,11,1,0,1,Clear,0.34
2024-09-03 12:00:00,19.3,0,0,9,3,12,1,0,1,Clear,0.39
2024-09-03 13:00:00,20.4,0,0,9,3,13,1,0,1,Clear,0.47
2024-09-03 14:00:00,21.4,0,0,9,3,14,1,0,1,Clear,0.44
2024-09-03 15:00:00,22.1,0,0,9,3,15,1,0,1,Clear,0.57
2024-09-03 16:00:00,22.4,3,0,9,3,16,1,0,1,Clear,0.55
2024-09-03 17:00:00,22.4,4,0,9,3,17,1,0,1,Clear,0.55
2024-09-03 18:00:00,21.9,15,0,9,3,18,1,0,1,Clear,0.51
2024-09-04 11:00:00,19.9,0,0,9,4,11,2,0,1,Clear,0.33
2024-09-04 12:00:00,21.8,0,0,9,4,12,2,0,1,Clear,0.39
2024-09-04 13:00:00,23.3,0,0,9,4,13,2,0,1,Clear,0.54
2024-09-04 14:00:00,24.3,0,0,9,4,14,2,0,1,Clear,0.52
2024-09-04 15:00:00,25.0,0,0,9,4,15,2,0,1,Clear,0.58
2024-09-04 16:00:00,25.3,0,0,9,4,16,2,0,1,Clear,0.56
2024-09-04 17:00:00,25.0,0,0,9,4,17,2,0,1,Clear,0.56
2024-09-04 18:00:00,24.2,0,0,9,4,18,2,0,1,Clear,0.55
2024-09-05 11:00:00,20.9,0,0,9,5,11,3,0,1,Clear,0.32
2024-09-05 12:00:00,22.9,0,0,9,5,12,3,0,1,Clear,0.43
2024-09-05 13:00:00,24.2,0,0,9,5,13,3,0,1,Clear,0.53
2024-09-05 14:00:00,25.3,0,0,9,5,14,3,0,1,Clear,0.54
2024-09-05 15:00:00,25.9,0,0,9,5,15,3,0,1,Clear,0.56
2024-09-05 16:00:00,26.4,0,0,9,5,16,3,0,1,Clear,0.55
2024-09-05 17:00:00,26.3,0,0,9,5,17,3,0,1,Clear,0.58
2024-09-05 18:00:00,25.7,0,0,9,5,18,3,0,1,Clear,0.57
2024-09-06 11:00:00,23.4,22,1,9,6,11,4,0,0,Mostly Clear,0.34
2024-09-06 12:00:00,26.1,11,0,9,6,12,4,0,1,Clear,0.44
2024-09-06 13:00:00,28.3,33,1,9,6,13,4,0,0,Mostly Clear,0.54
2024-09-06 14:00:00,28.9,29,1,9,6,14,4,0,0,Mostly Clear,0.5
2024-09-06 15:00:00,29.6,71,2,9,6,15,4,0,0,Partly Cloudy,0.5
2024-09-06 16:00:00,29.4,76,2,9,6,16,4,0,0,Partly Cloudy,0.49
2024-09-06 17:00:00,28.0,51,51,9,6,17,4,0,0,Drizzle,0.25
2024-09-06 18:00:00,27.0,100,3,9,6,18,4,0,0,Overcast,0.34
2024-09-07 11:00:00,16.4,19,0,9,7,11,5,1,1,Clear,0.38
2024-09-07 12:00:00,17.4,27,51,9,7,12,5,1,0,Drizzle,0.19
2024-09-07 13:00:00,18.2,28,51,9,7,13,5,1,0,Drizzle,0.24
2024-09-07 14:00:00,19.1,15,51,9,7,14,5,1,0,Drizzle,0.21
2024-09-07 15:00:00,19.0,21,1,9,7,15,5,1,0,Mostly Clear,0.56
2024-09-07 16:00:00,18.5,27,51,9,7,16,5,1,0,Drizzle,0.26
2024-09-07 17:00:00,17.9,34,1,9,7,17,5,1,0,Mostly Clear,0.58
2024-09-07 18:00:00,16.8,69,2,9,7,18,5,1,0,Partly Cloudy,0.45
2024-09-08 11:00:00,15.6,16,0,9,8,11,6,1,1,Clear,0.4
2024-09-08 12:00:00,17.1,18,0,9,8,12,6,1,1,Clear,0.5
2024-09-08 13:00:00,18.4,29,1,9,8,13,6,1,0,Mostly Clear,0.52
2024-09-08 14:00:00,19.2,2,0,9,8,14,6,1,1,Clear,0.58
2024-09-08 15:00:00,19.6,0,0,9,8,15,6,1,1,Clear,0.62
2024-09-08 16:00:00,19.8,0,0,9,8,16,6,1,1,Clear,0.63
2024-09-08 17:00:00,19.7,0,0,9,8,17,6,1,1,Clear,0.6
2024-09-08 18:00:00,19.1,0,0,9,8,18,6,1,1,Clear,0.62
2024-09-09 11:00:00,19.0,18,0,9,9,11,0,0,1,Clear,0.33
2024-09-09 12:00:00,20.4,20,1,9,9,12,0,0,0,Mostly Clear,0.36
2024-09-09 13:00:00,21.4,9,0,9,9,13,0,0,1,Clear,0.47
2024-09-09 14:00:00,22.5,0,0,9,9,14,0,0,1,Clear,0.51
2024-09-09 15:00:00,23.3,18,0,9,9,15,0,0,1,Clear,0.58
2024-09-09 16:00:00,23.5,56,2,9,9,16,0,0,0,Partly Cloudy,0.45
2024-09-09 17:00:00,23.2,25,1,9,9,17,0,0,0,Mostly Clear,0.5
2024-09-09 18:00:00,22.8,10,0,9,9,18,0,0,1,Clear,0.56
2024-09-10 11:00:00,21.2,0,0,9,10,11,1,0,1,Clear,0.34
2024-09-10 12:00:00,23.3,16,0,9,10,12,1,0,1,Clear,0.45
2024-09-10 13:00:00,25.0,53,2,9,10,13,1,0,0,Partly Cloudy,0.45
2024-09-10 14:00:00,25.9,47,1,9,10,14,1,0,0,Mostly Clear,0.49
2024-09-10 15:00:00,26.6,46,1,9,10,15,1,0,0,Mostly Clear,0.51
2024-09-10 16:00:00,26.9,81,3,9,10,16,1,0,0,Overcast,0.33
2024-09-10 17:00:00,26.8,76,2,9,10,17,1,0,0,Partly Cloudy,0.48
2024-09-10 18:00:00,26.0,70,2,9,10,18,1,0,0,Partly Cloudy,0.46
2024-09-11 11:00:00,23.6,0,0,9,11,11,2,0,1,Clear,0.4
2024-09-11 12:00:00,25.6,0,0,9,11,12,2,0,1,Clear,0.42
2024-09-11 13:00:00,26.5,74,2,9,11,13,2,0,0,Partly Cloudy,0.4
2024-09-11 14:00:00,27.2,16,0,9,11,14,2,0,1,Clear,0.53
2024-09-11 15:00:00,27.7,0,0,9,11,15,2,0,1,Clear,0.55
2024-09-11 16:00:00,27.9,0,0,9,11,16,2,0,1,Clear,0.55
2024-09-11 17:00:00,27.9,0,0,9,11,17,2,0,1,Clear,0.57
2024-09-11 18:00:00,27.2,0,0,9,11,18,2,0,1,Clear,0.56
2024-09-12 11:00:00,23.4,0,0,9,12,11,3,0,1,Clear,0.37
2024-09-12 12:00:00,25.1,0,0,9,12,12,3,0,1,Clear,0.42
2024-09-12 13:00:00,26.4,0,0,9,12,13,3,0,1,Clear,0.53
2024-09-12 14:00:00,27.3,0,0,9,12,14,3,0,1,Clear,0.53
2024-09-12 15:00:00,27.8,0,0,9,12,15,3,0,1,Clear,0.57
2024-09-12 16:00:00,28.1,0,0,9,12,16,3,0,1,Clear,0.61
2024-09-12 17:00:00,27.7,0,0,9,12,17,3,0,1,Clear,0.59
2024-09-12 18:00:00,26.7,90,3,9,12,18,3,0,0,Overcast,0.34
2024-09-13 11:00:00,22.9,76,2,9,13,11,4,0,0,Partly Cloudy,0.34
2024-09-13 12:00:00,24.6,72,2,9,13,12,4,0,0,Partly Cloudy,0.37
2024-09-13 13:00:00,25.7,45,1,9,13,13,4,0,0,Mostly Clear,0.49
2024-09-13 14:00:00,26.7,66,2,9,13,14,4,0,0,Partly Cloudy,0.45
2024-09-13 15:00:00,27.4,69,2,9,13,15,4,0,0,Partly Cloudy,0.46
2024-09-13 16:00:00,27.6,8,0,9,13,16,4,0,1,Clear,0.56
2024-09-13 17:00:00,27.2,3,0,9,13,17,4,0,1,Clear,0.57
2024-09-13 18:00:00,26.4,0,0,9,13,18,4,0,1,Clear,0.55
2024-09-14 11:00:00,23.9,0,0,9,14,11,5,1,1,Clear,0.52
2024-09-14 12:00:00,25.4,0,0,9,14,12,5,1,1,Clear,0.55
2024-09-14 13:00:00,26.4,6,0,9,14,13,5,1,1,Clear,0.63
2024-09-14 14:00:00,27.1,0,0,9,14,14,5,1,1,Clear,0.67
2024-09-14 15:00:00,27.9,0,0,9,14,15,5,1,1,Clear,0.71
2024-09-14 16:00:00,28.4,0,0,9,14,16,5,1,1,Clear,0.74
2024-09-14 17:00:00,28.2,0,0,9,14,17,5,1,1,Clear,0.72
2024-09-14 18:00:00,27.4,0,0,9,14,18,5,1,1,Clear,0.68
2024-09-15 11:00:00,23.6,0,0,9,15,11,6,1,1,Clear,0.55
2024-09-15 12:00:00,25.3,0,0,9,15,12,6,1,1,Clear,0.57
2024-09-15 13:00:00,26.4,0,0,9,15,13,6,1,1,Clear,0.64
2024-09-15 14:00:00,27.5,0,0,9,15,14,6,1,1,Clear,0.63
2024-09-15 15:00:00,28.1,0,0,9,15,15,6,1,1,Clear,0.73
2024-09-15 16:00:00,28.1,0,0,9,15,16,6,1,1,Clear,0.74
2024-09-15 17:00:00,27.6,0,0,9,15,17,6,1,1,Clear,0.71
2024-09-15 18:00:00,26.7,0,0,9,15,18,6,1,1,Clear,0.71
2024-09-16 11:00:00,21.5,100,3,9,16,11,0,0,0,Overcast,0.2
2024-09-16 12:00:00,23.2,100,3,9,16,12,0,0,0,Overcast,0.26
2024-09-16 13:00:00,24.2,100,3,9,16,13,0,0,0,Overcast,0.32
2024-09-16 14:00:00,25.2,100,3,9,16,14,0,0,0,Overcast,0.35
2024-09-16 15:00:00,25.3,100,3,9,16,15,0,0,0,Overcast,0.33
2024-09-16 16:00:00,25.3,100,3,9,16,16,0,0,0,Overcast,0.34
2024-09-16 17:00:00,24.7,100,3,9,16,17,0,0,0,Overcast,0.35
2024-09-16 18:00:00,23.8,100,3,9,16,18,0,0,0,Overcast,0.36
2024-09-17 11:00:00,22.9,100,3,9,17,11,1,0,0,Overcast,0.23
2024-09-17 12:00:00,24.2,100,3,9,17,12,1,0,0,Overcast,0.25
2024-09-17 13:00:00,24.1,100,3,9,17,13,1,0,0,Overcast,0.32
2024-09-17 14:00:00,24.9,100,3,9,17,14,1,0,0,Overcast,0.3
2024-09-17 15:00:00,25.8,100,3,9,17,15,1,0,0,Overcast,0.33
2024-09-17 16:00:00,26.6,100,3,9,17,16,1,0,0,Overcast,0.36
2024-09-17 17:00:00,26.4,100,3,9,17,17,1,0,0,Overcast,0.37
2024-09-17 18:00:00,25.6,100,3,9,17,18,1,0,0,Overcast,0.34
2024-09-18 11:00:00,22.3,33,1,9,18,11,2,0,0,Mostly Clear,0.36
2024-09-18 12:00:00,24.3,61,2,9,18,12,2,0,0,Partly Cloudy,0.35
2024-09-18 13:00:00,24.6,57,51,9,18,13,2,0,0,Drizzle,0.22
2024-09-18 14:00:00,25.6,24,51,9,18,14,2,0,0,Drizzle,0.21
2024-09-18 15:00:00,23.6,96,53,9,18,15,2,0,0,Drizzle,0.2
2024-09-18 16:00:00,22.2,95,51,9,18,16,2,0,0,Drizzle,0.23
2024-09-18 17:00:00,21.6,100,53,9,18,17,2,0,0,Drizzle,0.18
2024-09-18 18:00:00,21.4,54,51,9,18,18,2,0,0,Drizzle,0.18
2024-09-19 11:00:00,23.5,75,2,9,19,11,3,0,0,Partly Cloudy,0.32
2024-09-19 12:00:00,24.6,89,3,9,19,12,3,0,0,Overcast,0.3
2024-09-19 13:00:00,25.5,70,51,9,19,13,3,0,0,Drizzle,0.18
2024-09-19 14:00:00,26.3,27,1,9,19,14,3,0,0,Mostly Clear,0.49
2024-09-19 15:00:00,26.9,23,1,9,19,15,3,0,0,Mostly Clear,0.52
2024-09-19 16:00:00,27.1,19,0,9,19,16,3,0,1,Clear,0.57
2024-09-19 17:00:00,26.9,10,0,9,19,17,3,0,1,Clear,0.58
2024-09-19 18:00:00,26.3,9,0,9,19,18,3,0,1,Clear,0.54
2024-09-20 11:00:00,24.3,0,0,9,20,11,4,0,1,Clear,0.38
2024-09-20 12:00:00,25.8,9,0,9,20,12,4,0,1,Clear,0.47
2024-09-20 13:00:00,26.8,55,2,9,20,13,4,0,0,Partly Cloudy,0.43
2024-09-20 14:00:00,27.7,100,3,9,20,14,4,0,0,Overcast,0.32
2024-09-20 15:00:00,28.4,99,3,9,20,15,4,0,0,Overcast,0.36
2024-09-20 16:00:00,28.2,100,3,9,20,16,4,0,0,Overcast,0.39
2024-09-20 17:00:00,27.8,91,3,9,20,17,4,0,0,Overcast,0.36
2024-09-20 18:00:00,27.4,86,3,9,20,18,4,0,0,Overcast,0.33
2024-09-21 11:00:00,22.2,50,63,9,21,11,5,1,0,Rain,0.13
2024-09-21 12:00:00,22.6,33,53,9,21,12,5,1,0,Drizzle,0.23
2024-09-21 13:00:00,23.6,57,55,9,21,13,5,1,0,Drizzle,0.23
2024-09-21 14:00:00,24.8,29,51,9,21,14,5,1,0,Drizzle,0.24
2024-09-21 15:00:00,25.0,17,51,9,21,15,5,1,0,Drizzle,0.27
2024-09-21 16:00:00,26.5,15,0,9,21,16,5,1,1,Clear,0.7
2024-09-21 17:00:00,27.3,18,0,9,21,17,5,1,1,Clear,0.67
2024-09-21 18:00:00,26.6,24,51,9,21,18,5,1,0,Drizzle,0.27
2024-09-22 11:00:00,21.5,100,3,9,22,11,6,1,0,Overcast,0.26
2024-09-22 12:00:00,24.1,100,3,9,22,12,6,1,0,Overcast,0.34
2024-09-22 13:00:00,25.5,100,3,9,22,13,6,1,0,Overcast,0.41
2024-09-22 14:00:00,26.1,100,3,9,22,14,6,1,0,Overcast,0.42
2024-09-22 15:00:00,26.7,100,3,9,22,15,6,1,0,Overcast,0.42
2024-09-22 16:00:00,27.2,100,3,9,22,16,6,1,0,Overcast,0.44
2024-09-22 17:00:00,26.7,94,3,9,22,17,6,1,0,Overcast,0.42
2024-09-22 18:00:00,26.2,100,3,9,22,18,6,1,0,Overcast,0.44
2024-09-23 11:00:00,20.6,100,53,9,23,11,0,0,0,Drizzle,0.13
2024-09-23 12:00:00,21.7,100,3,9,23,12,0,0,0,Overcast,0.21
2024-09-23 13:00:00,23.3,100,51,9,23,13,0,0,0,Drizzle,0.18
2024-09-23 14:00:00,24.6,100,51,9,23,14,0,0,0,Drizzle,0.2
2024-09-23 15:00:00,25.4,99,51,9,23,15,0,0,0,Drizzle,0.21
2024-09-23 16:00:00,26.3,68,2,9,23,16,0,0,0,Partly Cloudy,0.48
2024-09-23 17:00:00,26.3,100,3,9,23,17,0,0,0,Overcast,0.33
2024-09-23 18:00:00,25.2,98,3,9,23,18,0,0,0,Overcast,0.36
2024-09-24 11:00:00,20.4,100,63,9,24,11,1,0,0,Rain,0.07
2024-09-24 12:00:00,22.0,100,53,9,24,12,1,0,0,Drizzle,0.19
2024-09-24 13:00:00,22.3,100,53,9,24,13,1,0,0,Drizzle,0.19
2024-09-24 14:00:00,23.1,46,51,9,24,14,1,0,0,Drizzle,0.2
2024-09-24 15:00:00,22.0,100,63,9,24,15,1,0,0,Rain,0.14
2024-09-24 16:00:00,20.8,100,63,9,24,16,1,0,0,Rain,0.11
2024-09-24 17:00:00,20.5,100,61,9,24,17,1,0,0,Rain,0.13
2024-09-24 18:00:00,20.5,100,53,9,24,18,1,0,0,Drizzle,0.17
2024-09-25 11:00:00,18.4,100,63,9,25,11,2,0,0,Rain,0.07
2024-09-25 12:00:00,19.8,100,51,9,25,12,2,0,0,Drizzle,0.13
2024-09-25 13:00:00,21.4,100,51,9,25,13,2,0,0,Drizzle,0.19
2024-09-25 14:00:00,23.5,100,51,9,25,14,2,0,0,Drizzle,0.22
2024-09-25 15:00:00,24.5,97,51,9,25,15,2,0,0,Drizzle,0.19
2024-09-25 16:00:00,24.9,100,3,9,25,16,2,0,0,Overcast,0.33
2024-09-25 17:00:00,22.1,100,63,9,25,17,2,0,0,Rain,0.13
2024-09-25 18:00:00,21.0,100,63,9,25,18,2,0,0,Rain,0.13
2024-09-26 11:00:00,20.5,100,51,9,26,11,3,0,0,Drizzle,0.11
2024-09-26 12:00:00,21.5,100,3,9,26,12,3,0,0,Overcast,0.26
2024-09-26 13:00:00,22.1,100,3,9,26,13,3,0,0,Overcast,0.34
2024-09-26 14:00:00,22.9,100,3,9,26,14,3,0,0,Overcast,0.3
2024-09-26 15:00:00,23.4,100,3,9,26,15,3,0,0,Overcast,0.34
2024-09-26 16:00:00,23.4,100,3,9,26,16,3,0,0,Overcast,0.36
2024-09-26 17:00:00,23.5,100,3,9,26,17,3,0,0,Overcast,0.33
2024-09-26 18:00:00,23.1,100,3,9,26,18,3,0,0,Overcast,0.33
2024-09-27 11:00:00,22.4,100,51,9,27,11,4,0,0,Drizzle,0.16
2024-09-27 12:00:00,23.2,100,51,9,27,12,4,0,0,Drizzle,0.17
2024-09-27 13:00:00,21.4,100,61,9,27,13,4,0,0,Rain,0.11
2024-09-27 14:00:00,20.8,100,53,9,27,14,4,0,0,Drizzle,0.2
2024-09-27 15:00:00,21.3,100,53,9,27,15,4,0,0,Drizzle,0.19
2024-09-27 16:00:00,21.2,100,55,9,27,16,4,0,0,Drizzle,0.19
2024-09-27 17:00:00,21.1,100,51,9,27,17,4,0,0,Drizzle,0.21
2024-09-27 18:00:00,21.0,100,51,9,27,18,4,0,0,Drizzle,0.2
2024-09-28 11:00:00,22.9,100,53,9,28,11,5,1,0,Drizzle,0.18
2024-09-28 12:00:00,22.4,100,3,9,28,12,5,1,0,Overcast,0.36
2024-09-28 13:00:00,22.3,100,51,9,28,13,5,1,0,Drizzle,0.22
2024-09-28 14:00:00,22.3,100,51,9,28,14,5,1,0,Drizzle,0.25
2024-09-28 15:00:00,22.8,100,3,9,28,15,5,1,0,Overcast,0.41
2024-09-28 16:00:00,22.6,100,3,9,28,16,5,1,0,Overcast,0.44
2024-09-28 17:00:00,22.2,100,3,9,28,17,5,1,0,Overcast,0.42
2024-09-28 18:00:00,21.7,100,3,9,28,18,5,1,0,Overcast,0.4
2024-09-29 11:00:00,19.8,100,53,9,29,11,6,1,0,Drizzle,0.18
2024-09-29 12:00:00,19.8,100,53,9,29,12,6,1,0,Drizzle,0.21
2024-09-29 13:00:00,20.2,100,51,9,29,13,6,1,0,Drizzle,0.2
2024-09-29 14:00:00,20.5,100,51,9,29,14,6,1,0,Drizzle,0.2
2024-09-29 15:00:00,20.6,100,51,9,29,15,6,1,0,Drizzle,0.23
2024-09-29 16:00:00,19.9,100,51,9,29,16,6,1,0,Drizzle,0.24
2024-09-29 17:00:00,19.3,100,51,9,29,17,6,1,0,Drizzle,0.25
2024-09-29 18:00:00,19.2,100,51,9,29,18,6,1,0,Drizzle,0.23
2024-09-30 11:00:00,18.4,100,51,9,30,11,0,0,0,Drizzle,0.14
2024-09-30 12:00:00,18.8,100,51,9,30,12,0,0,0,Drizzle,0.16
2024-09-30 13:00:00,19.3,100,51,9,30,13,0,0,0,Drizzle,0.17
2024-09-30 14:00:00,19.0,100,53,9,30,14,0,0,0,Drizzle,0.18
2024-09-30 15:00:00,18.6,100,53,9,30,15,0,0,0,Drizzle,0.18
2024-09-30 16:00:00,18.4,100,53,9,30,16,0,0,0,Drizzle,0.2
2024-09-30 17:00:00,18.8,100,51,9,30,17,0,0,0,Drizzle,0.19
2024-09-30 18:00:00,18.5,100,51,9,30,18,0,0,0,Drizzle,0.2
2024-10-01 11:00:00,17.7,100,51,10,1,11,1,0,0,Drizzle,0.08
2024-10-01 12:00:00,18.2,100,3,10,1,12,1,0,0,Overcast,0.13
2024-10-01 13:00:00,19.3,100,51,10,1,13,1,0,0,Drizzle,0.14
2024-10-01 14:00:00,20.0,100,51,10,1,14,1,0,0,Drizzle,0.13
2024-10-01 15:00:00,20.3,99,51,10,1,15,1,0,0,Drizzle,0.16
2024-10-01 16:00:00,20.4,85,51,10,1,16,1,0,0,Drizzle,0.12
2024-10-01 17:00:00,20.2,98,3,10,1,17,1,0,0,Overcast,0.23
2024-10-01 18:00:00,19.7,66,2,10,1,18,1,0,0,Partly Cloudy,0.3
2024-10-02 11:00:00,15.8,100,3,10,2,11,2,0,0,Overcast,0.06
2024-10-02 12:00:00,17.3,93,51,10,2,12,2,0,0,Drizzle,0.12
2024-10-02 13:00:00,18.5,17,0,10,2,13,2,0,1,Clear,0.32
2024-10-02 14:00:00,19.7,18,0,10,2,14,2,0,1,Clear,0.31
2024-10-02 15:00:00,20.1,0,0,10,2,15,2,0,1,Clear,0.34
2024-10-02 16:00:00,20.0,0,0,10,2,16,2,0,1,Clear,0.34
2024-10-02 17:00:00,19.5,1,0,10,2,17,2,0,1,Clear,0.36
2024-10-02 18:00:00,18.3,0,0,10,2,18,2,0,1,Clear,0.35
2024-10-03 11:00:00,17.7,42,1,10,3,11,3,0,0,Mostly Clear,0.15
2024-10-03 12:00:00,19.6,45,1,10,3,12,3,0,0,Mostly Clear,0.19
2024-10-03 13:00:00,20.7,53,2,10,3,13,3,0,0,Partly Cloudy,0.24
2024-10-03 14:00:00,21.5,56,2,10,3,14,3,0,0,Partly Cloudy,0.23
2024-10-03 15:00:00,22.1,72,2,10,3,15,3,0,0,Partly Cloudy,0.32
2024-10-03 16:00:00,22.4,11,0,10,3,16,3,0,1,Clear,0.42
2024-10-03 17:00:00,22.2,0,0,10,3,17,3,0,1,Clear,0.42
2024-10-03 18:00:00,21.5,0,0,10,3,18,3,0,1,Clear,0.32
2024-10-04 11:00:00,19.0,0,0,10,4,11,4,0,1,Clear,0.16
2024-10-04 12:00:00,21.3,1,0,10,4,12,4,0,1,Clear,0.24
2024-10-04 13:00:00,22.8,0,0,10,4,13,4,0,1,Clear,0.36
2024-10-04 14:00:00,23.5,0,0,10,4,14,4,0,1,Clear,0.38
2024-10-04 15:00:00,24.0,0,0,10,4,15,4,0,1,Clear,0.44
2024-10-04 16:00:00,24.2,0,0,10,4,16,4,0,1,Clear,0.4
2024-10-04 17:00:00,23.9,0,0,10,4,17,4,0,1,Clear,0.4
2024-10-04 18:00:00,22.4,80,3,10,4,18,4,0,0,Overcast,0.27
2024-10-05 11:00:00,17.3,0,0,10,5,11,5,1,1,Clear,0.32
2024-10-05 12:00:00,18.8,0,0,10,5,12,5,1,1,Clear,0.34
2024-10-05 13:00:00,19.9,0,0,10,5,13,5,1,1,Clear,0.44
2024-10-05 14:00:00,20.6,0,0,10,5,14,5,1,1,Clear,0.44
2024-10-05 15:00:00,21.0,1,0,10,5,15,5,1,1,Clear,0.46
2024-10-05 16:00:00,21.2,3,0,10,5,16,5,1,1,Clear,0.48
2024-10-05 17:00:00,21.0,1,0,10,5,17,5,1,1,Clear,0.46
2024-10-05 18:00:00,20.1,0,0,10,5,18,5,1,1,Clear,0.47
2024-10-06 11:00:00,19.6,0,0,10,6,11,6,1,1,Clear,0.32
2024-10-06 12:00:00,22.2,0,0,10,6,12,6,1,1,Clear,0.41
2024-10-06 13:00:00,24.2,0,0,10,6,13,6,1,1,Clear,0.51
2024-10-06 14:00:00,25.6,0,0,10,6,14,6,1,1,Clear,0.49
2024-10-06 15:00:00,26.4,0,0,10,6,15,6,1,1,Clear,0.52
2024-10-06 16:00:00,26.3,0,0,10,6,16,6,1,1,Clear,0.57
2024-10-06 17:00:00,25.8,23,1,10,6,17,6,1,0,Mostly Clear,0.51
2024-10-06 18:00:00,24.3,66,2,10,6,18,6,1,0,Partly Cloudy,0.43
2024-10-07 11:00:00,15.9,97,3,10,7,11,0,0,0,Overcast,0.08
2024-10-07 12:00:00,15.7,100,3,10,7,12,0,0,0,Overcast,0.11
2024-10-07 13:00:00,16.3,99,3,10,7,13,0,0,0,Overcast,0.15
2024-10-07 14:00:00,16.9,97,3,10,7,14,0,0,0,Overcast,0.17
2024-10-07 15:00:00,16.1,100,3,10,7,15,0,0,0,Overcast,0.2
2024-10-07 16:00:00,16.6,49,1,10,7,16,0,0,0,Mostly Clear,0.26
2024-10-07 17:00:00,17.0,7,0,10,7,17,0,0,1,Clear,0.34
2024-10-07 18:00:00,16.1,0,0,10,7,18,0,0,1,Clear,0.29
2024-10-08 11:00:00,14.8,57,2,10,8,11,1,0,0,Partly Cloudy,0.08
2024-10-08 12:00:00,16.6,70,2,10,8,12,1,0,0,Partly Cloudy,0.15
2024-10-08 13:00:00,17.6,92,3,10,8,13,1,0,0,Overcast,0.19
2024-10-08 14:00:00,18.2,62,2,10,8,14,1,0,0,Partly Cloudy,0.24
2024-10-08 15:00:00,18.4,55,2,10,8,15,1,0,0,Partly Cloudy,0.3
2024-10-08 16:00:00,18.7,50,2,10,8,16,1,0,0,Partly Cloudy,0.3
2024-10-08 17:00:00,17.9,23,1,10,8,17,1,0,0,Mostly Clear,0.31
2024-10-08 18:00:00,16.6,3,0,10,8,18,1,0,1,Clear,0.31
2024-10-09 11:00:00,14.3,33,1,10,9,11,2,0,0,Mostly Clear,0.13
2024-10-09 12:00:00,15.6,79,2,10,9,12,2,0,0,Partly Cloudy,0.14
2024-10-09 13:00:00,16.3,32,1,10,9,13,2,0,0,Mostly Clear,0.21
2024-10-09 14:00:00,16.8,23,1,10,9,14,2,0,0,Mostly Clear,0.21
2024-10-09 15:00:00,17.0,7,0,10,9,15,2,0,1,Clear,0.36
2024-10-09 16:00:00,16.8,0,0,10,9,16,2,0,1,Clear,0.28
2024-10-09 17:00:00,15.9,0,0,10,9,17,2,0,1,Clear,0.28
2024-10-09 18:00:00,14.4,0,0,10,9,18,2,0,1,Clear,0.26
2024-10-10 11:00:00,11.4,20,1,10,10,11,3,0,0,Mostly Clear,0.11
2024-10-10 12:00:00,12.7,0,0,10,10,12,3,0,1,Clear,0.18
2024-10-10 13:00:00,13.9,47,1,10,10,13,3,0,0,Mostly Clear,0.22
2024-10-10 14:00:00,14.7,1,0,10,10,14,3,0,1,Clear,0.27
2024-10-10 15:00:00,15.2,8,0,10,10,15,3,0,1,Clear,0.29
2024-10-10 16:00:00,15.1,9,0,10,10,16,3,0,1,Clear,0.27
2024-10-10 17:00:00,14.9,1,0,10,10,17,3,0,1,Clear,0.3
2024-10-10 18:00:00,14.0,0,0,10,10,18,3,0,1,Clear,0.29
2024-10-11 11:00:00,13.1,0,0,10,11,11,4,0,1,Clear,0.13
2024-10-11 12:00:00,15.3,0,0,10,11,12,4,0,1,Clear,0.15
2024-10-11 13:00:00,16.8,0,0,10,11,13,4,0,1,Clear,0.22
2024-10-11 14:00:00,17.9,2,0,10,11,14,4,0,1,Clear,0.31
2024-10-11 15:00:00,18.8,2,0,10,11,15,4,0,1,Clear,0.35
2024-10-11 16:00:00,19.2,6,0,10,11,16,4,0,1,Clear,0.36
2024-10-11 17:00:00,18.9,1,0,10,11,17,4,0,1,Clear,0.34
2024-10-11 18:00:00,17.5,0,0,10,11,18,4,0,1,Clear,0.33
2024-10-12 11:00:00,16.3,98,51,10,12,11,5,1,0,Drizzle,0.11
2024-10-12 12:00:00,17.2,99,53,10,12,12,5,1,0,Drizzle,0.15
2024-10-12 13:00:00,18.4,99,3,10,12,13,5,1,0,Overcast,0.25
2024-10-12 14:00:00,19.8,72,2,10,12,14,5,1,0,Partly Cloudy,0.36
2024-10-12 15:00:00,20.7,42,1,10,12,15,5,1,0,Mostly Clear,0.41
2024-10-12 16:00:00,21.3,46,1,10,12,16,5,1,0,Mostly Clear,0.41
2024-10-12 17:00:00,21.1,28,1,10,12,17,5,1,0,Mostly Clear,0.43
2024-10-12 18:00:00,20.8,89,3,10,12,18,5,1,0,Overcast,0.28
2024-10-13 11:00:00,19.1,88,3,10,13,11,6,1,0,Overcast,0.17
2024-10-13 12:00:00,20.9,74,2,10,13,12,6,1,0,Partly Cloudy,0.3
2024-10-13 13:00:00,22.2,86,51,10,13,13,6,1,0,Drizzle,0.17
2024-10-13 14:00:00,22.9,100,3,10,13,14,6,1,0,Overcast,0.31
2024-10-13 15:00:00,23.5,68,2,10,13,15,6,1,0,Partly Cloudy,0.42
2024-10-13 16:00:00,23.8,22,1,10,13,16,6,1,0,Mostly Clear,0.49
2024-10-13 17:00:00,24.0,16,0,10,13,17,6,1,1,Clear,0.52
2024-10-13 18:00:00,22.8,24,1,10,13,18,6,1,0,Mostly Clear,0.52
2024-10-14 11:00:00,10.1,100,51,10,14,11,0,0,0,Drizzle,0.06
2024-10-14 12:00:00,9.5,100,51,10,14,12,0,0,0,Drizzle,0.04
2024-10-14 13:00:00,9.7,100,51,10,14,13,0,0,0,Drizzle,0.08
2024-10-14 14:00:00,9.9,82,3,10,14,14,0,0,0,Overcast,0.12
2024-10-14 15:00:00,10.8,90,3,10,14,15,0,0,0,Overcast,0.17
2024-10-14 16:00:00,11.3,29,1,10,14,16,0,0,0,Mostly Clear,0.24
2024-10-14 17:00:00,11.4,38,1,10,14,17,0,0,0,Mostly Clear,0.24
2024-10-14 18:00:00,11.0,43,1,10,14,18,0,0,0,Mostly Clear,0.24
2024-10-15 11:00:00,7.6,19,51,10,15,11,1,0,0,Drizzle,0.03
2024-10-15 12:00:00,9.4,31,51,10,15,12,1,0,0,Drizzle,0.06
2024-10-15 13:00:00,10.8,29,1,10,15,13,1,0,0,Mostly Clear,0.2
2024-10-15 14:00:00,11.5,90,51,10,15,14,1,0,0,Drizzle,0.11
2024-10-15 15:00:00,11.5,99,51,10,15,15,1,0,0,Drizzle,0.12
2024-10-15 16:00:00,11.4,100,3,10,15,16,1,0,0,Overcast,0.18
2024-10-15 17:00:00,9.6,69,2,10,15,17,1,0,0,Partly Cloudy,0.22
2024-10-15 18:00:00,8.3,12,0,10,15,18,1,0,1,Clear,0.23
2024-10-16 11:00:00,8.7,29,51,10,16,11,2,0,0,Drizzle,0.04
2024-10-16 12:00:00,9.9,57,51,10,16,12,2,0,0,Drizzle,0.06
2024-10-16 13:00:00,10.5,100,51,10,16,13,2,0,0,Drizzle,0.08
2024-10-16 14:00:00,11.0,93,51,10,16,14,2,0,0,Drizzle,0.09
2024-10-16 15:00:00,11.5,100,3,10,16,15,2,0,0,Overcast,0.18
2024-10-16 16:00:00,11.4,100,3,10,16,16,2,0,0,Overcast,0.16
2024-10-16 17:00:00,10.9,96,3,10,16,17,2,0,0,Overcast,0.17
2024-10-16 18:00:00,10.1,100,3,10,16,18,2,0,0,Overcast,0.18
2024-10-17 11:00:00,10.1,14,0,10,17,11,3,0,1,Clear,0.11
2024-10-17 12:00:00,11.5,0,0,10,17,12,3,0,1,Clear,0.18
2024-10-17 13:00:00,12.8,0,0,10,17,13,3,0,1,Clear,0.25
2024-10-17 14:00:00,13.8,0,0,10,17,14,3,0,1,Clear,0.24
2024-10-17 15:00:00,14.5,0,0,10,17,15,3,0,1,Clear,0.29
2024-10-17 16:00:00,14.6,0,0,10,17,16,3,0,1,Clear,0.28
2024-10-17 17:00:00,14.2,0,0,10,17,17,3,0,1,Clear,0.31
2024-10-17 18:00:00,12.8,0,0,10,17,18,3,0,1,Clear,0.29
2024-10-18 11:00:00,11.5,0,0,10,18,11,4,0,1,Clear,0.14
2024-10-18 12:00:00,13.9,0,0,10,18,12,4,0,1,Clear,0.16
2024-10-18 13:00:00,15.5,0,0,10,18,13,4,0,1,Clear,0.24
2024-10-18 14:00:00,16.7,0,0,10,18,14,4,0,1,Clear,0.25
2024-10-18 15:00:00,17.4,0,0,10,18,15,4,0,1,Clear,0.33
2024-10-18 16:00:00,17.6,0,0,10,18,16,4,0,1,Clear,0.34
2024-10-18 17:00:00,17.2,0,0,10,18,17,4,0,1,Clear,0.35
2024-10-18 18:00:00,14.7,0,0,10,18,18,4,0,1,Clear,0.31
2024-10-19 11:00:00,12.4,0,0,10,19,11,5,1,1,Clear,0.23
2024-10-19 12:00:00,15.7,0,0,10,19,12,5,1,1,Clear,0.28
2024-10-19 13:00:00,18.0,0,0,10,19,13,5,1,1,Clear,0.45
2024-10-19 14:00:00,19.3,0,0,10,19,14,5,1,1,Clear,0.43
2024-10-19 15:00:00,19.8,0,0,10,19,15,5,1,1,Clear,0.49
2024-10-19 16:00:00,19.8,0,0,10,19,16,5,1,1,Clear,0.49
2024-10-19 17:00:00,19.2,0,0,10,19,17,5,1,1,Clear,0.46
2024-10-19 18:00:00,17.0,0,0,10,19,18,5,1,1,Clear,0.46
2024-10-20 11:00:00,13.9,8,0,10,20,11,6,1,1,Clear,0.23
2024-10-20 12:00:00,17.1,1,0,10,20,12,6,1,1,Clear,0.33
2024-10-20 13:00:00,19.6,0,0,10,20,13,6,1,1,Clear,0.46
2024-10-20 14:00:00,20.9,0,0,10,20,14,6,1,1,Clear,0.46
2024-10-20 15:00:00,21.4,0,0,10,20,15,6,1,1,Clear,0.49
2024-10-20 16:00:00,21.4,0,0,10,20,16,6,1,1,Clear,0.48
2024-10-20 17:00:00,20.5,0,0,10,20,17,6,1,1,Clear,0.49
2024-10-20 18:00:00,17.4,0,0,10,20,18,6,1,1,Clear,0.47
2024-10-21 11:00:00,15.6,0,0,10,21,11,0,0,1,Clear,0.13
2024-10-21 12:00:00,18.7,0,0,10,21,12,0,0,1,Clear,0.24
2024-10-21 13:00:00,21.1,0,0,10,21,13,0,0,1,Clear,0.3
2024-10-21 14:00:00,22.7,0,0,10,21,14,0,0,1,Clear,0.36
2024-10-21 15:00:00,23.4,0,0,10,21,15,0,0,1,Clear,0.4
2024-10-21 16:00:00,23.4,0,0,10,21,16,0,0,1,Clear,0.41
2024-10-21 17:00:00,22.6,0,0,10,21,17,0,0,1,Clear,0.4
2024-10-21 18:00:00,20.0,0,0,10,21,18,0,0,1,Clear,0.35
2024-10-22 11:00:00,17.9,0,0,10,22,11,1,0,1,Clear,0.15
2024-10-22 12:00:00,20.9,0,0,10,22,12,1,0,1,Clear,0.22
2024-10-22 13:00:00,22.9,0,0,10,22,13,1,0,1,Clear,0.39
2024-10-22 14:00:00,24.4,0,0,10,22,14,1,0,1,Clear,0.37
2024-10-22 15:00:00,25.3,0,0,10,22,15,1,0,1,Clear,0.4
2024-10-22 16:00:00,25.4,0,0,10,22,16,1,0,1,Clear,0.39
2024-10-22 17:00:00,24.5,0,0,10,22,17,1,0,1,Clear,0.42
2024-10-22 18:00:00,21.4,27,1,10,22,18,1,0,0,Mostly Clear,0.32
2024-10-23 11:00:00,18.5,62,2,10,23,11,2,0,0,Partly Cloudy,0.17
2024-10-23 12:00:00,20.4,85,3,10,23,12,2,0,0,Overcast,0.16
2024-10-23 13:00:00,21.7,13,0,10,23,13,2,0,1,Clear,0.31
2024-10-23 14:00:00,22.7,86,3,10,23,14,2,0,0,Overcast,0.24
2024-10-23 15:00:00,23.1,98,3,10,23,15,2,0,0,Overcast,0.25
2024-10-23 16:00:00,23.0,99,3,10,23,16,2,0,0,Overcast,0.28
2024-10-23 17:00:00,22.2,99,3,10,23,17,2,0,0,Overcast,0.27
2024-10-23 18:00:00,20.8,100,3,10,23,18,2,0,0,Overcast,0.2
2024-10-24 11:00:00,10.5,85,3,10,24,11,3,0,0,Overcast,0.07
2024-10-24 12:00:00,11.6,84,3,10,24,12,3,0,0,Overcast,0.11
2024-10-24 13:00:00,12.6,29,1,10,24,13,3,0,0,Mostly Clear,0.23
2024-10-24 14:00:00,13.6,29,1,10,24,14,3,0,0,Mostly Clear,0.2
2024-10-24 15:00:00,14.0,16,0,10,24,15,3,0,1,Clear,0.27
2024-10-24 16:00:00,14.3,14,0,10,24,16,3,0,1,Clear,0.27
2024-10-24 17:00:00,14.0,0,0,10,24,17,3,0,1,Clear,0.29
2024-10-24 18:00:00,12.5,0,0,10,24,18,3,0,1,Clear,0.3
2024-10-25 11:00:00,12.2,80,3,10,25,11,4,0,0,Overcast,0.07
2024-10-25 12:00:00,15.2,84,3,10,25,12,4,0,0,Overcast,0.13
2024-10-25 13:00:00,16.5,95,3,10,25,13,4,0,0,Overcast,0.15
2024-10-25 14:00:00,17.9,100,3,10,25,14,4,0,0,Overcast,0.2
2024-10-25 15:00:00,18.9,100,3,10,25,15,4,0,0,Overcast,0.24
2024-10-25 16:00:00,19.6,100,3,10,25,16,4,0,0,Overcast,0.24
2024-10-25 17:00:00,19.4,80,3,10,25,17,4,0,0,Overcast,0.22
2024-10-25 18:00:00,17.5,8,0,10,25,18,4,0,1,Clear,0.35
2024-10-26 11:00:00,12.9,34,1,10,26,11,5,1,0,Mostly Clear,0.24
2024-10-26 12:00:00,13.5,7,0,10,26,12,5,1,1,Clear,0.28
2024-10-26 13:00:00,14.3,11,0,10,26,13,5,1,1,Clear,0.38
2024-10-26 14:00:00,14.9,3,0,10,26,14,5,1,1,Clear,0.4
2024-10-26 15:00:00,15.1,0,0,10,26,15,5,1,1,Clear,0.43
2024-10-26 16:00:00,14.8,2,0,10,26,16,5,1,1,Clear,0.44
2024-10-26 17:00:00,13.7,12,0,10,26,17,5,1,1,Clear,0.41
2024-10-26 18:00:00,12.1,97,3,10,26,18,5,1,0,Overcast,0.27
2024-10-27 11:00:00,8.2,0,0,10,27,11,6,1,1,Clear,0.21
2024-10-27 12:00:00,9.8,0,0,10,27,12,6,1,1,Clear,0.26
2024-10-27 13:00:00,10.9,0,0,10,27,13,6,1,1,Clear,0.39
2024-10-27 14:00:00,11.6,0,0,10,27,14,6,1,1,Clear,0.38
2024-10-27 15:00:00,12.1,0,0,10,27,15,6,1,1,Clear,0.39
2024-10-27 16:00:00,12.3,0,0,10,27,16,6,1,1,Clear,0.43
2024-10-27 17:00:00,11.9,0,0,10,27,17,6,1,1,Clear,0.4
2024-10-27 18:00:00,9.8,1,0,10,27,18,6,1,1,Clear,0.4
2024-10-28 11:00:00,9.4,77,2,10,28,11,0,0,0,Partly Cloudy,0.07
2024-10-28 12:00:00,12.6,4,0,10,28,12,0,0,1,Clear,0.17
2024-10-28 13:00:00,14.7,28,1,10,28,13,0,0,0,Mostly Clear,0.23
2024-10-28 14:00:00,16.1,100,3,10,28,14,0,0,0,Overcast,0.14
2024-10-28 15:00:00,16.8,87,3,10,28,15,0,0,0,Overcast,0.2
2024-10-28 16:00:00,17.3,35,1,10,28,16,0,0,0,Mostly Clear,0.34
2024-10-28 17:00:00,17.0,78,2,10,28,17,0,0,0,Partly Cloudy,0.26
2024-10-28 18:00:00,14.4,83,3,10,28,18,0,0,0,Overcast,0.16
2024-10-29 11:00:00,15.1,12,0,10,29,11,1,0,1,Clear,0.1
2024-10-29 12:00:00,18.6,88,3,10,29,12,1,0,0,Overcast,0.17
2024-10-29 13:00:00,21.1,86,3,10,29,13,1,0,0,Overcast,0.21
2024-10-29 14:00:00,22.4,34,1,10,29,14,1,0,0,Mostly Clear,0.33
2024-10-29 15:00:00,23.3,100,3,10,29,15,1,0,0,Overcast,0.27
2024-10-29 16:00:00,23.3,97,3,10,29,16,1,0,0,Overcast,0.26
2024-10-29 17:00:00,22.7,68,2,10,29,17,1,0,0,Partly Cloudy,0.35
2024-10-29 18:00:00,21.0,24,1,10,29,18,1,0,0,Mostly Clear,0.29
2024-10-30 11:00:00,19.2,61,2,10,30,11,2,0,0,Partly Cloudy,0.14
2024-10-30 12:00:00,21.0,82,3,10,30,12,2,0,0,Overcast,0.15
2024-10-30 13:00:00,22.4,84,3,10,30,13,2,0,0,Overcast,0.23
2024-10-30 14:00:00,23.2,99,3,10,30,14,2,0,0,Overcast,0.22
2024-10-30 15:00:00,23.5,100,3,10,30,15,2,0,0,Overcast,0.27
2024-10-30 16:00:00,23.2,100,3,10,30,16,2,0,0,Overcast,0.27
2024-10-30 17:00:00,22.3,100,3,10,30,17,2,0,0,Overcast,0.25
2024-10-30 18:00:00,20.1,100,3,10,30,18,2,0,0,Overcast,0.2
2024-10-31 11:00:00,21.8,47,1,10,31,11,3,0,0,Mostly Clear,0.14
2024-10-31 12:00:00,23.3,28,1,10,31,12,3,0,0,Mostly Clear,0.29
2024-10-31 13:00:00,24.4,8,0,10,31,13,3,0,1,Clear,0.4
2024-10-31 14:00:00,25.2,89,3,10,31,14,3,0,0,Overcast,0.25
2024-10-31 15:00:00,25.7,12,0,10,31,15,3,0,1,Clear,0.41
2024-10-31 16:00:00,26.0,49,1,10,31,16,3,0,0,Mostly Clear,0.38
2024-10-31 17:00:00,25.0,17,0,10,31,17,3,0,1,Clear,0.41
2024-10-31 18:00:00,23.8,57,2,10,31,18,3,0,0,Partly Cloudy,0.35
2024-11-01 11:00:00,12.0,0,0,11,1,11,4,0,1,Clear,0.01
2024-11-01 12:00:00,12.6,0,0,11,1,12,4,0,1,Clear,0.05
2024-11-01 13:00:00,13.3,0,0,11,1,13,4,0,1,Clear,0.14
2024-11-01 14:00:00,14.0,0,0,11,1,14,4,0,1,Clear,0.14
2024-11-01 15:00:00,14.2,1,0,11,1,15,4,0,1,Clear,0.18
2024-11-01 16:00:00,13.9,0,0,11,1,16,4,0,1,Clear,0.18
2024-11-01 17:00:00,13.4,2,0,11,1,17,4,0,1,Clear,0.19
2024-11-01 18:00:00,12.2,11,0,11,1,18,4,0,1,Clear,0.21
2024-11-02 11:00:00,10.5,75,2,11,2,11,5,1,0,Partly Cloudy,0.14
2024-11-02 12:00:00,11.4,39,1,11,2,12,5,1,0,Mostly Clear,0.16
2024-11-02 13:00:00,12.2,0,0,11,2,13,5,1,1,Clear,0.28
2024-11-02 14:00:00,13.0,2,0,11,2,14,5,1,1,Clear,0.25
2024-11-02 15:00:00,13.6,0,0,11,2,15,5,1,1,Clear,0.32
2024-11-02 16:00:00,13.7,2,0,11,2,16,5,1,1,Clear,0.29
2024-11-02 17:00:00,13.2,2,0,11,2,17,5,1,1,Clear,0.34
2024-11-02 18:00:00,11.5,0,0,11,2,18,5,1,1,Clear,0.3
2024-11-03 11:00:00,10.6,6,0,11,3,11,6,1,1,Clear,0.14
2024-11-03 12:00:00,13.1,5,0,11,3,12,6,1,1,Clear,0.2
2024-11-03 13:00:00,15.0,65,2,11,3,13,6,1,0,Partly Cloudy,0.2
2024-11-03 14:00:00,16.2,96,3,11,3,14,6,1,0,Overcast,0.18
2024-11-03 15:00:00,16.9,27,1,11,3,15,6,1,0,Mostly Clear,0.29
2024-11-03 16:00:00,17.0,0,0,11,3,16,6,1,1,Clear,0.38
2024-11-03 17:00:00,16.1,0,0,11,3,17,6,1,1,Clear,0.32
2024-11-03 18:00:00,14.0,0,0,11,3,18,6,1,1,Clear,0.32
2024-11-04 11:00:00,14.2,91,3,11,4,11,0,0,0,Overcast,0.02
2024-11-04 12:00:00,17.1,97,3,11,4,12,0,0,0,Overcast,0.07
2024-11-04 13:00:00,19.0,100,3,11,4,13,0,0,0,Overcast,0.15
2024-11-04 14:00:00,20.5,100,3,11,4,14,0,0,0,Overcast,0.16
2024-11-04 15:00:00,21.2,100,3,11,4,15,0,0,0,Overcast,0.16
2024-11-04 16:00:00,21.2,100,3,11,4,16,0,0,0,Overcast,0.18
2024-11-04 17:00:00,20.6,66,2,11,4,17,0,0,0,Partly Cloudy,0.19
2024-11-04 18:00:00,18.9,85,3,11,4,18,0,0,0,Overcast,0.17
2024-11-05 11:00:00,18.9,99,3,11,5,11,1,0,0,Overcast,0.04
2024-11-05 12:00:00,21.7,74,2,11,5,12,1,0,0,Partly Cloudy,0.09
2024-11-05 13:00:00,23.8,19,0,11,5,13,1,0,1,Clear,0.29
2024-11-05 14:00:00,25.4,7,0,11,5,14,1,0,1,Clear,0.25
2024-11-05 15:00:00,26.0,36,1,11,5,15,1,0,0,Mostly Clear,0.3
2024-11-05 16:00:00,26.0,49,1,11,5,16,1,0,0,Mostly Clear,0.3
2024-11-05 17:00:00,25.1,27,1,11,5,17,1,0,0,Mostly Clear,0.3
2024-11-05 18:00:00,23.1,9,0,11,5,18,1,0,1,Clear,0.3
2024-11-06 11:00:00,19.4,100,51,11,6,11,2,0,0,Drizzle,0.05
2024-11-06 12:00:00,19.7,100,51,11,6,12,2,0,0,Drizzle,0.07
2024-11-06 13:00:00,20.5,100,51,11,6,13,2,0,0,Drizzle,0.1
2024-11-06 14:00:00,21.2,100,3,11,6,14,2,0,0,Overcast,0.14
2024-11-06 15:00:00,21.1,100,3,11,6,15,2,0,0,Overcast,0.17
2024-11-06 16:00:00,21.0,100,3,11,6,16,2,0,0,Overcast,0.16
2024-11-06 17:00:00,20.6,100,3,11,6,17,2,0,0,Overcast,0.17
2024-11-06 18:00:00,19.8,100,3,11,6,18,2,0,0,Overcast,0.14
2024-11-07 11:00:00,14.2,35,1,11,7,11,3,0,0,Mostly Clear,0.02
2024-11-07 12:00:00,15.0,100,3,11,7,12,3,0,0,Overcast,0.06
2024-11-07 13:00:00,15.5,98,3,11,7,13,3,0,0,Overcast,0.12
2024-11-07 14:00:00,16.5,43,1,11,7,14,3,0,0,Mostly Clear,0.11
2024-11-07 15:00:00,16.9,6,0,11,7,15,3,0,1,Clear,0.18
2024-11-07 16:00:00,16.9,3,0,11,7,16,3,0,1,Clear,0.16
2024-11-07 17:00:00,16.2,1,0,11,7,17,3,0,1,Clear,0.17
2024-11-07 18:00:00,14.1,0,0,11,7,18,3,0,1,Clear,0.17
2024-11-08 11:00:00,11.4,0,0,11,8,11,4,0,1,Clear,0.01
2024-11-08 12:00:00,13.8,0,0,11,8,12,4,0,1,Clear,0.08
2024-11-08 13:00:00,15.7,0,0,11,8,13,4,0,1,Clear,0.14
2024-11-08 14:00:00,17.0,3,0,11,8,14,4,0,1,Clear,0.19
2024-11-08 15:00:00,17.2,0,0,11,8,15,4,0,1,Clear,0.27
2024-11-08 16:00:00,16.8,27,1,11,8,16,4,0,0,Mostly Clear,0.18
2024-11-08 17:00:00,15.9,9,0,11,8,17,4,0,1,Clear,0.19
2024-11-08 18:00:00,14.1,28,1,11,8,18,4,0,0,Mostly Clear,0.18
2024-11-09 11:00:00,7.7,94,3,11,9,11,5,1,0,Overcast,0.08
2024-11-09 12:00:00,9.4,97,3,11,9,12,5,1,0,Overcast,0.08
2024-11-09 13:00:00,11.0,100,3,11,9,13,5,1,0,Overcast,0.2
2024-11-09 14:00:00,12.2,100,3,11,9,14,5,1,0,Overcast,0.15
2024-11-09 15:00:00,13.1,98,3,11,9,15,5,1,0,Overcast,0.18
2024-11-09 16:00:00,13.3,87,3,11,9,16,5,1,0,Overcast,0.19
2024-11-09 17:00:00,12.8,82,3,11,9,17,5,1,0,Overcast,0.22
2024-11-09 18:00:00,10.8,100,3,11,9,18,5,1,0,Overcast,0.2
2024-11-10 11:00:00,12.2,100,51,11,10,11,6,1,0,Drizzle,0.06
2024-11-10 12:00:00,11.9,100,53,11,10,12,6,1,0,Drizzle,0.11
2024-11-10 13:00:00,11.4,100,61,11,10,13,6,1,0,Rain,0.05
2024-11-10 14:00:00,11.4,100,63,11,10,14,6,1,0,Rain,0.07
2024-11-10 15:00:00,11.9,100,63,11,10,15,6,1,0,Rain,0.07
2024-11-10 16:00:00,12.4,100,63,11,10,16,6,1,0,Rain,0.08
2024-11-10 17:00:00,12.5,100,53,11,10,17,6,1,0,Drizzle,0.12
2024-11-10 18:00:00,12.7,100,53,11,10,18,6,1,0,Drizzle,0.14
2024-11-11 11:00:00,12.1,0,0,11,11,11,0,0,1,Clear,0.03
2024-11-11 12:00:00,13.8,33,1,11,11,12,0,0,0,Mostly Clear,0.04
2024-11-11 13:00:00,14.9,54,2,11,11,13,0,0,0,Partly Cloudy,0.11
2024-11-11 14:00:00,16.0,19,0,11,11,14,0,0,1,Clear,0.14
2024-11-11 15:00:00,16.6,58,2,11,11,15,0,0,0,Partly Cloudy,0.18
2024-11-11 16:00:00,16.1,13,0,11,11,16,0,0,1,Clear,0.18
2024-11-11 17:00:00,15.3,3,0,11,11,17,0,0,1,Clear,0.21
2024-11-11 18:00:00,13.8,15,0,11,11,18,0,0,1,Clear,0.16
2024-11-12 11:00:00,7.2,89,3,11,12,11,1,0,0,Overcast,0.01
2024-11-12 12:00:00,7.8,35,1,11,12,12,1,0,0,Mostly Clear,0.03
2024-11-12 13:00:00,8.8,45,1,11,12,13,1,0,0,Mostly Clear,0.09
2024-11-12 14:00:00,8.9,27,1,11,12,14,1,0,0,Mostly Clear,0.11
2024-11-12 15:00:00,8.9,23,1,11,12,15,1,0,0,Mostly Clear,0.14
2024-11-12 16:00:00,8.8,13,0,11,12,16,1,0,1,Clear,0.17
2024-11-12 17:00:00,8.4,31,1,11,12,17,1,0,0,Mostly Clear,0.15
2024-11-12 18:00:00,7.1,0,0,11,12,18,1,0,1,Clear,0.13
2024-11-13 11:00:00,5.1,100,3,11,13,11,2,0,0,Overcast,0.01
2024-11-13 12:00:00,7.4,100,3,11,13,12,2,0,0,Overcast,0.0
2024-11-13 13:00:00,9.3,98,3,11,13,13,2,0,0,Overcast,0.07
2024-11-13 14:00:00,10.9,100,3,11,13,14,2,0,0,Overcast,0.11
2024-11-13 15:00:00,11.8,100,3,11,13,15,2,0,0,Overcast,0.13
2024-11-13 16:00:00,11.8,100,3,11,13,16,2,0,0,Overcast,0.1
2024-11-13 17:00:00,10.8,100,3,11,13,17,2,0,0,Overcast,0.13
2024-11-13 18:00:00,9.0,99,3,11,13,18,2,0,0,Overcast,0.08
2024-11-14 11:00:00,4.5,100,61,11,14,11,3,0,0,Rain,0.04
2024-11-14 12:00:00,4.8,100,61,11,14,12,3,0,0,Rain,0.04
2024-11-14 13:00:00,5.0,100,61,11,14,13,3,0,0,Rain,0.06
2024-11-14 14:00:00,5.6,100,61,11,14,14,3,0,0,Rain,0.06
2024-11-14 15:00:00,6.0,100,53,11,14,15,3,0,0,Drizzle,0.06
2024-11-14 16:00:00,5.9,100,53,11,14,16,3,0,0,Drizzle,0.09
2024-11-14 17:00:00,6.3,100,51,11,14,17,3,0,0,Drizzle,0.05
2024-11-14 18:00:00,6.0,100,51,11,14,18,3,0,0,Drizzle,0.07
2024-11-15 11:00:00,9.6,100,3,11,15,11,4,0,0,Overcast,0.03
2024-11-15 12:00:00,10.2,100,3,11,15,12,4,0,0,Overcast,0.07
2024-11-15 13:00:00,10.6,100,3,11,15,13,4,0,0,Overcast,0.1
2024-11-15 14:00:00,11.0,100,51,11,15,14,4,0,0,Drizzle,0.05
2024-11-15 15:00:00,11.2,100,3,11,15,15,4,0,0,Overcast,0.1
2024-11-15 16:00:00,11.4,100,3,11,15,16,4,0,0,Overcast,0.13
2024-11-15 17:00:00,11.0,100,51,11,15,17,4,0,0,Drizzle,0.06
2024-11-15 18:00:00,10.4,100,3,11,15,18,4,0,0,Overcast,0.1
2024-11-16 11:00:00,8.9,81,3,11,16,11,5,1,0,Overcast,0.06
2024-11-16 12:00:00,9.6,94,3,11,16,12,5,1,0,Overcast,0.12
2024-11-16 13:00:00,10.2,78,2,11,16,13,5,1,0,Partly Cloudy,0.24
2024-11-16 14:00:00,10.7,92,3,11,16,14,5,1,0,Overcast,0.2
2024-11-16 15:00:00,11.2,91,3,11,16,15,5,1,0,Overcast,0.22
2024-11-16 16:00:00,11.2,94,3,11,16,16,5,1,0,Overcast,0.22
2024-11-16 17:00:00,10.8,72,2,11,16,17,5,1,0,Partly Cloudy,0.26
2024-11-16 18:00:00,9.3,84,3,11,16,18,5,1,0,Overcast,0.18
2024-11-17 11:00:00,6.2,100,3,11,17,11,6,1,0,Overcast,0.06
2024-11-17 12:00:00,8.0,100,3,11,17,12,6,1,0,Overcast,0.12
2024-11-17 13:00:00,9.5,100,3,11,17,13,6,1,0,Overcast,0.16
2024-11-17 14:00:00,10.6,100,3,11,17,14,6,1,0,Overcast,0.19
2024-11-17 15:00:00,11.6,100,3,11,17,15,6,1,0,Overcast,0.21
2024-11-17 16:00:00,11.9,100,3,11,17,16,6,1,0,Overcast,0.18
2024-11-17 17:00:00,11.6,100,3,11,17,17,6,1,0,Overcast,0.18
2024-11-17 18:00:00,10.1,100,3,11,17,18,6,1,0,Overcast,0.18
2024-11-18 11:00:00,13.1,97,3,11,18,11,0,0,0,Overcast,0.01
2024-11-18 12:00:00,14.4,72,2,11,18,12,0,0,0,Partly Cloudy,0.06
2024-11-18 13:00:00,15.9,100,3,11,18,13,0,0,0,Overcast,0.08
2024-11-18 14:00:00,16.6,100,3,11,18,14,0,0,0,Overcast,0.09
2024-11-18 15:00:00,16.7,100,3,11,18,15,0,0,0,Overcast,0.12
2024-11-18 16:00:00,16.7,98,3,11,18,16,0,0,0,Overcast,0.13
2024-11-18 17:00:00,16.1,48,1,11,18,17,0,0,0,Mostly Clear,0.16
2024-11-18 18:00:00,14.3,100,3,11,18,18,0,0,0,Overcast,0.11
2024-11-19 11:00:00,14.9,96,3,11,19,11,1,0,0,Overcast,0.05
2024-11-19 12:00:00,15.8,100,3,11,19,12,1,0,0,Overcast,0.07
2024-11-19 13:00:00,16.9,96,3,11,19,13,1,0,0,Overcast,0.12
2024-11-19 14:00:00,17.6,100,3,11,19,14,1,0,0,Overcast,0.12
2024-11-19 15:00:00,17.9,100,3,11,19,15,1,0,0,Overcast,0.15
2024-11-19 16:00:00,17.5,100,3,11,19,16,1,0,0,Overcast,0.18
2024-11-19 17:00:00,16.9,100,3,11,19,17,1,0,0,Overcast,0.14
2024-11-19 18:00:00,16.2,100,51,11,19,18,1,0,0,Drizzle,0.1
2024-11-20 11:00:00,14.4,93,3,11,20,11,2,0,0,Overcast,0.04
2024-11-20 12:00:00,15.5,58,51,11,20,12,2,0,0,Drizzle,0.03
2024-11-20 13:00:00,16.7,37,1,11,20,13,2,0,0,Mostly Clear,0.15
2024-11-20 14:00:00,18.0,99,3,11,20,14,2,0,0,Overcast,0.12
2024-11-20 15:00:00,15.9,100,65,11,20,15,2,0,0,Rain,0.07
2024-11-20 16:00:00,15.9,87,53,11,20,16,2,0,0,Drizzle,0.1
2024-11-20 17:00:00,14.8,85,53,11,20,17,2,0,0,Drizzle,0.08
2024-11-20 18:00:00,13.6,100,61,11,20,18,2,0,0,Rain,0.04
2024-11-21 11:00:00,3.9,100,51,11,21,11,3,0,0,Drizzle,0.04
2024-11-21 12:00:00,4.2,100,51,11,21,12,3,0,0,Drizzle,0.04
2024-11-21 13:00:00,4.6,100,51,11,21,13,3,0,0,Drizzle,0.04
2024-11-21 14:00:00,3.8,100,71,11,21,14,3,0,0,Snow,0.01
2024-11-21 15:00:00,4.5,100,51,11,21,15,3,0,0,Drizzle,0.06
2024-11-21 16:00:00,3.9,100,51,11,21,16,3,0,0,Drizzle,0.06
2024-11-21 17:00:00,3.7,100,3,11,21,17,3,0,0,Overcast,0.1
2024-11-21 18:00:00,2.8,100,3,11,21,18,3,0,0,Overcast,0.09
2024-11-22 11:00:00,1.7,100,73,11,22,11,4,0,0,Snow,0.05
2024-11-22 12:00:00,1.9,100,73,11,22,12,4,0,0,Snow,0.01
2024-11-22 13:00:00,2.1,100,71,11,22,13,4,0,0,Snow,0.05
2024-11-22 14:00:00,2.8,100,53,11,22,14,4,0,0,Drizzle,0.04
2024-11-22 15:00:00,3.3,100,53,11,22,15,4,0,0,Drizzle,0.07
2024-11-22 16:00:00,3.6,100,51,11,22,16,4,0,0,Drizzle,0.04
2024-11-22 17:00:00,3.7,100,53,11,22,17,4,0,0,Drizzle,0.07
2024-11-22 18:00:00,3.9,100,53,11,22,18,4,0,0,Drizzle,0.06
2024-11-23 11:00:00,6.0,100,53,11,23,11,5,1,0,Drizzle,0.04
2024-11-23 12:00:00,6.3,100,51,11,23,12,5,1,0,Drizzle,0.05
2024-11-23 13:00:00,6.8,100,51,11,23,13,5,1,0,Drizzle,0.08
2024-11-23 14:00:00,7.3,100,3,11,23,14,5,1,0,Overcast,0.17
2024-11-23 15:00:00,7.6,100,3,11,23,15,5,1,0,Overcast,0.18
2024-11-23 16:00:00,7.5,100,3,11,23,16,5,1,0,Overcast,0.17
2024-11-23 17:00:00,7.3,100,3,11,23,17,5,1,0,Overcast,0.17
2024-11-23 18:00:00,7.1,100,3,11,23,18,5,1,0,Overcast,0.2
2024-11-24 11:00:00,5.4,100,3,11,24,11,6,1,0,Overcast,0.07
2024-11-24 12:00:00,5.6,100,3,11,24,12,6,1,0,Overcast,0.12
2024-11-24 13:00:00,5.7,100,3,11,24,13,6,1,0,Overcast,0.14
2024-11-24 14:00:00,6.1,100,3,11,24,14,6,1,0,Overcast,0.14
2024-11-24 15:00:00,6.7,100,3,11,24,15,6,1,0,Overcast,0.15
2024-11-24 16:00:00,7.3,88,3,11,24,16,6,1,0,Overcast,0.19
2024-11-24 17:00:00,7.7,3,0,11,24,17,6,1,1,Clear,0.26
2024-11-24 18:00:00,5.6,18,0,11,24,18,6,1,1,Clear,0.26
2024-11-25 11:00:00,6.1,100,3,11,25,11,0,0,0,Overcast,0.0
2024-11-25 12:00:00,6.8,100,3,11,25,12,0,0,0,Overcast,0.04
2024-11-25 13:00:00,7.6,100,51,11,25,13,0,0,0,Drizzle,0.05
2024-11-25 14:00:00,8.5,100,51,11,25,14,0,0,0,Drizzle,0.07
2024-11-25 15:00:00,9.9,100,3,11,25,15,0,0,0,Overcast,0.09
2024-11-25 16:00:00,10.1,100,3,11,25,16,0,0,0,Overcast,0.12
2024-11-25 17:00:00,9.6,100,3,11,25,17,0,0,0,Overcast,0.12
2024-11-25 18:00:00,9.3,100,3,11,25,18,0,0,0,Overcast,0.07
2024-11-26 11:00:00,6.1,100,3,11,26,11,1,0,0,Overcast,0.04
2024-11-26 12:00:00,6.2,99,3,11,26,12,1,0,0,Overcast,0.02
2024-11-26 13:00:00,6.5,68,2,11,26,13,1,0,0,Partly Cloudy,0.08
2024-11-26 14:00:00,7.0,13,0,11,26,14,1,0,1,Clear,0.12
2024-11-26 15:00:00,7.4,22,1,11,26,15,1,0,0,Mostly Clear,0.12
2024-11-26 16:00:00,7.4,35,1,11,26,16,1,0,0,Mostly Clear,0.13
2024-11-26 17:00:00,6.8,1,0,11,26,17,1,0,1,Clear,0.14
2024-11-26 18:00:00,5.6,0,0,11,26,18,1,0,1,Clear,0.14
2024-11-27 11:00:00,3.6,100,3,11,27,11,2,0,0,Overcast,0.05
2024-11-27 12:00:00,5.1,100,3,11,27,12,2,0,0,Overcast,0.05
2024-11-27 13:00:00,6.3,100,3,11,27,13,2,0,0,Overcast,0.09
2024-11-27 14:00:00,7.2,100,3,11,27,14,2,0,0,Overcast,0.09
2024-11-27 15:00:00,7.0,100,3,11,27,15,2,0,0,Overcast,0.08
2024-11-27 16:00:00,7.2,100,3,11,27,16,2,0,0,Overcast,0.11
2024-11-27 17:00:00,6.7,100,3,11,27,17,2,0,0,Overcast,0.1
2024-11-27 18:00:00,5.9,100,3,11,27,18,2,0,0,Overcast,0.11
2024-11-28 11:00:00,3.0,100,51,11,28,11,3,0,0,Drizzle,0.02
2024-11-28 12:00:00,3.5,100,51,11,28,12,3,0,0,Drizzle,0.03
2024-11-28 13:00:00,4.2,100,51,11,28,13,3,0,0,Drizzle,0.03
2024-11-28 14:00:00,5.0,100,3,11,28,14,3,0,0,Overcast,0.06
2024-11-28 15:00:00,5.0,89,51,11,28,15,3,0,0,Drizzle,0.08
2024-11-28 16:00:00,4.9,100,51,11,28,16,3,0,0,Drizzle,0.07
2024-11-28 17:00:00,4.3,100,51,11,28,17,3,0,0,Drizzle,0.08
2024-11-28 18:00:00,3.8,100,51,11,28,18,3,0,0,Drizzle,0.08
2024-11-29 11:00:00,-0.5,100,3,11,29,11,4,0,0,Overcast,0.03
2024-11-29 12:00:00,-0.5,100,3,11,29,12,4,0,0,Overcast,0.02
2024-11-29 13:00:00,-0.3,100,3,11,29,13,4,0,0,Overcast,0.07
2024-11-29 14:00:00,-0.4,100,3,11,29,14,4,0,0,Overcast,0.03
2024-11-29 15:00:00,-0.6,100,3,11,29,15,4,0,0,Overcast,0.09
2024-11-29 16:00:00,-1.0,100,3,11,29,16,4,0,0,Overcast,0.07
2024-11-29 17:00:00,-1.3,100,3,11,29,17,4,0,0,Overcast,0.09
2024-11-29 18:00:00,-1.7,91,3,11,29,18,4,0,0,Overcast,0.08
2024-11-30 11:00:00,-5.2,98,3,11,30,11,5,1,0,Overcast,0.07
2024-11-30 12:00:00,-4.4,100,3,11,30,12,5,1,0,Overcast,0.11
2024-11-30 13:00:00,-4.1,100,3,11,30,13,5,1,0,Overcast,0.11
2024-11-30 14:00:00,-4.1,100,3,11,30,14,5,1,0,Overcast,0.12
2024-11-30 15:00:00,-3.9,100,3,11,30,15,5,1,0,Overcast,0.15
2024-11-30 16:00:00,-3.5,99,3,11,30,16,5,1,0,Overcast,0.17
2024-11-30 17:00:00,-3.3,98,3,11,30,17,5,1,0,Overcast,0.13
2024-11-30 18:00:00,-3.3,15,0,11,30,18,5,1,1,Clear,0.25
2024-12-01 11:00:00,-3.2,1,0,12,1,11,6,1,1,Clear,0.0
2024-12-01 12:00:00,-2.0,6,0,12,1,12,6,1,1,Clear,0.09
2024-12-01 13:00:00,-1.0,42,1,12,1,13,6,1,0,Mostly Clear,0.17
2024-12-01 14:00:00,-0.5,0,0,12,1,14,6,1,1,Clear,0.18
2024-12-01 15:00:00,-0.3,38,1,12,1,15,6,1,0,Mostly Clear,0.17
2024-12-01 16:00:00,-0.6,50,2,12,1,16,6,1,0,Partly Cloudy,0.14
2024-12-02 11:00:00,-2.7,93,3,12,2,11,0,0,0,Overcast,0.02
2024-12-02 12:00:00,-1.8,81,3,12,2,12,0,0,0,Overcast,0.03
2024-12-02 13:00:00,-0.8,62,2,12,2,13,0,0,0,Partly Cloudy,0.0
2024-12-02 14:00:00,0.1,63,2,12,2,14,0,0,0,Partly Cloudy,0.03
2024-12-02 15:00:00,0.3,97,3,12,2,15,0,0,0,Overcast,0.07
2024-12-02 16:00:00,0.2,92,3,12,2,16,0,0,0,Overcast,0.05
2024-12-03 11:00:00,-2.8,11,0,12,3,11,1,0,1,Clear,0.0
2024-12-03 12:00:00,-1.7,5,0,12,3,12,1,0,1,Clear,0.01
2024-12-03 13:00:00,-0.8,18,0,12,3,13,1,0,1,Clear,0.03
2024-12-03 14:00:00,-0.2,12,0,12,3,14,1,0,1,Clear,0.02
2024-12-03 15:00:00,0.2,45,1,12,3,15,1,0,0,Mostly Clear,0.05
2024-12-03 16:00:00,-0.1,100,3,12,3,16,1,0,0,Overcast,0.03
2024-12-04 11:00:00,-2.5,100,3,12,4,11,2,0,0,Overcast,0.01
2024-12-04 12:00:00,-1.7,100,3,12,4,12,2,0,0,Overcast,0.01
2024-12-04 13:00:00,-0.7,100,3,12,4,13,2,0,0,Overcast,0.03
2024-12-04 14:00:00,0.0,100,3,12,4,14,2,0,0,Overcast,0.04
2024-12-04 15:00:00,0.9,100,3,12,4,15,2,0,0,Overcast,0.05
2024-12-04 16:00:00,1.7,100,3,12,4,16,2,0,0,Overcast,0.07
2024-12-05 11:00:00,-4.6,95,3,12,5,11,3,0,0,Overcast,0.03
2024-12-05 12:00:00,-4.0,27,1,12,5,12,3,0,0,Mostly Clear,0.02
2024-12-05 13:00:00,-2.9,83,3,12,5,13,3,0,0,Overcast,0.04
2024-12-05 14:00:00,-2.8,57,2,12,5,14,3,0,0,Partly Cloudy,0.03
2024-12-05 15:00:00,-3.2,100,3,12,5,15,3,0,0,Overcast,0.06
2024-12-05 16:00:00,-3.5,100,3,12,5,16,3,0,0,Overcast,0.05
2024-12-06 11:00:00,-4.1,13,0,12,6,11,4,0,1,Clear,0.02
2024-12-06 12:00:00,-2.6,20,1,12,6,12,4,0,0,Mostly Clear,0.03
2024-12-06 13:00:00,-1.6,83,3,12,6,13,4,0,0,Overcast,0.05
2024-12-06 14:00:00,-1.2,95,3,12,6,14,4,0,0,Overcast,0.04
2024-12-06 15:00:00,-1.5,100,3,12,6,15,4,0,0,Overcast,0.06
2024-12-06 16:00:00,-1.5,100,3,12,6,16,4,0,0,Overcast,0.05
2024-12-07 11:00:00,-2.3,100,3,12,7,11,5,1,0,Overcast,0.04
2024-12-07 12:00:00,-1.2,99,3,12,7,12,5,1,0,Overcast,0.08
2024-12-07 13:00:00,-0.1,100,3,12,7,13,5,1,0,Overcast,0.09
2024-12-07 14:00:00,0.9,99,3,12,7,14,5,1,0,Overcast,0.08
2024-12-07 15:00:00,1.5,41,1,12,7,15,5,1,0,Mostly Clear,0.15
2024-12-07 16:00:00,1.9,65,2,12,7,16,5,1,0,Partly Cloudy,0.16
2024-12-08 11:00:00,6.2,29,1,12,8,11,6,1,0,Mostly Clear,0.05
2024-12-08 12:00:00,7.5,21,1,12,8,12,6,1,0,Mostly Clear,0.08
2024-12-08 13:00:00,8.6,45,1,12,8,13,6,1,0,Mostly Clear,0.16
2024-12-08 14:00:00,9.5,1,0,12,8,14,6,1,1,Clear,0.16
2024-12-08 15:00:00,9.9,0,0,12,8,15,6,1,1,Clear,0.25
2024-12-08 16:00:00,9.8,8,0,12,8,16,6,1,1,Clear,0.21
2024-12-09 11:00:00,10.1,100,53,12,9,11,0,0,0,Drizzle,0.01
2024-12-09 12:00:00,10.5,100,53,12,9,12,0,0,0,Drizzle,0.03
2024-12-09 13:00:00,10.9,100,51,12,9,13,0,0,0,Drizzle,0.03
2024-12-09 14:00:00,11.6,100,3,12,9,14,0,0,0,Overcast,0.08
2024-12-09 15:00:00,11.8,100,51,12,9,15,0,0,0,Drizzle,0.07
2024-12-09 16:00:00,11.4,100,51,12,9,16,0,0,0,Drizzle,0.09
2024-12-10 11:00:00,9.6,80,3,12,10,11,1,0,0,Overcast,0.02
2024-12-10 12:00:00,11.4,82,3,12,10,12,1,0,0,Overcast,0.02
2024-12-10 13:00:00,13.1,100,3,12,10,13,1,0,0,Overcast,0.07
2024-12-10 14:00:00,12.7,73,2,12,10,14,1,0,0,Partly Cloudy,0.07
2024-12-10 15:00:00,13.8,71,2,12,10,15,1,0,0,Partly Cloudy,0.11
2024-12-10 16:00:00,13.2,100,51,12,10,16,1,0,0,Drizzle,0.05
2024-12-11 11:00:00,4.3,100,51,12,11,11,2,0,0,Drizzle,0.01
2024-12-11 12:00:00,3.1,100,53,12,11,12,2,0,0,Drizzle,0.01
2024-12-11 13:00:00,2.0,100,53,12,11,13,2,0,0,Drizzle,0.01
2024-12-11 14:00:00,1.5,100,73,12,11,14,2,0,0,Snow,0.03
2024-12-11 15:00:00,1.2,100,73,12,11,15,2,0,0,Snow,0.02
2024-12-11 16:00:00,0.9,100,73,12,11,16,2,0,0,Snow,0.0
2024-12-12 11:00:00,-5.2,32,1,12,12,11,3,0,0,Mostly Clear,0.05
2024-12-12 12:00:00,-6.0,1,0,12,12,12,3,0,1,Clear,0.03
2024-12-12 13:00:00,-6.1,22,1,12,12,13,3,0,0,Mostly Clear,0.02
2024-12-12 14:00:00,-5.9,48,1,12,12,14,3,0,0,Mostly Clear,0.01
2024-12-12 15:00:00,-6.0,0,0,12,12,15,3,0,1,Clear,0.09
2024-12-12 16:00:00,-6.1,0,0,12,12,16,3,0,1,Clear,0.06
2024-12-13 11:00:00,-5.8,99,3,12,13,11,4,0,0,Overcast,0.03
2024-12-13 12:00:00,-4.9,68,2,12,13,12,4,0,0,Partly Cloudy,0.01
2024-12-13 13:00:00,-3.9,1,0,12,13,13,4,0,1,Clear,0.02
2024-12-13 14:00:00,-3.1,0,0,12,13,14,4,0,1,Clear,0.01
2024-12-13 15:00:00,-2.6,13,0,12,13,15,4,0,1,Clear,0.09
2024-12-13 16:00:00,-2.6,13,0,12,13,16,4,0,1,Clear,0.07
2024-12-14 11:00:00,-3.0,99,3,12,14,11,5,1,0,Overcast,0.03
2024-12-14 12:00:00,-0.7,58,2,12,14,12,5,1,0,Partly Cloudy,0.07
2024-12-14 13:00:00,1.2,65,2,12,14,13,5,1,0,Partly Cloudy,0.11
2024-12-14 14:00:00,2.5,52,2,12,14,14,5,1,0,Partly Cloudy,0.11
2024-12-14 15:00:00,3.2,99,3,12,14,15,5,1,0,Overcast,0.14
2024-12-14 16:00:00,3.2,62,2,12,14,16,5,1,0,Partly Cloudy,0.16
2024-12-15 11:00:00,1.3,100,51,12,15,11,6,1,0,Drizzle,0.03
2024-12-15 12:00:00,1.6,100,55,12,15,12,6,1,0,Drizzle,0.03
2024-12-15 13:00:00,1.8,100,61,12,15,13,6,1,0,Rain,0.03
2024-12-15 14:00:00,2.3,100,61,12,15,14,6,1,0,Rain,0.07
2024-12-15 15:00:00,2.8,100,51,12,15,15,6,1,0,Drizzle,0.06
2024-12-15 16:00:00,3.3,100,3,12,15,16,6,1,0,Overcast,0.1
2024-12-16 11:00:00,5.6,100,3,12,16,11,0,0,0,Overcast,0.01
2024-12-16 12:00:00,6.7,100,3,12,16,12,0,0,0,Overcast,0.01
2024-12-16 13:00:00,8.5,100,3,12,16,13,0,0,0,Overcast,0.02
2024-12-16 14:00:00,9.8,100,3,12,16,14,0,0,0,Overcast,0.03
2024-12-16 15:00:00,11.3,100,3,12,16,15,0,0,0,Overcast,0.11
2024-12-16 16:00:00,10.5,100,51,12,16,16,0,0,0,Drizzle,0.07
2024-12-17 11:00:00,6.5,0,0,12,17,11,1,0,1,Clear,0.04
2024-12-17 12:00:00,7.6,0,0,12,17,12,1,0,1,Clear,0.04
2024-12-17 13:00:00,8.5,0,0,12,17,13,1,0,1,Clear,0.05
2024-12-17 14:00:00,9.3,0,0,12,17,14,1,0,1,Clear,0.03
2024-12-17 15:00:00,9.7,0,0,12,17,15,1,0,1,Clear,0.11
2024-12-17 16:00:00,9.7,24,1,12,17,16,1,0,0,Mostly Clear,0.07
2024-12-18 11:00:00,1.8,100,3,12,18,11,2,0,0,Overcast,0.02
2024-12-18 12:00:00,3.1,100,3,12,18,12,2,0,0,Overcast,0.04
2024-12-18 13:00:00,3.4,100,51,12,18,13,2,0,0,Drizzle,0.05
2024-12-18 14:00:00,2.7,100,61,12,18,14,2,0,0,Rain,0.04
2024-12-18 15:00:00,2.1,100,61,12,18,15,2,0,0,Rain,0.02
2024-12-18 16:00:00,1.9,100,55,12,18,16,2,0,0,Drizzle,0.05
2024-12-19 11:00:00,0.9,100,3,12,19,11,3,0,0,Overcast,0.02
2024-12-19 12:00:00,1.7,100,3,12,19,12,3,0,0,Overcast,0.02
2024-12-19 13:00:00,1.9,100,3,12,19,13,3,0,0,Overcast,0.05
2024-12-19 14:00:00,2.0,100,3,12,19,14,3,0,0,Overcast,0.01
2024-12-19 15:00:00,2.1,100,3,12,19,15,3,0,0,Overcast,0.06
2024-12-19 16:00:00,2.2,100,3,12,19,16,3,0,0,Overcast,0.05
2024-12-20 11:00:00,0.3,98,71,12,20,11,4,0,0,Snow,0.03
2024-12-20 12:00:00,0.9,100,3,12,20,12,4,0,0,Overcast,0.04
2024-12-20 13:00:00,1.8,100,3,12,20,13,4,0,0,Overcast,0.03
2024-12-20 14:00:00,1.9,100,3,12,20,14,4,0,0,Overcast,0.01
2024-12-20 15:00:00,2.1,100,3,12,20,15,4,0,0,Overcast,0.05
2024-12-20 16:00:00,2.1,100,3,12,20,16,4,0,0,Overcast,0.04
2024-12-21 11:00:00,-3.0,75,71,12,21,11,5,1,0,Snow,0.01
2024-12-21 12:00:00,-2.7,100,71,12,21,12,5,1,0,Snow,0.03
2024-12-21 13:00:00,-2.8,100,3,12,21,13,5,1,0,Overcast,0.09
2024-12-21 14:00:00,-2.9,100,3,12,21,14,5,1,0,Overcast,0.12
2024-12-21 15:00:00,-3.0,100,71,12,21,15,5,1,0,Snow,0.05
2024-12-21 16:00:00,-3.2,100,71,12,21,16,5,1,0,Snow,0.03
2024-12-22 11:00:00,-6.4,94,3,12,22,11,6,1,0,Overcast,0.01
2024-12-22 12:00:00,-5.4,81,3,12,22,12,6,1,0,Overcast,0.07
2024-12-22 13:00:00,-4.7,76,2,12,22,13,6,1,0,Partly Cloudy,0.13
2024-12-22 14:00:00,-4.1,99,3,12,22,14,6,1,0,Overcast,0.11
2024-12-22 15:00:00,-3.9,93,3,12,22,15,6,1,0,Overcast,0.15
2024-12-22 16:00:00,-4.1,98,3,12,22,16,6,1,0,Overcast,0.14
2024-12-23 11:00:00,-3.0,100,3,12,23,11,0,0,0,Overcast,0.03
2024-12-23 12:00:00,-0.2,100,3,12,23,12,0,0,0,Overcast,0.01
2024-12-23 13:00:00,2.2,100,3,12,23,13,0,0,0,Overcast,0.0
2024-12-23 14:00:00,3.8,100,3,12,23,14,0,0,0,Overcast,0.01
2024-12-23 15:00:00,4.4,100,3,12,23,15,0,0,0,Overcast,0.05
2024-12-23 16:00:00,4.9,100,3,12,23,16,0,0,0,Overcast,0.06
2024-12-24 11:00:00,2.3,100,3,12,24,11,1,0,0,Overcast,0.02
2024-12-24 12:00:00,2.6,100,3,12,24,12,1,0,0,Overcast,0.01
2024-12-24 13:00:00,3.1,100,3,12,24,13,1,0,0,Overcast,0.0
2024-12-24 14:00:00,3.3,100,3,12,24,14,1,0,0,Overcast,0.02
2024-12-24 15:00:00,3.3,100,3,12,24,15,1,0,0,Overcast,0.05
2024-12-24 16:00:00,2.9,100,51,12,24,16,1,0,0,Drizzle,0.03
2024-12-25 11:00:00,1.8,100,3,12,25,11,2,0,0,Overcast,0.03
2024-12-25 12:00:00,2.3,100,3,12,25,12,2,0,0,Overcast,0.04
2024-12-25 13:00:00,2.9,100,3,12,25,13,2,0,0,Overcast,0.01
2024-12-25 14:00:00,3.1,100,3,12,25,14,2,0,0,Overcast,0.01
2024-12-25 15:00:00,3.1,100,3,12,25,15,2,0,0,Overcast,0.05
2024-12-25 16:00:00,3.2,100,3,12,25,16,2,0,0,Overcast,0.04
2024-12-26 11:00:00,3.3,2,0,12,26,11,3,0,1,Clear,0.02
2024-12-26 12:00:00,4.8,5,0,12,26,12,3,0,1,Clear,0.04
2024-12-26 13:00:00,6.2,21,1,12,26,13,3,0,0,Mostly Clear,0.03
2024-12-26 14:00:00,7.2,10,0,12,26,14,3,0,1,Clear,0.07
2024-12-26 15:00:00,8.0,29,1,12,26,15,3,0,0,Mostly Clear,0.08
2024-12-26 16:00:00,8.0,52,2,12,26,16,3,0,0,Partly Cloudy,0.1
2024-12-27 11:00:00,4.5,100,3,12,27,11,4,0,0,Overcast,0.01
2024-12-27 12:00:00,6.6,99,3,12,27,12,4,0,0,Overcast,0.01
2024-12-27 13:00:00,8.5,99,3,12,27,13,4,0,0,Overcast,0.06
2024-12-27 14:00:00,9.9,100,3,12,27,14,4,0,0,Overcast,0.06
2024-12-27 15:00:00,10.5,100,3,12,27,15,4,0,0,Overcast,0.1
2024-12-27 16:00:00,10.2,100,3,12,27,16,4,0,0,Overcast,0.1
2024-12-28 11:00:00,12.4,94,3,12,28,11,5,1,0,Overcast,0.05
2024-12-28 12:00:00,13.4,97,3,12,28,12,5,1,0,Overcast,0.11
2024-12-28 13:00:00,14.5,98,51,12,28,13,5,1,0,Drizzle,0.11
2024-12-28 14:00:00,15.0,100,3,12,28,14,5,1,0,Overcast,0.12
2024-12-28 15:00:00,15.5,88,3,12,28,15,5,1,0,Overcast,0.17
2024-12-28 16:00:00,15.7,99,3,12,28,16,5,1,0,Overcast,0.16
2024-12-29 11:00:00,14.4,100,3,12,29,11,6,1,0,Overcast,0.06
2024-12-29 12:00:00,16.9,100,3,12,29,12,6,1,0,Overcast,0.08
2024-12-29 13:00:00,17.4,100,3,12,29,13,6,1,0,Overcast,0.2
2024-12-29 14:00:00,17.4,100,3,12,29,14,6,1,0,Overcast,0.16
2024-12-29 15:00:00,16.6,100,51,12,29,15,6,1,0,Drizzle,0.12
2024-12-29 16:00:00,17.9,100,51,12,29,16,6,1,0,Drizzle,0.11
2024-12-30 11:00:00,5.0,72,51,12,30,11,0,0,0,Drizzle,0.03
2024-12-30 12:00:00,6.2,100,51,12,30,12,0,0,0,Drizzle,0.02
2024-12-30 13:00:00,6.4,98,51,12,30,13,0,0,0,Drizzle,0.05
2024-12-30 14:00:00,7.2,67,2,12,30,14,0,0,0,Partly Cloudy,0.04
2024-12-30 15:00:00,8.3,36,1,12,30,15,0,0,0,Mostly Clear,0.06
2024-12-30 16:00:00,8.9,0,0,12,30,16,0,0,1,Clear,0.07
2024-12-31 11:00:00,7.0,54,2,12,31,11,1,0,0,Partly Cloudy,0.01
2024-12-31 12:00:00,9.8,100,3,12,31,12,1,0,0,Overcast,0.04
2024-12-31 13:00:00,10.1,100,3,12,31,13,1,0,0,Overcast,0.05
2024-12-31 14:00:00,8.6,100,53,12,31,14,1,0,0,Drizzle,0.06
2024-12-31 15:00:00,7.6,100,55,12,31,15,1,0,0,Drizzle,0.07
2024-12-31 16:00:00,8.7,100,51,12,31,16,1,0,0,Drizzle,0.03
2025-01-01 11:00:00,1.8,100,3,1,1,11,2,0,0,Overcast,0.03
2025-01-01 12:00:00,2.1,100,3,1,1,12,2,0,0,Overcast,0.05
2025-01-01 13:00:00,2.8,100,51,1,1,13,2,0,0,Drizzle,0.03
2025-01-01 14:00:00,3.0,100,3,1,1,14,2,0,0,Overcast,0.04
2025-01-01 15:00:00,3.0,92,3,1,1,15,2,0,0,Overcast,0.06
2025-01-01 16:00:00,3.1,52,51,1,1,16,2,0,0,Drizzle,0.04
2025-01-02 11:00:00,-1.8,97,3,1,2,11,3,0,0,Overcast,0.03
2025-01-02 12:00:00,-1.7,100,3,1,2,12,3,0,0,Overcast,0.05
2025-01-02 13:00:00,-1.0,100,3,1,2,13,3,0,0,Overcast,0.03
2025-01-02 14:00:00,-0.3,100,3,1,2,14,3,0,0,Overcast,0.02
2025-01-02 15:00:00,-0.1,100,3,1,2,15,3,0,0,Overcast,0.03
2025-01-02 16:00:00,-0.3,100,3,1,2,16,3,0,0,Overcast,0.04
2025-01-03 11:00:00,-1.7,100,73,1,3,11,4,0,0,Snow,0.03
2025-01-03 12:00:00,-1.4,100,73,1,3,12,4,0,0,Snow,0.03
2025-01-03 13:00:00,-1.7,100,73,1,3,13,4,0,0,Snow,0.02
2025-01-03 14:00:00,-1.8,100,71,1,3,14,4,0,0,Snow,0.0
2025-01-03 15:00:00,-1.6,81,71,1,3,15,4,0,0,Snow,0.03
2025-01-03 16:00:00,-2.2,96,73,1,3,16,4,0,0,Snow,0.05
2025-01-04 11:00:00,-6.5,98,71,1,4,11,5,1,0,Snow,0.03
2025-01-04 12:00:00,-6.0,100,71,1,4,12,5,1,0,Snow,0.02
2025-01-04 13:00:00,-6.0,100,71,1,4,13,5,1,0,Snow,0.04
2025-01-04 14:00:00,-6.0,100,71,1,4,14,5,1,0,Snow,0.05
2025-01-04 15:00:00,-6.2,100,71,1,4,15,5,1,0,Snow,0.04
2025-01-04 16:00:00,-6.4,100,3,1,4,16,5,1,0,Overcast,0.14
2025-01-05 11:00:00,-10.4,91,3,1,5,11,6,1,0,Overcast,0.0
2025-01-05 12:00:00,-9.0,56,2,1,5,12,6,1,0,Partly Cloudy,0.08
2025-01-05 13:00:00,-7.7,100,3,1,5,13,6,1,0,Overcast,0.12
2025-01-05 14:00:00,-6.9,100,3,1,5,14,6,1,0,Overcast,0.11
2025-01-05 15:00:00,-6.4,100,3,1,5,15,6,1,0,Overcast,0.15
2025-01-05 16:00:00,-6.0,100,3,1,5,16,6,1,0,Overcast,0.1
2025-01-06 11:00:00,-5.5,100,71,1,6,11,0,0,0,Snow,0.01
2025-01-06 12:00:00,-4.9,100,3,1,6,12,0,0,0,Overcast,0.04
2025-01-06 13:00:00,-4.6,100,71,1,6,13,0,0,0,Snow,0.03
2025-01-06 14:00:00,-4.5,100,71,1,6,14,0,0,0,Snow,0.02
2025-01-06 15:00:00,-4.0,100,71,1,6,15,0,0,0,Snow,0.0
2025-01-06 16:00:00,-3.6,100,71,1,6,16,0,0,0,Snow,0.03
2025-01-07 11:00:00,-4.3,100,3,1,7,11,1,0,0,Overcast,0.04
2025-01-07 12:00:00,-4.0,100,51,1,7,12,1,0,0,Drizzle,0.04
2025-01-07 13:00:00,-3.7,100,3,1,7,13,1,0,0,Overcast,0.02
2025-01-07 14:00:00,-3.6,99,3,1,7,14,1,0,0,Overcast,0.01
2025-01-07 15:00:00,-4.1,100,3,1,7,15,1,0,0,Overcast,0.06
2025-01-07 16:00:00,-4.7,100,3,1,7,16,1,0,0,Overcast,0.03
2025-01-08 11:00:00,-5.9,100,3,1,8,11,2,0,0,Overcast,0.02
2025-01-08 12:00:00,-5.8,100,71,1,8,12,2,0,0,Snow,0.05
2025-01-08 13:00:00,-5.8,100,71,1,8,13,2,0,0,Snow,0.01
2025-01-08 14:00:00,-6.0,100,3,1,8,14,2,0,0,Overcast,0.05
2025-01-08 15:00:00,-6.4,100,3,1,8,15,2,0,0,Overcast,0.03
2025-01-08 16:00:00,-6.6,100,3,1,8,16,2,0,0,Overcast,0.07
2025-01-09 11:00:00,-8.3,22,1,1,9,11,3,0,0,Mostly Clear,0.03
2025-01-09 12:00:00,-7.9,58,2,1,9,12,3,0,0,Partly Cloudy,0.02
2025-01-09 13:00:00,-7.5,83,3,1,9,13,3,0,0,Overcast,0.01
2025-01-09 14:00:00,-7.3,87,3,1,9,14,3,0,0,Overcast,0.04
2025-01-09 15:00:00,-7.0,98,3,1,9,15,3,0,0,Overcast,0.07
2025-01-09 16:00:00,-6.8,88,3,1,9,16,3,0,0,Overcast,0.04
2025-01-10 11:00:00,-12.8,100,3,1,10,11,4,0,0,Overcast,0.03
2025-01-10 12:00:00,-10.0,100,3,1,10,12,4,0,0,Overcast,0.05
2025-01-10 13:00:00,-8.4,100,3,1,10,13,4,0,0,Overcast,0.04
2025-01-10 14:00:00,-7.2,100,3,1,10,14,4,0,0,Overcast,0.04
2025-01-10 15:00:00,-6.4,100,3,1,10,15,4,0,0,Overcast,0.06
2025-01-10 16:00:00,-6.2,100,3,1,10,16,4,0,0,Overcast,0.06
2025-01-11 11:00:00,-6.0,100,71,1,11,11,5,1,0,Snow,0.04
2025-01-11 12:00:00,-5.3,100,71,1,11,12,5,1,0,Snow,0.01
2025-01-11 13:00:00,-4.8,100,71,1,11,13,5,1,0,Snow,0.05
2025-01-11 14:00:00,-4.0,100,71,1,11,14,5,1,0,Snow,0.04
2025-01-11 15:00:00,-3.7,100,71,1,11,15,5,1,0,Snow,0.03
2025-01-11 16:00:00,-3.3,100,3,1,11,16,5,1,0,Overcast,0.13
2025-01-12 11:00:00,-4.9,95,3,1,12,11,6,1,0,Overcast,0.04
2025-01-12 12:00:00,-3.6,100,3,1,12,12,6,1,0,Overcast,0.06
2025-01-12 13:00:00,-3.0,100,3,1,12,13,6,1,0,Overcast,0.1
2025-01-12 14:00:00,-2.3,100,3,1,12,14,6,1,0,Overcast,0.12
2025-01-12 15:00:00,-1.7,100,3,1,12,15,6,1,0,Overcast,0.13
2025-01-12 16:00:00,-1.4,66,2,1,12,16,6,1,0,Partly Cloudy,0.17
2025-01-13 11:00:00,0.2,2,0,1,13,11,0,0,1,Clear,0.0
2025-01-13 12:00:00,-0.6,0,0,1,13,12,0,0,1,Clear,0.01
2025-01-13 13:00:00,-1.2,0,0,1,13,13,0,0,1,Clear,0.03
2025-01-13 14:00:00,-1.7,0,0,1,13,14,0,0,1,Clear,0.02
2025-01-13 15:00:00,-1.9,0,0,1,13,15,0,0,1,Clear,0.09
2025-01-13 16:00:00,-2.2,0,0,1,13,16,0,0,1,Clear,0.06
2025-01-14 11:00:00,-11.3,10,0,1,14,11,1,0,1,Clear,0.02
2025-01-14 12:00:00,-9.8,70,2,1,14,12,1,0,0,Partly Cloudy,0.02
2025-01-14 13:00:00,-8.6,98,3,1,14,13,1,0,0,Overcast,0.03
2025-01-14 14:00:00,-7.7,100,3,1,14,14,1,0,0,Overcast,0.02
2025-01-14 15:00:00,-7.4,100,71,1,14,15,1,0,0,Snow,0.04
2025-01-14 16:00:00,-7.3,100,71,1,14,16,1,0,0,Snow,0.05
2025-01-15 11:00:00,-11.5,100,3,1,15,11,2,0,0,Overcast,0.03
2025-01-15 12:00:00,-10.1,100,3,1,15,12,2,0,0,Overcast,0.02
2025-01-15 13:00:00,-9.0,100,3,1,15,13,2,0,0,Overcast,0.04
2025-01-15 14:00:00,-8.3,100,3,1,15,14,2,0,0,Overcast,0.01
2025-01-15 15:00:00,-7.9,91,3,1,15,15,2,0,0,Overcast,0.05
2025-01-15 16:00:00,-7.7,100,3,1,15,16,2,0,0,Overcast,0.03
2025-01-16 11:00:00,-5.8,100,73,1,16,11,3,0,0,Snow,0.01
2025-01-16 12:00:00,-4.9,100,73,1,16,12,3,0,0,Snow,0.01
2025-01-16 13:00:00,-4.4,100,73,1,16,13,3,0,0,Snow,0.01
2025-01-16 14:00:00,-3.8,100,71,1,16,14,3,0,0,Snow,0.05
2025-01-16 15:00:00,-2.4,100,3,1,16,15,3,0,0,Overcast,0.04
2025-01-16 16:00:00,-1.9,100,3,1,16,16,3,0,0,Overcast,0.07
2025-01-17 11:00:00,-0.3,81,3,1,17,11,4,0,0,Overcast,0.02
2025-01-17 12:00:00,0.2,72,2,1,17,12,4,0,0,Partly Cloudy,0.05
2025-01-17 13:00:00,0.7,21,1,1,17,13,4,0,0,Mostly Clear,0.03
2025-01-17 14:00:00,1.2,52,2,1,17,14,4,0,0,Partly Cloudy,0.02
2025-01-17 15:00:00,1.4,78,2,1,17,15,4,0,0,Partly Cloudy,0.05
2025-01-17 16:00:00,1.7,0,0,1,17,16,4,0,1,Clear,0.06
2025-01-18 11:00:00,1.2,100,71,1,18,11,5,1,0,Snow,0.01
2025-01-18 12:00:00,1.6,100,51,1,18,12,5,1,0,Drizzle,0.03
2025-01-18 13:00:00,2.1,100,51,1,18,13,5,1,0,Drizzle,0.08
2025-01-18 14:00:00,2.2,100,51,1,18,14,5,1,0,Drizzle,0.08
2025-01-18 15:00:00,2.6,100,51,1,18,15,5,1,0,Drizzle,0.07
2025-01-18 16:00:00,2.2,100,51,1,18,16,5,1,0,Drizzle,0.06
2025-01-19 11:00:00,-5.7,100,71,1,19,11,6,1,0,Snow,0.0
2025-01-19 12:00:00,-5.7,100,71,1,19,12,6,1,0,Snow,0.01
2025-01-19 13:00:00,-5.5,100,73,1,19,13,6,1,0,Snow,0.01
2025-01-19 14:00:00,-5.4,100,73,1,19,14,6,1,0,Snow,0.02
2025-01-19 15:00:00,-5.2,100,73,1,19,15,6,1,0,Snow,0.03
2025-01-19 16:00:00,-5.1,100,73,1,19,16,6,1,0,Snow,0.02
2025-01-20 11:00:00,-13.9,0,0,1,20,11,0,0,1,Clear,0.04
2025-01-20 12:00:00,-13.3,0,0,1,20,12,0,0,1,Clear,0.05
2025-01-20 13:00:00,-12.8,31,1,1,20,13,0,0,0,Mostly Clear,0.04
2025-01-20 14:00:00,-12.4,58,2,1,20,14,0,0,0,Partly Cloudy,0.04
2025-01-20 15:00:00,-12.3,73,2,1,20,15,0,0,0,Partly Cloudy,0.06
2025-01-20 16:00:00,-12.3,100,3,1,20,16,0,0,0,Overcast,0.06
2025-01-21 11:00:00,-16.5,100,3,1,21,11,1,0,0,Overcast,0.01
2025-01-21 12:00:00,-14.7,100,3,1,21,12,1,0,0,Overcast,0.01
2025-01-21 13:00:00,-13.3,100,3,1,21,13,1,0,0,Overcast,0.0
2025-01-21 14:00:00,-12.4,99,3,1,21,14,1,0,0,Overcast,0.0
2025-01-21 15:00:00,-11.8,91,3,1,21,15,1,0,0,Overcast,0.04
2025-01-21 16:00:00,-11.5,45,1,1,21,16,1,0,0,Mostly Clear,0.04
2025-01-22 11:00:00,-19.0,0,0,1,22,11,2,0,1,Clear,0.03
2025-01-22 12:00:00,-16.8,89,3,1,22,12,2,0,0,Overcast,0.04
2025-01-22 13:00:00,-15.4,100,3,1,22,13,2,0,0,Overcast,0.03
2025-01-22 14:00:00,-14.5,100,3,1,22,14,2,0,0,Overcast,0.02
2025-01-22 15:00:00,-13.8,100,3,1,22,15,2,0,0,Overcast,0.06
2025-01-22 16:00:00,-13.4,100,3,1,22,16,2,0,0,Overcast,0.05
2025-01-23 11:00:00,-9.6,11,0,1,23,11,3,0,1,Clear,0.03
2025-01-23 12:00:00,-7.5,17,0,1,23,12,3,0,1,Clear,0.01
2025-01-23 13:00:00,-6.0,75,2,1,23,13,3,0,0,Partly Cloudy,0.02
2025-01-23 14:00:00,-5.1,100,3,1,23,14,3,0,0,Overcast,0.04
2025-01-23 15:00:00,-4.8,100,3,1,23,15,3,0,0,Overcast,0.04
2025-01-23 16:00:00,-4.9,100,3,1,23,16,3,0,0,Overcast,0.06
2025-01-24 11:00:00,-8.1,100,3,1,24,11,4,0,0,Overcast,0.02
2025-01-24 12:00:00,-7.1,99,3,1,24,12,4,0,0,Overcast,0.01
2025-01-24 13:00:00,-6.5,100,3,1,24,13,4,0,0,Overcast,0.02
2025-01-24 14:00:00,-6.2,100,3,1,24,14,4,0,0,Overcast,0.03
2025-01-24 15:00:00,-6.1,100,3,1,24,15,4,0,0,Overcast,0.04
2025-01-24 16:00:00,-6.1,100,3,1,24,16,4,0,0,Overcast,0.03
2025-01-25 11:00:00,-7.4,41,1,1,25,11,5,1,0,Mostly Clear,0.03
2025-01-25 12:00:00,-5.7,33,1,1,25,12,5,1,0,Mostly Clear,0.09
2025-01-25 13:00:00,-3.8,96,3,1,25,13,5,1,0,Overcast,0.11
2025-01-25 14:00:00,-2.5,75,2,1,25,14,5,1,0,Partly Cloudy,0.14
2025-01-25 15:00:00,-1.5,100,3,1,25,15,5,1,0,Overcast,0.13
2025-01-25 16:00:00,-0.9,100,3,1,25,16,5,1,0,Overcast,0.12
2025-01-26 11:00:00,-1.0,100,3,1,26,11,6,1,0,Overcast,0.03
2025-01-26 12:00:00,-0.6,100,3,1,26,12,6,1,0,Overcast,0.06
2025-01-26 13:00:00,-0.2,99,3,1,26,13,6,1,0,Overcast,0.08
2025-01-26 14:00:00,0.1,100,3,1,26,14,6,1,0,Overcast,0.09
2025-01-26 15:00:00,0.3,100,3,1,26,15,6,1,0,Overcast,0.14
2025-01-26 16:00:00,0.2,100,3,1,26,16,6,1,0,Overcast,0.13
2025-01-27 11:00:00,-4.9,0,0,1,27,11,0,0,1,Clear,0.04
2025-01-27 12:00:00,-3.5,0,0,1,27,12,0,0,1,Clear,0.0
2025-01-27 13:00:00,-2.4,0,0,1,27,13,0,0,1,Clear,0.0
2025-01-27 14:00:00,-1.6,0,0,1,27,14,0,0,1,Clear,0.01
2025-01-27 15:00:00,-1.0,0,0,1,27,15,0,0,1,Clear,0.07
2025-01-27 16:00:00,-0.7,0,0,1,27,16,0,0,1,Clear,0.04
2025-01-28 11:00:00,0.1,100,3,1,28,11,1,0,0,Overcast,0.02
2025-01-28 12:00:00,0.3,100,3,1,28,12,1,0,0,Overcast,0.01
2025-01-28 13:00:00,0.7,100,3,1,28,13,1,0,0,Overcast,0.04
2025-01-28 14:00:00,1.5,98,3,1,28,14,1,0,0,Overcast,0.04
2025-01-28 15:00:00,1.8,100,3,1,28,15,1,0,0,Overcast,0.03
2025-01-28 16:00:00,2.1,99,3,1,28,16,1,0,0,Overcast,0.05
2025-01-29 11:00:00,3.2,59,2,1,29,11,2,0,0,Partly Cloudy,0.04
2025-01-29 12:00:00,3.9,91,3,1,29,12,2,0,0,Overcast,0.01
2025-01-29 13:00:00,4.0,96,3,1,29,13,2,0,0,Overcast,0.04
2025-01-29 14:00:00,4.1,100,3,1,29,14,2,0,0,Overcast,0.03
2025-01-29 15:00:00,4.0,44,1,1,29,15,2,0,0,Mostly Clear,0.04
2025-01-29 16:00:00,4.1,42,1,1,29,16,2,0,0,Mostly Clear,0.04
2025-01-30 11:00:00,1.0,73,2,1,30,11,3,0,0,Partly Cloudy,0.03
2025-01-30 12:00:00,3.8,100,3,1,30,12,3,0,0,Overcast,0.02
2025-01-30 13:00:00,5.6,100,3,1,30,13,3,0,0,Overcast,0.04
2025-01-30 14:00:00,7.0,100,3,1,30,14,3,0,0,Overcast,0.04
2025-01-30 15:00:00,7.7,100,3,1,30,15,3,0,0,Overcast,0.06
2025-01-30 16:00:00,7.7,100,3,1,30,16,3,0,0,Overcast,0.07
2025-01-31 11:00:00,4.7,100,51,1,31,11,4,0,0,Drizzle,0.05
2025-01-31 12:00:00,5.2,100,53,1,31,12,4,0,0,Drizzle,0.02
2025-01-31 13:00:00,6.3,100,63,1,31,13,4,0,0,Rain,0.01
2025-01-31 14:00:00,7.6,100,61,1,31,14,4,0,0,Rain,0.03
2025-01-31 15:00:00,8.3,100,63,1,31,15,4,0,0,Rain,0.05
2025-01-31 16:00:00,9.5,100,63,1,31,16,4,0,0,Rain,0.05
2025-02-01 11:00:00,-3.4,10,0,2,1,11,5,1,1,Clear,0.04
2025-02-01 12:00:00,-2.8,0,0,2,1,12,5,1,1,Clear,0.05
2025-02-01 13:00:00,-2.4,0,0,2,1,13,5,1,1,Clear,0.15
2025-02-01 14:00:00,-2.0,0,0,2,1,14,5,1,1,Clear,0.17
2025-02-01 15:00:00,-1.9,0,0,2,1,15,5,1,1,Clear,0.2
2025-02-01 16:00:00,-2.0,0,0,2,1,16,5,1,1,Clear,0.18
2025-02-02 11:00:00,0.6,100,3,2,2,11,6,1,0,Overcast,0.0
2025-02-02 12:00:00,2.1,100,3,2,2,12,6,1,0,Overcast,0.08
2025-02-02 13:00:00,4.7,100,3,2,2,13,6,1,0,Overcast,0.1
2025-02-02 14:00:00,6.4,100,3,2,2,14,6,1,0,Overcast,0.13
2025-02-02 15:00:00,5.9,100,51,2,2,15,6,1,0,Drizzle,0.11
2025-02-02 16:00:00,6.4,100,3,2,2,16,6,1,0,Overcast,0.14
2025-02-03 11:00:00,5.1,100,3,2,3,11,0,0,0,Overcast,0.02
2025-02-03 12:00:00,7.6,97,3,2,3,12,0,0,0,Overcast,0.02
2025-02-03 13:00:00,9.9,100,3,2,3,13,0,0,0,Overcast,0.03
2025-02-03 14:00:00,12.4,100,3,2,3,14,0,0,0,Overcast,0.06
2025-02-03 15:00:00,14.8,100,3,2,3,15,0,0,0,Overcast,0.11
2025-02-03 16:00:00,15.2,100,3,2,3,16,0,0,0,Overcast,0.09
2025-02-04 11:00:00,1.0,100,3,2,4,11,1,0,0,Overcast,0.02
2025-02-04 12:00:00,0.9,86,3,2,4,12,1,0,0,Overcast,0.01
2025-02-04 13:00:00,2.1,4,0,2,4,13,1,0,1,Clear,0.02
2025-02-04 14:00:00,2.8,2,0,2,4,14,1,0,1,Clear,0.02
2025-02-04 15:00:00,3.1,0,0,2,4,15,1,0,1,Clear,0.08
2025-02-04 16:00:00,2.8,1,0,2,4,16,1,0,1,Clear,0.05
2025-02-05 11:00:00,-2.9,100,3,2,5,11,2,0,0,Overcast,0.03
2025-02-05 12:00:00,-2.4,100,3,2,5,12,2,0,0,Overcast,0.02
2025-02-05 13:00:00,-2.1,100,3,2,5,13,2,0,0,Overcast,0.01
2025-02-05 14:00:00,-1.7,100,3,2,5,14,2,0,0,Overcast,0.04
2025-02-05 15:00:00,-1.3,100,3,2,5,15,2,0,0,Overcast,0.04
2025-02-05 16:00:00,-0.9,100,3,2,5,16,2,0,0,Overcast,0.06
2025-02-06 11:00:00,5.2,100,51,2,6,11,3,0,0,Drizzle,0.0
2025-02-06 12:00:00,5.4,100,3,2,6,12,3,0,0,Overcast,0.05
2025-02-06 13:00:00,6.0,100,3,2,6,13,3,0,0,Overcast,0.05
2025-02-06 14:00:00,6.7,100,3,2,6,14,3,0,0,Overcast,0.06
2025-02-06 15:00:00,7.6,100,3,2,6,15,3,0,0,Overcast,0.09
2025-02-06 16:00:00,7.9,100,3,2,6,16,3,0,0,Overcast,0.07
2025-02-07 11:00:00,-0.5,100,3,2,7,11,4,0,0,Overcast,0.05
2025-02-07 12:00:00,-0.7,100,3,2,7,12,4,0,0,Overcast,0.03
2025-02-07 13:00:00,-0.6,100,3,2,7,13,4,0,0,Overcast,0.04
2025-02-07 14:00:00,-0.1,100,3,2,7,14,4,0,0,Overcast,0.02
2025-02-07 15:00:00,-0.2,100,3,2,7,15,4,0,0,Overcast,0.05
2025-02-07 16:00:00,-0.2,100,3,2,7,16,4,0,0,Overcast,0.03
2025-02-08 11:00:00,-1.8,100,3,2,8,11,5,1,0,Overcast,0.04
2025-02-08 12:00:00,-0.2,100,3,2,8,12,5,1,0,Overcast,0.06
2025-02-08 13:00:00,1.2,100,3,2,8,13,5,1,0,Overcast,0.11
2025-02-08 14:00:00,2.5,100,3,2,8,14,5,1,0,Overcast,0.12
2025-02-08 15:00:00,3.7,100,3,2,8,15,5,1,0,Overcast,0.13
2025-02-08 16:00:00,3.2,100,51,2,8,16,5,1,0,Drizzle,0.07
2025-02-09 11:00:00,-0.9,100,3,2,9,11,6,1,0,Overcast,0.05
2025-02-09 12:00:00,-0.5,100,3,2,9,12,6,1,0,Overcast,0.03
2025-02-09 13:00:00,0.1,100,3,2,9,13,6,1,0,Overcast,0.08
2025-02-09 14:00:00,0.5,100,3,2,9,14,6,1,0,Overcast,0.09
2025-02-09 15:00:00,1.0,97,3,2,9,15,6,1,0,Overcast,0.14
2025-02-09 16:00:00,1.2,70,2,2,9,16,6,1,0,Partly Cloudy,0.18
2025-02-10 11:00:00,-2.2,100,3,2,10,11,0,0,0,Overcast,0.04
2025-02-10 12:00:00,-1.8,100,3,2,10,12,0,0,0,Overcast,0.01
2025-02-10 13:00:00,-1.1,68,2,2,10,13,0,0,0,Partly Cloudy,0.03
2025-02-10 14:00:00,-0.2,34,1,2,10,14,0,0,0,Mostly Clear,0.04
2025-02-10 15:00:00,1.4,77,2,2,10,15,0,0,0,Partly Cloudy,0.07
2025-02-10 16:00:00,1.3,90,3,2,10,16,0,0,0,Overcast,0.04
2025-02-11 11:00:00,-0.7,100,3,2,11,11,1,0,0,Overcast,0.04
2025-02-11 12:00:00,0.4,100,3,2,11,12,1,0,0,Overcast,0.0
2025-02-11 13:00:00,0.9,100,71,2,11,13,1,0,0,Snow,0.01
2025-02-11 14:00:00,1.2,100,71,2,11,14,1,0,0,Snow,0.05
2025-02-11 15:00:00,0.9,100,71,2,11,15,1,0,0,Snow,0.04
2025-02-11 16:00:00,0.7,100,71,2,11,16,1,0,0,Snow,0.05
2025-02-12 11:00:00,-0.8,100,71,2,12,11,2,0,0,Snow,0.02
2025-02-12 12:00:00,-0.2,100,71,2,12,12,2,0,0,Snow,0.04
2025-02-12 13:00:00,0.3,100,3,2,12,13,2,0,0,Overcast,0.02
2025-02-12 14:00:00,1.3,100,3,2,12,14,2,0,0,Overcast,0.04
2025-02-12 15:00:00,1.6,100,51,2,12,15,2,0,0,Drizzle,0.02
2025-02-12 16:00:00,1.4,100,51,2,12,16,2,0,0,Drizzle,0.06
2025-02-13 11:00:00,2.4,100,51,2,13,11,3,0,0,Drizzle,0.04
2025-02-13 12:00:00,1.5,100,3,2,13,12,3,0,0,Overcast,0.02
2025-02-13 13:00:00,2.1,100,3,2,13,13,3,0,0,Overcast,0.01
2025-02-13 14:00:00,1.6,100,3,2,13,14,3,0,0,Overcast,0.04
2025-02-13 15:00:00,1.2,100,3,2,13,15,3,0,0,Overcast,0.04
2025-02-13 16:00:00,0.5,100,3,2,13,16,3,0,0,Overcast,0.04
2025-02-14 11:00:00,-5.6,6,0,2,14,11,4,0,1,Clear,0.04
2025-02-14 12:00:00,-4.2,23,1,2,14,12,4,0,0,Mostly Clear,0.01
2025-02-14 13:00:00,-3.0,15,0,2,14,13,4,0,1,Clear,0.04
2025-02-14 14:00:00,-1.9,44,1,2,14,14,4,0,0,Mostly Clear,0.05
2025-02-14 15:00:00,-1.1,100,3,2,14,15,4,0,0,Overcast,0.03
2025-02-14 16:00:00,-0.7,97,3,2,14,16,4,0,0,Overcast,0.07
2025-02-15 11:00:00,0.8,100,75,2,15,11,5,1,0,Snow,0.03
2025-02-15 12:00:00,1.1,100,75,2,15,12,5,1,0,Snow,0.02
2025-02-15 13:00:00,1.8,100,71,2,15,13,5,1,0,Snow,0.02
2025-02-15 14:00:00,2.1,100,61,2,15,14,5,1,0,Rain,0.05
2025-02-15 15:00:00,2.6,100,55,2,15,15,5,1,0,Drizzle,0.09
2025-02-15 16:00:00,3.0,100,61,2,15,16,5,1,0,Rain,0.07
2025-02-16 11:00:00,3.4,100,51,2,16,11,6,1,0,Drizzle,0.03
2025-02-16 12:00:00,2.8,100,51,2,16,12,6,1,0,Drizzle,0.06
2025-02-16 13:00:00,3.4,100,51,2,16,13,6,1,0,Drizzle,0.07
2025-02-16 14:00:00,2.3,100,53,2,16,14,6,1,0,Drizzle,0.09
2025-02-16 15:00:00,1.4,100,75,2,16,15,6,1,0,Snow,0.02
2025-02-16 16:00:00,0.5,100,75,2,16,16,6,1,0,Snow,0.01
2025-02-17 11:00:00,-5.2,100,3,2,17,11,0,0,0,Overcast,0.01
2025-02-17 12:00:00,-5.3,97,3,2,17,12,0,0,0,Overcast,0.03
2025-02-17 13:00:00,-4.7,98,3,2,17,13,0,0,0,Overcast,0.05
2025-02-17 14:00:00,-4.5,91,3,2,17,14,0,0,0,Overcast,0.04
2025-02-17 15:00:00,-4.2,36,1,2,17,15,0,0,0,Mostly Clear,0.07
2025-02-17 16:00:00,-4.1,46,1,2,17,16,0,0,0,Mostly Clear,0.07
2025-02-18 11:00:00,-11.3,99,3,2,18,11,1,0,0,Overcast,0.02
2025-02-18 12:00:00,-10.4,100,3,2,18,12,1,0,0,Overcast,0.0
2025-02-18 13:00:00,-9.5,100,3,2,18,13,1,0,0,Overcast,0.02
2025-02-18 14:00:00,-8.8,100,3,2,18,14,1,0,0,Overcast,0.02
2025-02-18 15:00:00,-8.3,100,3,2,18,15,1,0,0,Overcast,0.06
2025-02-18 16:00:00,-8.3,68,2,2,18,16,1,0,0,Partly Cloudy,0.06
2025-02-19 11:00:00,-9.4,100,3,2,19,11,2,0,0,Overcast,0.03
2025-02-19 12:00:00,-8.4,100,3,2,19,12,2,0,0,Overcast,0.04
2025-02-19 13:00:00,-7.5,100,3,2,19,13,2,0,0,Overcast,0.04
2025-02-19 14:00:00,-6.5,100,3,2,19,14,2,0,0,Overcast,0.03
2025-02-19 15:00:00,-5.7,100,3,2,19,15,2,0,0,Overcast,0.07
2025-02-19 16:00:00,-5.4,99,3,2,19,16,2,0,0,Overcast,0.03
2025-02-20 11:00:00,-8.6,100,71,2,20,11,3,0,0,Snow,0.0
2025-02-20 12:00:00,-7.9,100,71,2,20,12,3,0,0,Snow,0.04
2025-02-20 13:00:00,-7.3,100,71,2,20,13,3,0,0,Snow,0.0
2025-02-20 14:00:00,-6.7,100,71,2,20,14,3,0,0,Snow,0.04
2025-02-20 15:00:00,-6.4,100,71,2,20,15,3,0,0,Snow,0.03
2025-02-20 16:00:00,-6.4,100,71,2,20,16,3,0,0,Snow,0.03
2025-02-21 11:00:00,-6.4,100,3,2,21,11,4,0,0,Overcast,0.02
2025-02-21 12:00:00,-6.0,100,3,2,21,12,4,0,0,Overcast,0.0
2025-02-21 13:00:00,-5.3,100,3,2,21,13,4,0,0,Overcast,0.04
2025-02-21 14:00:00,-4.8,100,3,2,21,14,4,0,0,Overcast,0.05
2025-02-21 15:00:00,-4.3,100,3,2,21,15,4,0,0,Overcast,0.06
2025-02-21 16:00:00,-4.0,100,3,2,21,16,4,0,0,Overcast,0.06
2025-02-22 11:00:00,-4.5,0,0,2,22,11,5,1,1,Clear,0.0
2025-02-22 12:00:00,-3.0,74,2,2,22,12,5,1,0,Partly Cloudy,0.05
2025-02-22 13:00:00,-1.7,92,3,2,22,13,5,1,0,Overcast,0.1
2025-02-22 14:00:00,-0.5,93,3,2,22,14,5,1,0,Overcast,0.1
2025-02-22 15:00:00,0.5,20,1,2,22,15,5,1,0,Mostly Clear,0.18
2025-02-22 16:00:00,1.2,0,0,2,22,16,5,1,1,Clear,0.19
2025-02-23 11:00:00,0.2,26,1,2,23,11,6,1,0,Mostly Clear,0.03
2025-02-23 12:00:00,2.0,90,3,2,23,12,6,1,0,Overcast,0.07
2025-02-23 13:00:00,3.3,99,3,2,23,13,6,1,0,Overcast,0.12
2025-02-23 14:00:00,4.1,100,3,2,23,14,6,1,0,Overcast,0.13
2025-02-23 15:00:00,4.6,100,3,2,23,15,6,1,0,Overcast,0.1
2025-02-23 16:00:00,4.6,99,3,2,23,16,6,1,0,Overcast,0.12
2025-02-24 11:00:00,4.6,100,3,2,24,11,0,0,0,Overcast,0.04
2025-02-24 12:00:00,6.7,100,3,2,24,12,0,0,0,Overcast,0.03
2025-02-24 13:00:00,7.8,100,3,2,24,13,0,0,0,Overcast,0.02
2025-02-24 14:00:00,8.9,100,3,2,24,14,0,0,0,Overcast,0.04
2025-02-24 15:00:00,9.9,100,3,2,24,15,0,0,0,Overcast,0.05
2025-02-24 16:00:00,10.5,100,3,2,24,16,0,0,0,Overcast,0.1
2025-02-25 11:00:00,5.0,98,51,2,25,11,1,0,0,Drizzle,0.02
2025-02-25 12:00:00,6.3,10,0,2,25,12,1,0,1,Clear,0.04
2025-02-25 13:00:00,10.3,54,2,2,25,13,1,0,0,Partly Cloudy,0.09
2025-02-25 14:00:00,11.5,56,2,2,25,14,1,0,0,Partly Cloudy,0.06
2025-02-25 15:00:00,11.8,100,3,2,25,15,1,0,0,Overcast,0.1
2025-02-25 16:00:00,12.2,98,3,2,25,16,1,0,0,Overcast,0.08
2025-02-26 11:00:00,5.3,99,3,2,26,11,2,0,0,Overcast,0.04
2025-02-26 12:00:00,8.0,99,3,2,26,12,2,0,0,Overcast,0.04
2025-02-26 13:00:00,9.4,100,3,2,26,13,2,0,0,Overcast,0.06
2025-02-26 14:00:00,9.9,100,3,2,26,14,2,0,0,Overcast,0.03
2025-02-26 15:00:00,10.3,100,3,2,26,15,2,0,0,Overcast,0.08
2025-02-26 16:00:00,9.2,100,51,2,26,16,2,0,0,Drizzle,0.07
2025-02-27 11:00:00,7.5,100,3,2,27,11,3,0,0,Overcast,0.01
2025-02-27 12:00:00,7.7,100,3,2,27,12,3,0,0,Overcast,0.03
2025-02-27 13:00:00,7.9,100,3,2,27,13,3,0,0,Overcast,0.02
2025-02-27 14:00:00,7.9,100,3,2,27,14,3,0,0,Overcast,0.03
2025-02-27 15:00:00,7.6,100,51,2,27,15,3,0,0,Drizzle,0.07
2025-02-27 16:00:00,7.9,36,51,2,27,16,3,0,0,Drizzle,0.07
2025-02-28 11:00:00,3.2,100,3,2,28,11,4,0,0,Overcast,0.01
2025-02-28 12:00:00,4.5,100,3,2,28,12,4,0,0,Overcast,0.0
2025-02-28 13:00:00,5.9,100,3,2,28,13,4,0,0,Overcast,0.02
2025-02-28 14:00:00,7.0,100,3,2,28,14,4,0,0,Overcast,0.06
2025-02-28 15:00:00,8.0,100,3,2,28,15,4,0,0,Overcast,0.07
2025-02-28 16:00:00,8.7,89,3,2,28,16,4,0,0,Overcast,0.06
2025-03-01 11:00:00,0.7,100,73,3,1,11,5,1,0,Snow,0.03
2025-03-01 12:00:00,-1.8,100,71,3,1,12,5,1,0,Snow,0.05
2025-03-01 13:00:00,-1.4,100,3,3,1,13,5,1,0,Overcast,0.16
2025-03-01 14:00:00,-2.3,100,3,3,1,14,5,1,0,Overcast,0.14
2025-03-01 15:00:00,-2.3,100,3,3,1,15,5,1,0,Overcast,0.15
2025-03-01 16:00:00,-3.1,100,3,3,1,16,5,1,0,Overcast,0.16
2025-03-01 17:00:00,-4.0,100,3,3,1,17,5,1,0,Overcast,0.14
2025-03-01 18:00:00,-4.7,100,3,3,1,18,5,1,0,Overcast,0.14
2025-03-02 11:00:00,-5.7,100,3,3,2,11,6,1,0,Overcast,0.06
2025-03-02 12:00:00,-4.5,100,3,3,2,12,6,1,0,Overcast,0.1
2025-03-02 13:00:00,-3.1,100,3,3,2,13,6,1,0,Overcast,0.14
2025-03-02 14:00:00,-2.0,93,3,3,2,14,6,1,0,Overcast,0.11
2025-03-02 15:00:00,-1.2,93,3,3,2,15,6,1,0,Overcast,0.16
2025-03-02 16:00:00,-0.9,50,2,3,2,16,6,1,0,Partly Cloudy,0.2
2025-03-02 17:00:00,-0.6,0,0,3,2,17,6,1,1,Clear,0.23
2025-03-02 18:00:00,-1.1,11,0,3,2,18,6,1,1,Clear,0.25
2025-03-03 11:00:00,-1.0,0,0,3,3,11,0,0,1,Clear,0.03
2025-03-03 12:00:00,0.6,0,0,3,3,12,0,0,1,Clear,0.02
2025-03-03 13:00:00,1.9,0,0,3,3,13,0,0,1,Clear,0.06
2025-03-03 14:00:00,3.0,0,0,3,3,14,0,0,1,Clear,0.06
2025-03-03 15:00:00,3.7,7,0,3,3,15,0,0,1,Clear,0.11
2025-03-03 16:00:00,4.3,7,0,3,3,16,0,0,1,Clear,0.11
2025-03-03 17:00:00,4.5,6,0,3,3,17,0,0,1,Clear,0.12
2025-03-03 18:00:00,4.2,92,3,3,3,18,0,0,0,Overcast,0.06
2025-03-04 11:00:00,9.0,100,3,3,4,11,1,0,0,Overcast,0.03
2025-03-04 12:00:00,11.8,100,3,3,4,12,1,0,0,Overcast,0.04
2025-03-04 13:00:00,13.9,94,3,3,4,13,1,0,0,Overcast,0.1
2025-03-04 14:00:00,15.3,100,3,3,4,14,1,0,0,Overcast,0.11
2025-03-04 15:00:00,16.2,13,0,3,4,15,1,0,1,Clear,0.19
2025-03-04 16:00:00,16.7,0,0,3,4,16,1,0,1,Clear,0.2
2025-03-04 17:00:00,16.9,0,0,3,4,17,1,0,1,Clear,0.18
2025-03-04 18:00:00,15.7,7,0,3,4,18,1,0,1,Clear,0.18
2025-03-05 11:00:00,12.7,100,53,3,5,11,2,0,0,Drizzle,0.04
2025-03-05 12:00:00,11.8,100,63,3,5,12,2,0,0,Rain,0.02
2025-03-05 13:00:00,12.2,100,63,3,5,13,2,0,0,Rain,0.03
2025-03-05 14:00:00,13.0,100,55,3,5,14,2,0,0,Drizzle,0.04
2025-03-05 15:00:00,14.1,66,63,3,5,15,2,0,0,Rain,0.07
2025-03-05 16:00:00,16.0,55,51,3,5,16,2,0,0,Drizzle,0.07
2025-03-05 17:00:00,15.4,29,51,3,5,17,2,0,0,Drizzle,0.07
2025-03-05 18:00:00,15.5,27,1,3,5,18,2,0,0,Mostly Clear,0.19
2025-03-06 11:00:00,0.1,100,3,3,6,11,3,0,0,Overcast,0.0
2025-03-06 12:00:00,-0.3,100,3,3,6,12,3,0,0,Overcast,0.01
2025-03-06 13:00:00,-0.1,100,3,3,6,13,3,0,0,Overcast,0.04
2025-03-06 14:00:00,0.1,100,3,3,6,14,3,0,0,Overcast,0.04
2025-03-06 15:00:00,0.3,100,3,3,6,15,3,0,0,Overcast,0.08
2025-03-06 16:00:00,0.8,100,3,3,6,16,3,0,0,Overcast,0.08
2025-03-06 17:00:00,0.8,100,3,3,6,17,3,0,0,Overcast,0.06
2025-03-06 18:00:00,0.9,100,3,3,6,18,3,0,0,Overcast,0.09
2025-03-07 11:00:00,2.8,0,0,3,7,11,4,0,1,Clear,0.01
2025-03-07 12:00:00,4.5,3,0,3,7,12,4,0,1,Clear,0.02
2025-03-07 13:00:00,6.2,60,2,3,7,13,4,0,0,Partly Cloudy,0.08
2025-03-07 14:00:00,7.3,36,1,3,7,14,4,0,0,Mostly Clear,0.11
2025-03-07 15:00:00,7.6,99,3,3,7,15,4,0,0,Overcast,0.11
2025-03-07 16:00:00,7.4,100,3,3,7,16,4,0,0,Overcast,0.1
2025-03-07 17:00:00,6.2,100,3,3,7,17,4,0,0,Overcast,0.09
2025-03-07 18:00:00,4.8,100,51,3,7,18,4,0,0,Drizzle,0.07
2025-03-08 11:00:00,0.3,96,3,3,8,11,5,1,0,Overcast,0.06
2025-03-08 12:00:00,0.2,100,3,3,8,12,5,1,0,Overcast,0.07
2025-03-08 13:00:00,-0.5,100,3,3,8,13,5,1,0,Overcast,0.13
2025-03-08 14:00:00,-0.2,99,3,3,8,14,5,1,0,Overcast,0.11
2025-03-08 15:00:00,0.4,75,2,3,8,15,5,1,0,Partly Cloudy,0.22
2025-03-08 16:00:00,1.2,54,2,3,8,16,5,1,0,Partly Cloudy,0.23
2025-03-08 17:00:00,1.5,31,1,3,8,17,5,1,0,Mostly Clear,0.24
2025-03-08 18:00:00,1.0,5,0,3,8,18,5,1,1,Clear,0.26
2025-03-09 11:00:00,5.0,22,1,3,9,11,6,1,0,Mostly Clear,0.09
2025-03-09 12:00:00,7.0,7,0,3,9,12,6,1,1,Clear,0.16
2025-03-09 13:00:00,8.6,1,0,3,9,13,6,1,1,Clear,0.22
2025-03-09 14:00:00,9.7,0,0,3,9,14,6,1,1,Clear,0.24
2025-03-09 15:00:00,10.5,0,0,3,9,15,6,1,1,Clear,0.31
2025-03-09 16:00:00,11.0,1,0,3,9,16,6,1,1,Clear,0.33
2025-03-09 17:00:00,10.6,0,0,3,9,17,6,1,1,Clear,0.33
2025-03-09 18:00:00,9.9,1,0,3,9,18,6,1,1,Clear,0.25
2025-03-10 11:00:00,8.7,0,0,3,10,11,0,0,1,Clear,0.04
2025-03-10 12:00:00,11.1,0,0,3,10,12,0,0,1,Clear,0.05
2025-03-10 13:00:00,13.0,0,0,3,10,13,0,0,1,Clear,0.14
2025-03-10 14:00:00,14.3,0,0,3,10,14,0,0,1,Clear,0.16
2025-03-10 15:00:00,15.2,0,0,3,10,15,0,0,1,Clear,0.17
2025-03-10 16:00:00,15.5,0,0,3,10,16,0,0,1,Clear,0.18
2025-03-10 17:00:00,15.3,0,0,3,10,17,0,0,1,Clear,0.19
2025-03-10 18:00:00,14.6,0,0,3,10,18,0,0,1,Clear,0.16
2025-03-11 11:00:00,12.4,0,0,3,11,11,1,0,1,Clear,0.03
2025-03-11 12:00:00,14.9,6,0,3,11,12,1,0,1,Clear,0.05
2025-03-11 13:00:00,16.5,0,0,3,11,13,1,0,1,Clear,0.14
2025-03-11 14:00:00,17.7,0,0,3,11,14,1,0,1,Clear,0.18
2025-03-11 15:00:00,18.6,0,0,3,11,15,1,0,1,Clear,0.27
2025-03-11 16:00:00,19.0,30,1,3,11,16,1,0,0,Mostly Clear,0.22
2025-03-11 17:00:00,19.1,29,1,3,11,17,1,0,0,Mostly Clear,0.2
2025-03-11 18:00:00,18.1,8,0,3,11,18,1,0,1,Clear,0.22
2025-03-12 11:00:00,9.7,0,0,3,12,11,2,0,1,Clear,0.03
2025-03-12 12:00:00,12.5,0,0,3,12,12,2,0,1,Clear,0.08
2025-03-12 13:00:00,14.4,2,0,3,12,13,2,0,1,Clear,0.12
2025-03-12 14:00:00,16.2,0,0,3,12,14,2,0,1,Clear,0.14
2025-03-12 15:00:00,17.4,4,0,3,12,15,2,0,1,Clear,0.25
2025-03-12 16:00:00,18.7,0,0,3,12,16,2,0,1,Clear,0.23
2025-03-12 17:00:00,19.6,0,0,3,12,17,2,0,1,Clear,0.27
2025-03-12 18:00:00,19.0,0,0,3,12,18,2,0,1,Clear,0.26
2025-03-13 11:00:00,11.9,11,0,3,13,11,3,0,1,Clear,0.03
2025-03-13 12:00:00,14.7,15,0,3,13,12,3,0,1,Clear,0.07
2025-03-13 13:00:00,16.8,48,1,3,13,13,3,0,0,Mostly Clear,0.16
2025-03-13 14:00:00,18.2,70,2,3,13,14,3,0,0,Partly Cloudy,0.16
2025-03-13 15:00:00,19.1,74,2,3,13,15,3,0,0,Partly Cloudy,0.19
2025-03-13 16:00:00,19.5,40,1,3,13,16,3,0,0,Mostly Clear,0.23
2025-03-13 17:00:00,19.5,0,0,3,13,17,3,0,1,Clear,0.25
2025-03-13 18:00:00,18.9,0,0,3,13,18,3,0,1,Clear,0.23
2025-03-14 11:00:00,13.5,32,1,3,14,11,4,0,0,Mostly Clear,0.03
2025-03-14 12:00:00,16.8,54,2,3,14,12,4,0,0,Partly Cloudy,0.06
2025-03-14 13:00:00,19.4,42,1,3,14,13,4,0,0,Mostly Clear,0.19
2025-03-14 14:00:00,21.2,24,1,3,14,14,4,0,0,Mostly Clear,0.2
2025-03-14 15:00:00,22.3,100,3,3,14,15,4,0,0,Overcast,0.2
2025-03-14 16:00:00,22.9,95,3,3,14,16,4,0,0,Overcast,0.22
2025-03-14 17:00:00,23.1,64,2,3,14,17,4,0,0,Partly Cloudy,0.27
2025-03-14 18:00:00,22.0,98,3,3,14,18,4,0,0,Overcast,0.21
2025-03-15 11:00:00,17.1,100,3,3,15,11,5,1,0,Overcast,0.15
2025-03-15 12:00:00,18.9,100,3,3,15,12,5,1,0,Overcast,0.15
2025-03-15 13:00:00,19.3,100,3,3,15,13,5,1,0,Overcast,0.23
2025-03-15 14:00:00,21.6,100,3,3,15,14,5,1,0,Overcast,0.21
2025-03-15 15:00:00,21.4,100,3,3,15,15,5,1,0,Overcast,0.25
2025-03-15 16:00:00,21.6,100,3,3,15,16,5,1,0,Overcast,0.23
2025-03-15 17:00:00,22.0,100,3,3,15,17,5,1,0,Overcast,0.29
2025-03-15 18:00:00,19.6,100,51,3,15,18,5,1,0,Drizzle,0.16
2025-03-16 11:00:00,16.5,100,55,3,16,11,6,1,0,Drizzle,0.05
2025-03-16 12:00:00,16.8,92,51,3,16,12,6,1,0,Drizzle,0.07
2025-03-16 13:00:00,18.2,99,61,3,16,13,6,1,0,Rain,0.07
2025-03-16 14:00:00,17.2,98,51,3,16,14,6,1,0,Drizzle,0.14
2025-03-16 15:00:00,18.1,30,1,3,16,15,6,1,0,Mostly Clear,0.35
2025-03-16 16:00:00,19.3,29,1,3,16,16,6,1,0,Mostly Clear,0.34
2025-03-16 17:00:00,17.2,15,53,3,16,17,6,1,0,Drizzle,0.15
2025-03-16 18:00:00,16.9,18,0,3,16,18,6,1,1,Clear,0.3
2025-03-17 11:00:00,2.2,100,3,3,17,11,0,0,0,Overcast,0.04
2025-03-17 12:00:00,2.3,100,3,3,17,12,0,0,0,Overcast,0.0
2025-03-17 13:00:00,3.1,93,3,3,17,13,0,0,0,Overcast,0.04
2025-03-17 14:00:00,4.0,71,2,3,17,14,0,0,0,Partly Cloudy,0.08
2025-03-17 15:00:00,4.7,10,0,3,17,15,0,0,1,Clear,0.14
2025-03-17 16:00:00,5.5,0,0,3,17,16,0,0,1,Clear,0.15
2025-03-17 17:00:00,5.9,1,0,3,17,17,0,0,1,Clear,0.16
2025-03-17 18:00:00,5.5,0,0,3,17,18,0,0,1,Clear,0.16
2025-03-18 11:00:00,7.5,0,0,3,18,11,1,0,1,Clear,0.01
2025-03-18 12:00:00,10.4,0,0,3,18,12,1,0,1,Clear,0.06
2025-03-18 13:00:00,12.9,0,0,3,18,13,1,0,1,Clear,0.14
2025-03-18 14:00:00,14.9,0,0,3,18,14,1,0,1,Clear,0.16
2025-03-18 15:00:00,16.3,0,0,3,18,15,1,0,1,Clear,0.18
2025-03-18 16:00:00,17.1,3,0,3,18,16,1,0,1,Clear,0.25
2025-03-18 17:00:00,17.4,34,1,3,18,17,1,0,0,Mostly Clear,0.22
2025-03-18 18:00:00,16.8,3,0,3,18,18,1,0,1,Clear,0.18
2025-03-19 11:00:00,16.4,100,3,3,19,11,2,0,0,Overcast,0.05
2025-03-19 12:00:00,19.1,100,3,3,19,12,2,0,0,Overcast,0.11
2025-03-19 13:00:00,20.4,100,3,3,19,13,2,0,0,Overcast,0.11
2025-03-19 14:00:00,22.7,100,3,3,19,14,2,0,0,Overcast,0.2
2025-03-19 15:00:00,23.1,100,3,3,19,15,2,0,0,Overcast,0.21
2025-03-19 16:00:00,23.0,100,3,3,19,16,2,0,0,Overcast,0.18
2025-03-19 17:00:00,22.8,100,3,3,19,17,2,0,0,Overcast,0.17
2025-03-19 18:00:00,21.6,85,3,3,19,18,2,0,0,Overcast,0.13
2025-03-20 11:00:00,9.7,100,61,3,20,11,3,0,0,Rain,0.04
2025-03-20 12:00:00,10.5,100,53,3,20,12,3,0,0,Drizzle,0.02
2025-03-20 13:00:00,9.8,75,51,3,20,13,3,0,0,Drizzle,0.03
2025-03-20 14:00:00,12.9,30,1,3,20,14,3,0,0,Mostly Clear,0.15
2025-03-20 15:00:00,13.6,97,3,3,20,15,3,0,0,Overcast,0.1
2025-03-20 16:00:00,11.5,100,3,3,20,16,3,0,0,Overcast,0.12
2025-03-20 17:00:00,11.0,100,3,3,20,17,3,0,0,Overcast,0.14
2025-03-20 18:00:00,7.4,97,3,3,20,18,3,0,0,Overcast,0.1
2025-03-21 11:00:00,3.4,0,0,3,21,11,4,0,1,Clear,0.03
2025-03-21 12:00:00,5.1,0,0,3,21,12,4,0,1,Clear,0.0
2025-03-21 13:00:00,6.7,51,2,3,21,13,4,0,0,Partly Cloudy,0.11
2025-03-21 14:00:00,8.1,32,1,3,21,14,4,0,0,Mostly Clear,0.11
2025-03-21 15:00:00,9.2,73,2,3,21,15,4,0,0,Partly Cloudy,0.13
2025-03-21 16:00:00,10.0,93,3,3,21,16,4,0,0,Overcast,0.14
2025-03-21 17:00:00,10.2,18,0,3,21,17,4,0,1,Clear,0.16
2025-03-21 18:00:00,10.1,42,1,3,21,18,4,0,0,Mostly Clear,0.16
2025-03-22 11:00:00,7.5,59,51,3,22,11,5,1,0,Drizzle,0.04
2025-03-22 12:00:00,10.3,68,2,3,22,12,5,1,0,Partly Cloudy,0.14
2025-03-22 13:00:00,10.1,89,51,3,22,13,5,1,0,Drizzle,0.11
2025-03-22 14:00:00,9.0,70,51,3,22,14,5,1,0,Drizzle,0.11
2025-03-22 15:00:00,6.8,41,51,3,22,15,5,1,0,Drizzle,0.13
2025-03-22 16:00:00,8.5,100,3,3,22,16,5,1,0,Overcast,0.2
2025-03-22 17:00:00,7.2,100,3,3,22,17,5,1,0,Overcast,0.18
2025-03-22 18:00:00,6.0,60,2,3,22,18,5,1,0,Partly Cloudy,0.21
2025-03-23 11:00:00,2.1,100,3,3,23,11,6,1,0,Overcast,0.05
2025-03-23 12:00:00,3.7,100,3,3,23,12,6,1,0,Overcast,0.1
2025-03-23 13:00:00,5.1,100,3,3,23,13,6,1,0,Overcast,0.13
2025-03-23 14:00:00,6.6,100,3,3,23,14,6,1,0,Overcast,0.15
2025-03-23 15:00:00,7.6,100,3,3,23,15,6,1,0,Overcast,0.19
2025-03-23 16:00:00,7.2,100,3,3,23,16,6,1,0,Overcast,0.15
2025-03-23 17:00:00,7.5,100,3,3,23,17,6,1,0,Overcast,0.15
2025-03-23 18:00:00,6.9,100,3,3,23,18,6,1,0,Overcast,0.2
2025-03-24 11:00:00,8.5,14,0,3,24,11,0,0,1,Clear,0.01
2025-03-24 12:00:00,10.1,7,0,3,24,12,0,0,1,Clear,0.09
2025-03-24 13:00:00,11.4,70,2,3,24,13,0,0,0,Partly Cloudy,0.11
2025-03-24 14:00:00,12.1,89,3,3,24,14,0,0,0,Overcast,0.08
2025-03-24 15:00:00,11.8,15,0,3,24,15,0,0,1,Clear,0.2
2025-03-24 16:00:00,12.7,26,1,3,24,16,0,0,0,Mostly Clear,0.17
2025-03-24 17:00:00,11.7,25,51,3,24,17,0,0,0,Drizzle,0.06
2025-03-24 18:00:00,11.0,33,1,3,24,18,0,0,0,Mostly Clear,0.15
2025-03-25 11:00:00,6.5,99,3,3,25,11,1,0,0,Overcast,0.02
2025-03-25 12:00:00,7.9,100,3,3,25,12,1,0,0,Overcast,0.02
2025-03-25 13:00:00,8.6,81,3,3,25,13,1,0,0,Overcast,0.05
2025-03-25 14:00:00,9.5,97,3,3,25,14,1,0,0,Overcast,0.05
2025-03-25 15:00:00,10.0,79,2,3,25,15,1,0,0,Partly Cloudy,0.15
2025-03-25 16:00:00,10.3,99,3,3,25,16,1,0,0,Overcast,0.14
2025-03-25 17:00:00,9.8,96,3,3,25,17,1,0,0,Overcast,0.08
2025-03-25 18:00:00,9.4,100,3,3,25,18,1,0,0,Overcast,0.08
2025-03-26 11:00:00,2.0,100,3,3,26,11,2,0,0,Overcast,0.0
2025-03-26 12:00:00,2.1,100,3,3,26,12,2,0,0,Overcast,0.01
2025-03-26 13:00:00,2.8,100,3,3,26,13,2,0,0,Overcast,0.04
2025-03-26 14:00:00,3.5,100,3,3,26,14,2,0,0,Overcast,0.08
2025-03-26 15:00:00,4.2,100,3,3,26,15,2,0,0,Overcast,0.07
2025-03-26 16:00:00,4.9,99,3,3,26,16,2,0,0,Overcast,0.06
2025-03-26 17:00:00,5.0,100,3,3,26,17,2,0,0,Overcast,0.11
2025-03-26 18:00:00,5.2,100,3,3,26,18,2,0,0,Overcast,0.11
2025-03-27 11:00:00,5.9,0,0,3,27,11,3,0,1,Clear,0.01
2025-03-27 12:00:00,8.0,0,0,3,27,12,3,0,1,Clear,0.03
2025-03-27 13:00:00,9.7,1,0,3,27,13,3,0,1,Clear,0.11
2025-03-27 14:00:00,11.1,0,0,3,27,14,3,0,1,Clear,0.13
2025-03-27 15:00:00,12.6,80,3,3,27,15,3,0,0,Overcast,0.12
2025-03-27 16:00:00,12.9,84,3,3,27,16,3,0,0,Overcast,0.11
2025-03-27 17:00:00,13.1,78,2,3,27,17,3,0,0,Partly Cloudy,0.14
2025-03-27 18:00:00,12.9,77,2,3,27,18,3,0,0,Partly Cloudy,0.14
2025-03-28 11:00:00,13.0,96,3,3,28,11,4,0,0,Overcast,0.01
2025-03-28 12:00:00,16.9,99,3,3,28,12,4,0,0,Overcast,0.05
2025-03-28 13:00:00,19.9,100,3,3,28,13,4,0,0,Overcast,0.12
2025-03-28 14:00:00,17.0,100,51,3,28,14,4,0,0,Drizzle,0.08
2025-03-28 15:00:00,15.0,100,53,3,28,15,4,0,0,Drizzle,0.08
2025-03-28 16:00:00,15.2,100,61,3,28,16,4,0,0,Rain,0.07
2025-03-28 17:00:00,14.0,100,61,3,28,17,4,0,0,Rain,0.03
2025-03-28 18:00:00,15.0,93,51,3,28,18,4,0,0,Drizzle,0.1
2025-03-29 11:00:00,19.7,100,3,3,29,11,5,1,0,Overcast,0.12
2025-03-29 12:00:00,20.3,99,3,3,29,12,5,1,0,Overcast,0.17
2025-03-29 13:00:00,22.5,77,2,3,29,13,5,1,0,Partly Cloudy,0.3
2025-03-29 14:00:00,22.2,66,2,3,29,14,5,1,0,Partly Cloudy,0.34
2025-03-29 15:00:00,21.7,84,3,3,29,15,5,1,0,Overcast,0.23
2025-03-29 16:00:00,22.5,100,3,3,29,16,5,1,0,Overcast,0.28
2025-03-29 17:00:00,22.7,100,3,3,29,17,5,1,0,Overcast,0.27
2025-03-29 18:00:00,22.2,96,3,3,29,18,5,1,0,Overcast,0.28
2025-03-30 11:00:00,20.1,96,3,3,30,11,6,1,0,Overcast,0.13
2025-03-30 12:00:00,20.3,100,3,3,30,12,6,1,0,Overcast,0.17
2025-03-30 13:00:00,16.6,100,53,3,30,13,6,1,0,Drizzle,0.13
2025-03-30 14:00:00,15.9,100,55,3,30,14,6,1,0,Drizzle,0.12
2025-03-30 15:00:00,17.5,99,53,3,30,15,6,1,0,Drizzle,0.15
2025-03-30 16:00:00,18.6,100,51,3,30,16,6,1,0,Drizzle,0.16
2025-03-30 17:00:00,20.7,99,3,3,30,17,6,1,0,Overcast,0.23
2025-03-30 18:00:00,20.6,32,1,3,30,18,6,1,0,Mostly Clear,0.34
2025-03-31 11:00:00,15.5,97,51,3,31,11,0,0,0,Drizzle,0.04
2025-03-31 12:00:00,17.1,100,51,3,31,12,0,0,0,Drizzle,0.07
2025-03-31 13:00:00,16.7,100,3,3,31,13,0,0,0,Overcast,0.11
2025-03-31 14:00:00,15.7,100,3,3,31,14,0,0,0,Overcast,0.1
2025-03-31 15:00:00,13.9,100,3,3,31,15,0,0,0,Overcast,0.1
2025-03-31 16:00:00,14.1,100,3,3,31,16,0,0,0,Overcast,0.1
2025-03-31 17:00:00,14.0,100,3,3,31,17,0,0,0,Overcast,0.13
2025-03-31 18:00:00,11.7,100,3,3,31,18,0,0,0,Overcast,0.14
2025-04-01 11:00:00,2.6,82,3,4,1,11,1,0,0,Overcast,0.02
2025-04-01 12:00:00,3.8,75,2,4,1,12,1,0,0,Partly Cloudy,0.09
2025-04-01 13:00:00,5.4,1,0,4,1,13,1,0,1,Clear,0.23
2025-04-01 14:00:00,6.8,1,0,4,1,14,1,0,1,Clear,0.19
2025-04-01 15:00:00,7.6,1,0,4,1,15,1,0,1,Clear,0.26
2025-04-01 16:00:00,8.0,0,0,4,1,16,1,0,1,Clear,0.25
2025-04-01 17:00:00,8.2,16,0,4,1,17,1,0,1,Clear,0.26
2025-04-01 18:00:00,8.1,26,1,4,1,18,1,0,0,Mostly Clear,0.23
2025-04-02 11:00:00,11.3,100,3,4,2,11,2,0,0,Overcast,0.06
2025-04-02 12:00:00,13.1,100,3,4,2,12,2,0,0,Overcast,0.09
2025-04-02 13:00:00,13.3,100,3,4,2,13,2,0,0,Overcast,0.17
2025-04-02 14:00:00,13.8,100,61,4,2,14,2,0,0,Rain,0.08
2025-04-02 15:00:00,12.6,99,63,4,2,15,2,0,0,Rain,0.08
2025-04-02 16:00:00,16.1,100,3,4,2,16,2,0,0,Overcast,0.2
2025-04-02 17:00:00,16.1,100,61,4,2,17,2,0,0,Rain,0.09
2025-04-02 18:00:00,16.7,99,3,4,2,18,2,0,0,Overcast,0.18
2025-04-03 11:00:00,18.8,100,3,4,3,11,3,0,0,Overcast,0.09
2025-04-03 12:00:00,20.9,100,3,4,3,12,3,0,0,Overcast,0.16
2025-04-03 13:00:00,21.0,100,3,4,3,13,3,0,0,Overcast,0.17
2025-04-03 14:00:00,21.5,100,3,4,3,14,3,0,0,Overcast,0.2
2025-04-03 15:00:00,22.4,100,3,4,3,15,3,0,0,Overcast,0.25
2025-04-03 16:00:00,22.6,100,3,4,3,16,3,0,0,Overcast,0.28
2025-04-03 17:00:00,21.3,100,3,4,3,17,3,0,0,Overcast,0.24
2025-04-03 18:00:00,20.6,100,3,4,3,18,3,0,0,Overcast,0.2
2025-04-04 11:00:00,10.9,100,3,4,4,11,4,0,0,Overcast,0.09
2025-04-04 12:00:00,12.2,100,3,4,4,12,4,0,0,Overcast,0.12
2025-04-04 13:00:00,13.2,100,3,4,4,13,4,0,0,Overcast,0.17
2025-04-04 14:00:00,14.1,100,3,4,4,14,4,0,0,Overcast,0.13
2025-04-04 15:00:00,15.1,100,3,4,4,15,4,0,0,Overcast,0.17
2025-04-04 16:00:00,15.2,100,3,4,4,16,4,0,0,Overcast,0.21
2025-04-04 17:00:00,15.4,100,3,4,4,17,4,0,0,Overcast,0.2
2025-04-04 18:00:00,15.3,100,53,4,4,18,4,0,0,Drizzle,0.1
2025-04-05 11:00:00,19.9,100,51,4,5,11,5,1,0,Drizzle,0.12
2025-04-05 12:00:00,21.0,100,3,4,5,12,5,1,0,Overcast,0.23
2025-04-05 13:00:00,21.9,100,3,4,5,13,5,1,0,Overcast,0.29
2025-04-05 14:00:00,22.7,100,3,4,5,14,5,1,0,Overcast,0.3
2025-04-05 15:00:00,20.8,100,51,4,5,15,5,1,0,Drizzle,0.21
2025-04-05 16:00:00,18.9,100,55,4,5,16,5,1,0,Drizzle,0.17
2025-04-05 17:00:00,17.8,100,55,4,5,17,5,1,0,Drizzle,0.2
2025-04-05 18:00:00,17.4,100,53,4,5,18,5,1,0,Drizzle,0.16
2025-04-06 11:00:00,5.2,100,51,4,6,11,6,1,0,Drizzle,0.1
2025-04-06 12:00:00,5.4,100,51,4,6,12,6,1,0,Drizzle,0.12
2025-04-06 13:00:00,5.2,100,51,4,6,13,6,1,0,Drizzle,0.13
2025-04-06 14:00:00,4.8,100,51,4,6,14,6,1,0,Drizzle,0.1
2025-04-06 15:00:00,4.5,100,51,4,6,15,6,1,0,Drizzle,0.16
2025-04-06 16:00:00,4.2,100,51,4,6,16,6,1,0,Drizzle,0.16
2025-04-06 17:00:00,4.1,100,51,4,6,17,6,1,0,Drizzle,0.12
2025-04-06 18:00:00,4.0,100,51,4,6,18,6,1,0,Drizzle,0.12
2025-04-07 11:00:00,4.4,100,3,4,7,11,0,0,0,Overcast,0.05
2025-04-07 12:00:00,6.9,100,3,4,7,12,0,0,0,Overcast,0.1
2025-04-07 13:00:00,8.3,100,3,4,7,13,0,0,0,Overcast,0.12
2025-04-07 14:00:00,9.4,45,1,4,7,14,0,0,0,Mostly Clear,0.19
2025-04-07 15:00:00,11.1,100,3,4,7,15,0,0,0,Overcast,0.19
2025-04-07 16:00:00,11.7,25,1,4,7,16,0,0,0,Mostly Clear,0.28
2025-04-07 17:00:00,12.0,53,2,4,7,17,0,0,0,Partly Cloudy,0.23
2025-04-07 18:00:00,12.0,100,3,4,7,18,0,0,0,Overcast,0.18
2025-04-08 11:00:00,-0.9,99,3,4,8,11,1,0,0,Overcast,0.03
2025-04-08 12:00:00,-0.3,99,3,4,8,12,1,0,0,Overcast,0.08
2025-04-08 13:00:00,0.5,95,3,4,8,13,1,0,0,Overcast,0.13
2025-04-08 14:00:00,1.0,76,2,4,8,14,1,0,0,Partly Cloudy,0.14
2025-04-08 15:00:00,1.4,50,2,4,8,15,1,0,0,Partly Cloudy,0.17
2025-04-08 16:00:00,2.1,68,2,4,8,16,1,0,0,Partly Cloudy,0.19
2025-04-08 17:00:00,2.2,66,2,4,8,17,1,0,0,Partly Cloudy,0.2
2025-04-08 18:00:00,2.1,40,1,4,8,18,1,0,0,Mostly Clear,0.19
2025-04-09 11:00:00,3.7,0,0,4,9,11,2,0,1,Clear,0.03
2025-04-09 12:00:00,5.0,19,0,4,9,12,2,0,1,Clear,0.13
2025-04-09 13:00:00,6.1,97,3,4,9,13,2,0,0,Overcast,0.14
2025-04-09 14:00:00,6.9,100,3,4,9,14,2,0,0,Overcast,0.14
2025-04-09 15:00:00,7.5,100,3,4,9,15,2,0,0,Overcast,0.17
2025-04-09 16:00:00,8.0,100,3,4,9,16,2,0,0,Overcast,0.13
2025-04-09 17:00:00,7.4,100,3,4,9,17,2,0,0,Overcast,0.16
2025-04-09 18:00:00,7.5,100,3,4,9,18,2,0,0,Overcast,0.15
2025-04-10 11:00:00,8.5,100,51,4,10,11,3,0,0,Drizzle,0.07
2025-04-10 12:00:00,8.2,100,53,4,10,12,3,0,0,Drizzle,0.08
2025-04-10 13:00:00,8.5,100,55,4,10,13,3,0,0,Drizzle,0.09
2025-04-10 14:00:00,9.0,100,53,4,10,14,3,0,0,Drizzle,0.07
2025-04-10 15:00:00,9.6,100,51,4,10,15,3,0,0,Drizzle,0.12
2025-04-10 16:00:00,9.7,100,3,4,10,16,3,0,0,Overcast,0.16
2025-04-10 17:00:00,10.5,100,51,4,10,17,3,0,0,Drizzle,0.14
2025-04-10 18:00:00,10.5,62,51,4,10,18,3,0,0,Drizzle,0.13
2025-04-11 11:00:00,4.9,100,3,4,11,11,4,0,0,Overcast,0.03
2025-04-11 12:00:00,6.3,100,3,4,11,12,4,0,0,Overcast,0.1
2025-04-11 13:00:00,7.6,100,3,4,11,13,4,0,0,Overcast,0.12
2025-04-11 14:00:00,8.9,100,3,4,11,14,4,0,0,Overcast,0.13
2025-04-11 15:00:00,9.6,100,3,4,11,15,4,0,0,Overcast,0.18
2025-04-11 16:00:00,10.2,100,3,4,11,16,4,0,0,Overcast,0.2
2025-04-11 17:00:00,10.1,100,3,4,11,17,4,0,0,Overcast,0.2
2025-04-11 18:00:00,9.4,100,3,4,11,18,4,0,0,Overcast,0.16
2025-04-12 11:00:00,5.7,100,3,4,12,11,5,1,0,Overcast,0.15
2025-04-12 12:00:00,5.9,100,51,4,12,12,5,1,0,Drizzle,0.1
2025-04-12 13:00:00,6.8,100,51,4,12,13,5,1,0,Drizzle,0.13
2025-04-12 14:00:00,7.5,100,3,4,12,14,5,1,0,Overcast,0.23
2025-04-12 15:00:00,8.8,94,3,4,12,15,5,1,0,Overcast,0.23
2025-04-12 16:00:00,9.7,57,2,4,12,16,5,1,0,Partly Cloudy,0.32
2025-04-12 17:00:00,9.8,100,3,4,12,17,5,1,0,Overcast,0.24
2025-04-12 18:00:00,8.8,98,3,4,12,18,5,1,0,Overcast,0.25
2025-04-13 11:00:00,9.7,13,0,4,13,11,6,1,1,Clear,0.22
2025-04-13 12:00:00,11.3,6,0,4,13,12,6,1,1,Clear,0.31
2025-04-13 13:00:00,12.4,86,3,4,13,13,6,1,0,Overcast,0.26
2025-04-13 14:00:00,13.3,81,3,4,13,14,6,1,0,Overcast,0.24
2025-04-13 15:00:00,14.0,26,1,4,13,15,6,1,0,Mostly Clear,0.37
2025-04-13 16:00:00,14.5,90,3,4,13,16,6,1,0,Overcast,0.28
2025-04-13 17:00:00,14.8,60,2,4,13,17,6,1,0,Partly Cloudy,0.35
2025-04-13 18:00:00,14.5,73,2,4,13,18,6,1,0,Partly Cloudy,0.35
2025-04-14 11:00:00,17.4,100,3,4,14,11,0,0,0,Overcast,0.09
2025-04-14 12:00:00,19.0,100,3,4,14,12,0,0,0,Overcast,0.13
2025-04-14 13:00:00,19.6,100,3,4,14,13,0,0,0,Overcast,0.18
2025-04-14 14:00:00,20.8,100,3,4,14,14,0,0,0,Overcast,0.19
2025-04-14 15:00:00,21.0,100,3,4,14,15,0,0,0,Overcast,0.22
2025-04-14 16:00:00,20.9,100,3,4,14,16,0,0,0,Overcast,0.24
2025-04-14 17:00:00,21.8,100,3,4,14,17,0,0,0,Overcast,0.2
2025-04-14 18:00:00,21.7,100,3,4,14,18,0,0,0,Overcast,0.21
2025-04-15 11:00:00,9.8,56,61,4,15,11,1,0,0,Rain,0.02
2025-04-15 12:00:00,11.8,54,51,4,15,12,1,0,0,Drizzle,0.06
2025-04-15 13:00:00,11.0,33,53,4,15,13,1,0,0,Drizzle,0.12
2025-04-15 14:00:00,10.8,22,71,4,15,14,1,0,0,Snow,0.04
2025-04-15 15:00:00,9.3,65,51,4,15,15,1,0,0,Drizzle,0.12
2025-04-15 16:00:00,8.3,86,51,4,15,16,1,0,0,Drizzle,0.11
2025-04-15 17:00:00,7.4,100,3,4,15,17,1,0,0,Overcast,0.18
2025-04-15 18:00:00,6.7,100,51,4,15,18,1,0,0,Drizzle,0.12
2025-04-16 11:00:00,5.7,76,2,4,16,11,2,0,0,Partly Cloudy,0.07
2025-04-16 12:00:00,7.2,99,3,4,16,12,2,0,0,Overcast,0.09
2025-04-16 13:00:00,7.9,100,3,4,16,13,2,0,0,Overcast,0.13
2025-04-16 14:00:00,8.8,86,3,4,16,14,2,0,0,Overcast,0.14
2025-04-16 15:00:00,9.0,61,2,4,16,15,2,0,0,Partly Cloudy,0.2
2025-04-16 16:00:00,9.3,62,2,4,16,16,2,0,0,Partly Cloudy,0.22
2025-04-16 17:00:00,9.1,59,2,4,16,17,2,0,0,Partly Cloudy,0.19
2025-04-16 18:00:00,8.4,47,1,4,16,18,2,0,0,Mostly Clear,0.24
2025-04-17 11:00:00,9.5,0,0,4,17,11,3,0,1,Clear,0.06
2025-04-17 12:00:00,10.8,0,0,4,17,12,3,0,1,Clear,0.19
2025-04-17 13:00:00,11.8,0,0,4,17,13,3,0,1,Clear,0.27
2025-04-17 14:00:00,12.7,0,0,4,17,14,3,0,1,Clear,0.25
2025-04-17 15:00:00,13.4,0,0,4,17,15,3,0,1,Clear,0.28
2025-04-17 16:00:00,13.9,0,0,4,17,16,3,0,1,Clear,0.3
2025-04-17 17:00:00,14.2,15,0,4,17,17,3,0,1,Clear,0.28
2025-04-17 18:00:00,14.1,100,3,4,17,18,3,0,0,Overcast,0.16
2025-04-18 11:00:00,19.4,89,3,4,18,11,4,0,0,Overcast,0.1
2025-04-18 12:00:00,21.7,91,3,4,18,12,4,0,0,Overcast,0.14
2025-04-18 13:00:00,23.4,100,3,4,18,13,4,0,0,Overcast,0.23
2025-04-18 14:00:00,24.2,35,1,4,18,14,4,0,0,Mostly Clear,0.33
2025-04-18 15:00:00,24.9,32,1,4,18,15,4,0,0,Mostly Clear,0.38
2025-04-18 16:00:00,25.1,0,0,4,18,16,4,0,1,Clear,0.41
2025-04-18 17:00:00,25.0,10,0,4,18,17,4,0,1,Clear,0.4
2025-04-18 18:00:00,24.3,54,2,4,18,18,4,0,0,Partly Cloudy,0.33
2025-04-19 11:00:00,22.4,98,51,4,19,11,5,1,0,Drizzle,0.16
2025-04-19 12:00:00,24.3,46,1,4,19,12,5,1,0,Mostly Clear,0.38
2025-04-19 13:00:00,25.8,77,2,4,19,13,5,1,0,Partly Cloudy,0.41
2025-04-19 14:00:00,26.0,94,3,4,19,14,5,1,0,Overcast,0.3
2025-04-19 15:00:00,26.0,100,51,4,19,15,5,1,0,Drizzle,0.21
2025-04-19 16:00:00,25.5,100,51,4,19,16,5,1,0,Drizzle,0.23
2025-04-19 17:00:00,24.8,93,3,4,19,17,5,1,0,Overcast,0.32
2025-04-19 18:00:00,22.0,100,51,4,19,18,5,1,0,Drizzle,0.2
2025-04-20 11:00:00,12.9,94,3,4,20,11,6,1,0,Overcast,0.13
2025-04-20 12:00:00,14.3,99,3,4,20,12,6,1,0,Overcast,0.2
2025-04-20 13:00:00,15.6,100,3,4,20,13,6,1,0,Overcast,0.23
2025-04-20 14:00:00,16.6,99,3,4,20,14,6,1,0,Overcast,0.24
2025-04-20 15:00:00,17.5,100,3,4,20,15,6,1,0,Overcast,0.27
2025-04-20 16:00:00,18.1,100,3,4,20,16,6,1,0,Overcast,0.28
2025-04-20 17:00:00,18.3,99,3,4,20,17,6,1,0,Overcast,0.31
2025-04-20 18:00:00,18.0,96,3,4,20,18,6,1,0,Overcast,0.29
2025-04-21 11:00:00,23.4,100,51,4,21,11,0,0,0,Drizzle,0.1
2025-04-21 12:00:00,24.2,100,51,4,21,12,0,0,0,Drizzle,0.1
2025-04-21 13:00:00,23.7,100,3,4,21,13,0,0,0,Overcast,0.24
2025-04-21 14:00:00,23.6,100,61,4,21,14,0,0,0,Rain,0.1
2025-04-21 15:00:00,20.0,100,53,4,21,15,0,0,0,Drizzle,0.15
2025-04-21 16:00:00,20.2,100,51,4,21,16,0,0,0,Drizzle,0.15
2025-04-21 17:00:00,20.0,100,3,4,21,17,0,0,0,Overcast,0.23
2025-04-21 18:00:00,19.6,100,3,4,21,18,0,0,0,Overcast,0.2
2025-04-22 11:00:00,13.6,100,3,4,22,11,1,0,0,Overcast,0.1
2025-04-22 12:00:00,15.3,91,3,4,22,12,1,0,0,Overcast,0.09
2025-04-22 13:00:00,16.6,90,3,4,22,13,1,0,0,Overcast,0.14
2025-04-22 14:00:00,17.9,100,3,4,22,14,1,0,0,Overcast,0.19
2025-04-22 15:00:00,18.7,100,3,4,22,15,1,0,0,Overcast,0.2
2025-04-22 16:00:00,19.0,100,3,4,22,16,1,0,0,Overcast,0.24
2025-04-22 17:00:00,19.1,100,3,4,22,17,1,0,0,Overcast,0.19
2025-04-22 18:00:00,18.8,98,3,4,22,18,1,0,0,Overcast,0.22
2025-04-23 11:00:00,17.9,0,0,4,23,11,2,0,1,Clear,0.19
2025-04-23 12:00:00,19.5,0,0,4,23,12,2,0,1,Clear,0.25
2025-04-23 13:00:00,20.9,0,0,4,23,13,2,0,1,Clear,0.29
2025-04-23 14:00:00,22.0,0,0,4,23,14,2,0,1,Clear,0.39
2025-04-23 15:00:00,22.7,0,0,4,23,15,2,0,1,Clear,0.4
2025-04-23 16:00:00,23.1,1,0,4,23,16,2,0,1,Clear,0.43
2025-04-23 17:00:00,23.1,12,0,4,23,17,2,0,1,Clear,0.42
2025-04-23 18:00:00,22.8,19,0,4,23,18,2,0,1,Clear,0.4
2025-04-24 11:00:00,21.3,0,0,4,24,11,3,0,1,Clear,0.17
2025-04-24 12:00:00,23.3,0,0,4,24,12,3,0,1,Clear,0.28
2025-04-24 13:00:00,24.9,10,0,4,24,13,3,0,1,Clear,0.39
2025-04-24 14:00:00,25.8,18,0,4,24,14,3,0,1,Clear,0.38
2025-04-24 15:00:00,26.5,11,0,4,24,15,3,0,1,Clear,0.43
2025-04-24 16:00:00,26.6,31,1,4,24,16,3,0,0,Mostly Clear,0.36
2025-04-24 17:00:00,26.4,60,2,4,24,17,3,0,0,Partly Cloudy,0.36
2025-04-24 18:00:00,26.5,72,2,4,24,18,3,0,0,Partly Cloudy,0.36
2025-04-25 11:00:00,16.9,100,61,4,25,11,4,0,0,Rain,0.03
2025-04-25 12:00:00,16.2,100,61,4,25,12,4,0,0,Rain,0.04
2025-04-25 13:00:00,19.7,100,51,4,25,13,4,0,0,Drizzle,0.12
2025-04-25 14:00:00,20.0,100,61,4,25,14,4,0,0,Rain,0.06
2025-04-25 15:00:00,21.1,99,51,4,25,15,4,0,0,Drizzle,0.13
2025-04-25 16:00:00,20.6,99,61,4,25,16,4,0,0,Rain,0.11
2025-04-25 17:00:00,21.8,100,51,4,25,17,4,0,0,Drizzle,0.15
2025-04-25 18:00:00,19.9,100,61,4,25,18,4,0,0,Rain,0.07
2025-04-26 11:00:00,11.7,100,3,4,26,11,5,1,0,Overcast,0.15
2025-04-26 12:00:00,12.2,100,3,4,26,12,5,1,0,Overcast,0.21
2025-04-26 13:00:00,12.3,100,3,4,26,13,5,1,0,Overcast,0.24
2025-04-26 14:00:00,12.6,100,3,4,26,14,5,1,0,Overcast,0.23
2025-04-26 15:00:00,13.1,100,3,4,26,15,5,1,0,Overcast,0.24
2025-04-26 16:00:00,12.7,100,3,4,26,16,5,1,0,Overcast,0.24
2025-04-26 17:00:00,11.9,100,3,4,26,17,5,1,0,Overcast,0.24
2025-04-26 18:00:00,10.4,100,3,4,26,18,5,1,0,Overcast,0.26
2025-04-27 11:00:00,11.4,9,0,4,27,11,6,1,1,Clear,0.27
2025-04-27 12:00:00,12.9,0,0,4,27,12,6,1,1,Clear,0.29
2025-04-27 13:00:00,14.1,0,0,4,27,13,6,1,1,Clear,0.38
2025-04-27 14:00:00,15.0,2,0,4,27,14,6,1,1,Clear,0.39
2025-04-27 15:00:00,15.5,3,0,4,27,15,6,1,1,Clear,0.42
2025-04-27 16:00:00,15.8,1,0,4,27,16,6,1,1,Clear,0.43
2025-04-27 17:00:00,15.7,0,0,4,27,17,6,1,1,Clear,0.39
2025-04-27 18:00:00,15.2,9,0,4,27,18,6,1,1,Clear,0.42
2025-04-28 11:00:00,16.7,0,0,4,28,11,0,0,1,Clear,0.1
2025-04-28 12:00:00,18.5,0,0,4,28,12,0,0,1,Clear,0.23
2025-04-28 13:00:00,19.9,0,0,4,28,13,0,0,1,Clear,0.29
2025-04-28 14:00:00,21.0,0,0,4,28,14,0,0,1,Clear,0.32
2025-04-28 15:00:00,22.0,0,0,4,28,15,0,0,1,Clear,0.42
2025-04-28 16:00:00,22.7,0,0,4,28,16,0,0,1,Clear,0.41
2025-04-28 17:00:00,22.9,0,0,4,28,17,0,0,1,Clear,0.4
2025-04-28 18:00:00,22.5,0,0,4,28,18,0,0,1,Clear,0.44
2025-04-29 11:00:00,23.2,100,3,4,29,11,1,0,0,Overcast,0.18
2025-04-29 12:00:00,22.3,69,2,4,29,12,1,0,0,Partly Cloudy,0.23
2025-04-29 13:00:00,25.9,31,1,4,29,13,1,0,0,Mostly Clear,0.32
2025-04-29 14:00:00,26.9,73,2,4,29,14,1,0,0,Partly Cloudy,0.28
2025-04-29 15:00:00,26.8,99,3,4,29,15,1,0,0,Overcast,0.27
2025-04-29 16:00:00,26.7,100,51,4,29,16,1,0,0,Drizzle,0.14
2025-04-29 17:00:00,26.0,100,3,4,29,17,1,0,0,Overcast,0.27
2025-04-29 18:00:00,24.7,100,3,4,29,18,1,0,0,Overcast,0.27
2025-04-30 11:00:00,14.0,0,0,4,30,11,2,0,1,Clear,0.13
2025-04-30 12:00:00,15.8,79,2,4,30,12,2,0,0,Partly Cloudy,0.15
2025-04-30 13:00:00,17.4,94,3,4,30,13,2,0,0,Overcast,0.22
2025-04-30 14:00:00,18.7,100,3,4,30,14,2,0,0,Overcast,0.21
2025-04-30 15:00:00,19.5,73,2,4,30,15,2,0,0,Partly Cloudy,0.28
2025-04-30 16:00:00,19.9,2,0,4,30,16,2,0,1,Clear,0.34
2025-04-30 17:00:00,20.0,2,0,4,30,17,2,0,1,Clear,0.33
2025-04-30 18:00:00,19.7,97,3,4,30,18,2,0,0,Overcast,0.19
2025-05-01 11:00:00,21.3,59,2,5,1,11,3,0,0,Partly Cloudy,0.29
2025-05-01 12:00:00,25.1,100,3,5,1,12,3,0,0,Overcast,0.26
2025-05-01 13:00:00,27.5,100,3,5,1,13,3,0,0,Overcast,0.33
2025-05-01 14:00:00,23.0,100,63,5,1,14,3,0,0,Rain,0.12
2025-05-01 15:00:00,19.1,100,65,5,1,15,3,0,0,Rain,0.12
2025-05-01 16:00:00,21.6,100,3,5,1,16,3,0,0,Overcast,0.28
2025-05-01 17:00:00,22.0,100,51,5,1,17,3,0,0,Drizzle,0.21
2025-05-01 18:00:00,22.0,100,51,5,1,18,3,0,0,Drizzle,0.21
2025-05-02 11:00:00,19.8,38,51,5,2,11,4,0,0,Drizzle,0.11
2025-05-02 12:00:00,21.8,46,1,5,2,12,4,0,0,Mostly Clear,0.35
2025-05-02 13:00:00,23.1,63,51,5,2,13,4,0,0,Drizzle,0.18
2025-05-02 14:00:00,23.6,98,51,5,2,14,4,0,0,Drizzle,0.2
2025-05-02 15:00:00,21.8,85,51,5,2,15,4,0,0,Drizzle,0.19
2025-05-02 16:00:00,23.7,99,51,5,2,16,4,0,0,Drizzle,0.22
2025-05-02 17:00:00,24.5,99,3,5,2,17,4,0,0,Overcast,0.36
2025-05-02 18:00:00,18.5,100,61,5,2,18,4,0,0,Rain,0.12
2025-05-03 11:00:00,17.7,100,51,5,3,11,5,1,0,Drizzle,0.17
2025-05-03 12:00:00,18.5,100,51,5,3,12,5,1,0,Drizzle,0.18
2025-05-03 13:00:00,18.9,100,51,5,3,13,5,1,0,Drizzle,0.22
2025-05-03 14:00:00,18.3,100,55,5,3,14,5,1,0,Drizzle,0.22
2025-05-03 15:00:00,16.3,100,61,5,3,15,5,1,0,Rain,0.13
2025-05-03 16:00:00,18.4,99,51,5,3,16,5,1,0,Drizzle,0.23
2025-05-03 17:00:00,19.4,100,51,5,3,17,5,1,0,Drizzle,0.22
2025-05-03 18:00:00,19.8,100,51,5,3,18,5,1,0,Drizzle,0.24
2025-05-04 11:00:00,17.4,99,63,5,4,11,6,1,0,Rain,0.09
2025-05-04 12:00:00,16.1,100,63,5,4,12,6,1,0,Rain,0.13
2025-05-04 13:00:00,17.7,100,51,5,4,13,6,1,0,Drizzle,0.24
2025-05-04 14:00:00,19.6,61,2,5,4,14,6,1,0,Partly Cloudy,0.46
2025-05-04 15:00:00,21.1,23,51,5,4,15,6,1,0,Drizzle,0.25
2025-05-04 16:00:00,21.4,20,1,5,4,16,6,1,0,Mostly Clear,0.55
2025-05-04 17:00:00,21.3,24,1,5,4,17,6,1,0,Mostly Clear,0.59
2025-05-04 18:00:00,20.7,92,3,5,4,18,6,1,0,Overcast,0.36
2025-05-05 11:00:00,17.8,67,2,5,5,11,0,0,0,Partly Cloudy,0.26
2025-05-05 12:00:00,19.8,30,51,5,5,12,0,0,0,Drizzle,0.12
2025-05-05 13:00:00,21.0,19,51,5,5,13,0,0,0,Drizzle,0.16
2025-05-05 14:00:00,21.8,51,2,5,5,14,0,0,0,Partly Cloudy,0.37
2025-05-05 15:00:00,21.5,56,2,5,5,15,0,0,0,Partly Cloudy,0.41
2025-05-05 16:00:00,20.7,73,51,5,5,16,0,0,0,Drizzle,0.18
2025-05-05 17:00:00,20.7,71,2,5,5,17,0,0,0,Partly Cloudy,0.42
2025-05-05 18:00:00,20.3,100,3,5,5,18,0,0,0,Overcast,0.31
2025-05-06 11:00:00,14.7,100,3,5,6,11,1,0,0,Overcast,0.16
2025-05-06 12:00:00,15.5,100,51,5,6,12,1,0,0,Drizzle,0.1
2025-05-06 13:00:00,16.2,100,51,5,6,13,1,0,0,Drizzle,0.15
2025-05-06 14:00:00,14.0,88,53,5,6,14,1,0,0,Drizzle,0.17
2025-05-06 15:00:00,16.6,85,51,5,6,15,1,0,0,Drizzle,0.19
2025-05-06 16:00:00,15.0,100,53,5,6,16,1,0,0,Drizzle,0.16
2025-05-06 17:00:00,13.3,100,55,5,6,17,1,0,0,Drizzle,0.16
2025-05-06 18:00:00,13.1,100,51,5,6,18,1,0,0,Drizzle,0.18
2025-05-07 11:00:00,16.1,100,51,5,7,11,2,0,0,Drizzle,0.12
2025-05-07 12:00:00,17.1,100,51,5,7,12,2,0,0,Drizzle,0.14
2025-05-07 13:00:00,18.4,100,3,5,7,13,2,0,0,Overcast,0.29
2025-05-07 14:00:00,19.0,100,3,5,7,14,2,0,0,Overcast,0.27
2025-05-07 15:00:00,19.6,61,2,5,7,15,2,0,0,Partly Cloudy,0.42
2025-05-07 16:00:00,20.0,94,3,5,7,16,2,0,0,Overcast,0.29
2025-05-07 17:00:00,20.4,100,3,5,7,17,2,0,0,Overcast,0.29
2025-05-07 18:00:00,20.2,99,3,5,7,18,2,0,0,Overcast,0.29
2025-05-08 11:00:00,18.2,30,1,5,8,11,3,0,0,Mostly Clear,0.3
2025-05-08 12:00:00,19.1,20,1,5,8,12,3,0,0,Mostly Clear,0.33
2025-05-08 13:00:00,19.9,35,1,5,8,13,3,0,0,Mostly Clear,0.39
2025-05-08 14:00:00,20.5,71,2,5,8,14,3,0,0,Partly Cloudy,0.39
2025-05-08 15:00:00,19.7,24,1,5,8,15,3,0,0,Mostly Clear,0.46
2025-05-08 16:00:00,18.6,78,2,5,8,16,3,0,0,Partly Cloudy,0.4
2025-05-08 17:00:00,18.4,90,3,5,8,17,3,0,0,Overcast,0.3
2025-05-08 18:00:00,18.5,47,1,5,8,18,3,0,0,Mostly Clear,0.45
2025-05-09 11:00:00,11.4,72,2,5,9,11,4,0,0,Partly Cloudy,0.24
2025-05-09 12:00:00,12.7,98,3,5,9,12,4,0,0,Overcast,0.22
2025-05-09 13:00:00,13.7,63,2,5,9,13,4,0,0,Partly Cloudy,0.33
2025-05-09 14:00:00,14.4,98,3,5,9,14,4,0,0,Overcast,0.24
2025-05-09 15:00:00,14.1,65,2,5,9,15,4,0,0,Partly Cloudy,0.36
2025-05-09 16:00:00,13.8,97,3,5,9,16,4,0,0,Overcast,0.3
2025-05-09 17:00:00,13.6,95,3,5,9,17,4,0,0,Overcast,0.29
2025-05-09 18:00:00,13.7,73,2,5,9,18,4,0,0,Partly Cloudy,0.35
2025-05-10 11:00:00,15.6,0,0,5,10,11,5,1,1,Clear,0.38
2025-05-10 12:00:00,17.7,0,0,5,10,12,5,1,1,Clear,0.49
2025-05-10 13:00:00,19.3,0,0,5,10,13,5,1,1,Clear,0.56
2025-05-10 14:00:00,20.3,0,0,5,10,14,5,1,1,Clear,0.6
2025-05-10 15:00:00,21.0,0,0,5,10,15,5,1,1,Clear,0.62
2025-05-10 16:00:00,21.6,2,0,5,10,16,5,1,1,Clear,0.61
2025-05-10 17:00:00,21.7,0,0,5,10,17,5,1,1,Clear,0.61
2025-05-10 18:00:00,21.5,1,0,5,10,18,5,1,1,Clear,0.6
2025-05-11 11:00:00,19.3,0,0,5,11,11,6,1,1,Clear,0.46
2025-05-11 12:00:00,21.1,0,0,5,11,12,6,1,1,Clear,0.52
2025-05-11 13:00:00,22.4,0,0,5,11,13,6,1,1,Clear,0.63
2025-05-11 14:00:00,23.1,7,0,5,11,14,6,1,1,Clear,0.67
2025-05-11 15:00:00,23.5,10,0,5,11,15,6,1,1,Clear,0.69
2025-05-11 16:00:00,23.7,90,3,5,11,16,6,1,0,Overcast,0.42
2025-05-11 17:00:00,23.6,59,2,5,11,17,6,1,0,Partly Cloudy,0.54
2025-05-11 18:00:00,23.0,14,0,5,11,18,6,1,1,Clear,0.71
2025-05-12 11:00:00,22.6,92,3,5,12,11,0,0,0,Overcast,0.24
2025-05-12 12:00:00,24.2,100,3,5,12,12,0,0,0,Overcast,0.25
2025-05-12 13:00:00,25.1,100,3,5,12,13,0,0,0,Overcast,0.34
2025-05-12 14:00:00,25.7,100,3,5,12,14,0,0,0,Overcast,0.33
2025-05-12 15:00:00,25.6,100,3,5,12,15,0,0,0,Overcast,0.37
2025-05-12 16:00:00,25.6,100,51,5,12,16,0,0,0,Drizzle,0.21
2025-05-12 17:00:00,24.2,100,3,5,12,17,0,0,0,Overcast,0.37
2025-05-12 18:00:00,22.1,100,3,5,12,18,0,0,0,Overcast,0.33
2025-05-13 11:00:00,19.0,100,53,5,13,11,1,0,0,Drizzle,0.13
2025-05-13 12:00:00,19.0,100,53,5,13,12,1,0,0,Drizzle,0.13
2025-05-13 13:00:00,18.7,100,61,5,13,13,1,0,0,Rain,0.13
2025-05-13 14:00:00,18.5,100,61,5,13,14,1,0,0,Rain,0.1
2025-05-13 15:00:00,18.3,100,55,5,13,15,1,0,0,Drizzle,0.17
2025-05-13 16:00:00,17.9,100,55,5,13,16,1,0,0,Drizzle,0.21
2025-05-13 17:00:00,19.0,100,51,5,13,17,1,0,0,Drizzle,0.17
2025-05-13 18:00:00,19.6,100,51,5,13,18,1,0,0,Drizzle,0.18
2025-05-14 11:00:00,21.0,28,1,5,14,11,2,0,0,Mostly Clear,0.29
2025-05-14 12:00:00,22.4,100,51,5,14,12,2,0,0,Drizzle,0.19
2025-05-14 13:00:00,22.5,100,3,5,14,13,2,0,0,Overcast,0.31
2025-05-14 14:00:00,22.6,100,3,5,14,14,2,0,0,Overcast,0.32
2025-05-14 15:00:00,23.0,100,3,5,14,15,2,0,0,Overcast,0.34
2025-05-14 16:00:00,23.0,48,1,5,14,16,2,0,0,Mostly Clear,0.5
2025-05-14 17:00:00,22.5,84,51,5,14,17,2,0,0,Drizzle,0.24
2025-05-14 18:00:00,21.7,100,51,5,14,18,2,0,0,Drizzle,0.21
2025-05-15 11:00:00,22.4,59,2,5,15,11,3,0,0,Partly Cloudy,0.31
2025-05-15 12:00:00,23.8,49,51,5,15,12,3,0,0,Drizzle,0.18
2025-05-15 13:00:00,25.0,32,1,5,15,13,3,0,0,Mostly Clear,0.47
2025-05-15 14:00:00,25.7,21,1,5,15,14,3,0,0,Mostly Clear,0.48
2025-05-15 15:00:00,26.2,7,0,5,15,15,3,0,1,Clear,0.55
2025-05-15 16:00:00,26.6,17,0,5,15,16,3,0,1,Clear,0.58
2025-05-15 17:00:00,26.3,18,0,5,15,17,3,0,1,Clear,0.59
2025-05-15 18:00:00,25.9,21,1,5,15,18,3,0,0,Mostly Clear,0.5
2025-05-16 11:00:00,25.2,28,51,5,16,11,4,0,0,Drizzle,0.17
2025-05-16 12:00:00,26.4,80,51,5,16,12,4,0,0,Drizzle,0.17
2025-05-16 13:00:00,27.2,100,3,5,16,13,4,0,0,Overcast,0.35
2025-05-16 14:00:00,26.5,100,61,5,16,14,4,0,0,Rain,0.12
2025-05-16 15:00:00,23.1,100,63,5,16,15,4,0,0,Rain,0.12
2025-05-16 16:00:00,20.0,100,55,5,16,16,4,0,0,Drizzle,0.18
2025-05-16 17:00:00,22.0,99,3,5,16,17,4,0,0,Overcast,0.35
2025-05-16 18:00:00,23.3,100,51,5,16,18,4,0,0,Drizzle,0.23
2025-05-17 11:00:00,22.1,37,1,5,17,11,5,1,0,Mostly Clear,0.47
2025-05-17 12:00:00,22.8,57,2,5,17,12,5,1,0,Partly Cloudy,0.47
2025-05-17 13:00:00,22.7,58,2,5,17,13,5,1,0,Partly Cloudy,0.55
2025-05-17 14:00:00,22.4,62,51,5,17,14,5,1,0,Drizzle,0.27
2025-05-17 15:00:00,21.9,33,51,5,17,15,5,1,0,Drizzle,0.24
2025-05-17 16:00:00,21.9,29,1,5,17,16,5,1,0,Mostly Clear,0.57
2025-05-17 17:00:00,21.5,25,1,5,17,17,5,1,0,Mostly Clear,0.58
2025-05-17 18:00:00,20.8,24,51,5,17,18,5,1,0,Drizzle,0.24
2025-05-18 11:00:00,19.3,70,2,5,18,11,6,1,0,Partly Cloudy,0.37
2025-05-18 12:00:00,19.3,100,3,5,18,12,6,1,0,Overcast,0.34
2025-05-18 13:00:00,19.4,68,2,5,18,13,6,1,0,Partly Cloudy,0.5
2025-05-18 14:00:00,20.0,70,2,5,18,14,6,1,0,Partly Cloudy,0.46
2025-05-18 15:00:00,20.4,31,1,5,18,15,6,1,0,Mostly Clear,0.57
2025-05-18 16:00:00,20.8,100,3,5,18,16,6,1,0,Overcast,0.37
2025-05-18 17:00:00,19.4,65,2,5,18,17,6,1,0,Partly Cloudy,0.5
2025-05-18 18:00:00,18.5,20,51,5,18,18,6,1,0,Drizzle,0.25
2025-05-19 11:00:00,15.0,100,3,5,19,11,0,0,0,Overcast,0.15
2025-05-19 12:00:00,15.9,78,2,5,19,12,0,0,0,Partly Cloudy,0.26
2025-05-19 13:00:00,16.9,75,2,5,19,13,0,0,0,Partly Cloudy,0.31
2025-05-19 14:00:00,17.4,76,2,5,19,14,0,0,0,Partly Cloudy,0.37
2025-05-19 15:00:00,18.5,94,3,5,19,15,0,0,0,Overcast,0.28
2025-05-19 16:00:00,18.6,18,0,5,19,16,0,0,1,Clear,0.52
2025-05-19 17:00:00,18.0,33,1,5,19,17,0,0,0,Mostly Clear,0.44
2025-05-19 18:00:00,17.0,31,1,5,19,18,0,0,0,Mostly Clear,0.43
2025-05-20 11:00:00,14.0,100,3,5,20,11,1,0,0,Overcast,0.15
2025-05-20 12:00:00,15.6,100,3,5,20,12,1,0,0,Overcast,0.22
2025-05-20 13:00:00,16.7,100,3,5,20,13,1,0,0,Overcast,0.23
2025-05-20 14:00:00,17.7,100,3,5,20,14,1,0,0,Overcast,0.27
2025-05-20 15:00:00,17.2,100,3,5,20,15,1,0,0,Overcast,0.3
2025-05-20 16:00:00,16.7,100,3,5,20,16,1,0,0,Overcast,0.29
2025-05-20 17:00:00,17.3,100,3,5,20,17,1,0,0,Overcast,0.29
2025-05-20 18:00:00,16.9,100,3,5,20,18,1,0,0,Overcast,0.27
2025-05-21 11:00:00,18.2,100,3,5,21,11,2,0,0,Overcast,0.2
2025-05-21 12:00:00,20.4,47,51,5,21,12,2,0,0,Drizzle,0.15
2025-05-21 13:00:00,21.8,100,3,5,21,13,2,0,0,Overcast,0.26
2025-05-21 14:00:00,21.8,99,51,5,21,14,2,0,0,Drizzle,0.19
2025-05-21 15:00:00,23.0,100,51,5,21,15,2,0,0,Drizzle,0.23
2025-05-21 16:00:00,17.7,100,65,5,21,16,2,0,0,Rain,0.1
2025-05-21 17:00:00,16.3,52,53,5,21,17,2,0,0,Drizzle,0.16
2025-05-21 18:00:00,17.5,86,53,5,21,18,2,0,0,Drizzle,0.18
2025-05-22 11:00:00,11.1,100,51,5,22,11,3,0,0,Drizzle,0.13
2025-05-22 12:00:00,11.2,100,51,5,22,12,3,0,0,Drizzle,0.1
2025-05-22 13:00:00,11.4,100,51,5,22,13,3,0,0,Drizzle,0.14
2025-05-22 14:00:00,11.3,100,53,5,22,14,3,0,0,Drizzle,0.15
2025-05-22 15:00:00,11.2,100,53,5,22,15,3,0,0,Drizzle,0.19
2025-05-22 16:00:00,11.2,100,55,5,22,16,3,0,0,Drizzle,0.17
2025-05-22 17:00:00,11.5,100,55,5,22,17,3,0,0,Drizzle,0.16
2025-05-22 18:00:00,11.0,100,55,5,22,18,3,0,0,Drizzle,0.15
2025-05-23 11:00:00,11.5,24,51,5,23,11,4,0,0,Drizzle,0.09
2025-05-23 12:00:00,12.7,39,51,5,23,12,4,0,0,Drizzle,0.11
2025-05-23 13:00:00,12.7,46,51,5,23,13,4,0,0,Drizzle,0.17
2025-05-23 14:00:00,13.5,74,2,5,23,14,4,0,0,Partly Cloudy,0.34
2025-05-23 15:00:00,13.5,43,51,5,23,15,4,0,0,Drizzle,0.16
2025-05-23 16:00:00,13.9,47,51,5,23,16,4,0,0,Drizzle,0.15
2025-05-23 17:00:00,13.6,53,2,5,23,17,4,0,0,Partly Cloudy,0.37
2025-05-23 18:00:00,13.2,66,2,5,23,18,4,0,0,Partly Cloudy,0.37
2025-05-24 11:00:00,13.2,48,51,5,24,11,5,1,0,Drizzle,0.18
2025-05-24 12:00:00,14.2,38,51,5,24,12,5,1,0,Drizzle,0.17
2025-05-24 13:00:00,15.3,60,51,5,24,13,5,1,0,Drizzle,0.2
2025-05-24 14:00:00,15.5,99,3,5,24,14,5,1,0,Overcast,0.32
2025-05-24 15:00:00,16.3,66,2,5,24,15,5,1,0,Partly Cloudy,0.47
2025-05-24 16:00:00,16.1,45,1,5,24,16,5,1,0,Mostly Clear,0.5
2025-05-24 17:00:00,15.5,61,2,5,24,17,5,1,0,Partly Cloudy,0.44
2025-05-24 18:00:00,15.5,39,1,5,24,18,5,1,0,Mostly Clear,0.52
2025-05-25 11:00:00,15.3,100,3,5,25,11,6,1,0,Overcast,0.25
2025-05-25 12:00:00,15.5,68,2,5,25,12,6,1,0,Partly Cloudy,0.34
2025-05-25 13:00:00,16.7,100,3,5,25,13,6,1,0,Overcast,0.35
2025-05-25 14:00:00,16.5,100,3,5,25,14,6,1,0,Overcast,0.32
2025-05-25 15:00:00,17.1,100,3,5,25,15,6,1,0,Overcast,0.41
2025-05-25 16:00:00,16.9,100,3,5,25,16,6,1,0,Overcast,0.33
2025-05-25 17:00:00,15.9,96,3,5,25,17,6,1,0,Overcast,0.33
2025-05-25 18:00:00,16.1,47,1,5,25,18,6,1,0,Mostly Clear,0.53
2025-05-26 11:00:00,15.5,0,0,5,26,11,0,0,1,Clear,0.25
2025-05-26 12:00:00,16.7,34,1,5,26,12,0,0,0,Mostly Clear,0.3
2025-05-26 13:00:00,17.8,11,0,5,26,13,0,0,1,Clear,0.44
2025-05-26 14:00:00,18.8,100,3,5,26,14,0,0,0,Overcast,0.27
2025-05-26 15:00:00,19.4,68,2,5,26,15,0,0,0,Partly Cloudy,0.39
2025-05-26 16:00:00,19.7,48,1,5,26,16,0,0,0,Mostly Clear,0.46
2025-05-26 17:00:00,19.0,8,0,5,26,17,0,0,1,Clear,0.51
2025-05-26 18:00:00,18.3,48,1,5,26,18,0,0,0,Mostly Clear,0.45
2025-05-27 11:00:00,17.9,100,3,5,27,11,1,0,0,Overcast,0.18
2025-05-27 12:00:00,18.6,100,3,5,27,12,1,0,0,Overcast,0.22
2025-05-27 13:00:00,17.9,100,3,5,27,13,1,0,0,Overcast,0.3
2025-05-27 14:00:00,16.9,100,3,5,27,14,1,0,0,Overcast,0.26
2025-05-27 15:00:00,16.2,100,51,5,27,15,1,0,0,Drizzle,0.18
2025-05-27 16:00:00,15.3,100,53,5,27,16,1,0,0,Drizzle,0.16
2025-05-27 17:00:00,14.4,100,53,5,27,17,1,0,0,Drizzle,0.16
2025-05-27 18:00:00,13.9,100,53,5,27,18,1,0,0,Drizzle,0.18
2025-05-28 11:00:00,13.5,100,53,5,28,11,2,0,0,Drizzle,0.13
2025-05-28 12:00:00,13.8,100,53,5,28,12,2,0,0,Drizzle,0.15
2025-05-28 13:00:00,15.3,100,61,5,28,13,2,0,0,Rain,0.1
2025-05-28 14:00:00,14.7,100,63,5,28,14,2,0,0,Rain,0.09
2025-05-28 15:00:00,14.7,100,53,5,28,15,2,0,0,Drizzle,0.15
2025-05-28 16:00:00,16.1,81,51,5,28,16,2,0,0,Drizzle,0.19
2025-05-28 17:00:00,17.6,73,2,5,28,17,2,0,0,Partly Cloudy,0.42
2025-05-28 18:00:00,17.3,100,3,5,28,18,2,0,0,Overcast,0.3
2025-05-29 11:00:00,17.7,100,3,5,29,11,3,0,0,Overcast,0.22
2025-05-29 12:00:00,18.3,100,3,5,29,12,3,0,0,Overcast,0.26
2025-05-29 13:00:00,19.0,100,3,5,29,13,3,0,0,Overcast,0.27
2025-05-29 14:00:00,20.2,97,3,5,29,14,3,0,0,Overcast,0.29
2025-05-29 15:00:00,21.0,75,51,5,29,15,3,0,0,Drizzle,0.2
2025-05-29 16:00:00,21.3,77,51,5,29,16,3,0,0,Drizzle,0.2
2025-05-29 17:00:00,21.7,66,2,5,29,17,3,0,0,Partly Cloudy,0.41
2025-05-29 18:00:00,20.5,100,51,5,29,18,3,0,0,Drizzle,0.18
2025-05-30 11:00:00,19.0,100,3,5,30,11,4,0,0,Overcast,0.2
2025-05-30 12:00:00,18.9,100,3,5,30,12,4,0,0,Overcast,0.21
2025-05-30 13:00:00,16.8,100,61,5,30,13,4,0,0,Rain,0.08
2025-05-30 14:00:00,16.3,100,61,5,30,14,4,0,0,Rain,0.09
2025-05-30 15:00:00,15.3,100,55,5,30,15,4,0,0,Drizzle,0.18
2025-05-30 16:00:00,15.0,100,63,5,30,16,4,0,0,Rain,0.09
2025-05-30 17:00:00,15.4,100,55,5,30,17,4,0,0,Drizzle,0.16
2025-05-30 18:00:00,15.0,100,63,5,30,18,4,0,0,Rain,0.11
2025-05-31 11:00:00,13.8,68,51,5,31,11,5,1,0,Drizzle,0.17
2025-05-31 12:00:00,13.5,77,51,5,31,12,5,1,0,Drizzle,0.18
2025-05-31 13:00:00,14.1,100,51,5,31,13,5,1,0,Drizzle,0.2
2025-05-31 14:00:00,13.3,100,3,5,31,14,5,1,0,Overcast,0.32
2025-05-31 15:00:00,12.2,100,3,5,31,15,5,1,0,Overcast,0.37
2025-05-31 16:00:00,11.9,100,3,5,31,16,5,1,0,Overcast,0.36
2025-05-31 17:00:00,10.9,100,3,5,31,17,5,1,0,Overcast,0.33
2025-05-31 18:00:00,10.9,100,3,5,31,18,5,1,0,Overcast,0.33
2025-06-01 10:00:00,13.1,20,1,6,1,10,6,1,0,Mostly Clear,0.54
2025-06-01 11:00:00,14.7,23,1,6,1,11,6,1,0,Mostly Clear,0.57
2025-06-01 12:00:00,16.4,98,3,6,1,12,6,1,0,Overcast,0.41
2025-06-01 13:00:00,16.8,98,3,6,1,13,6,1,0,Overcast,0.44
2025-06-01 14:00:00,17.0,99,3,6,1,14,6,1,0,Overcast,0.48
2025-06-01 15:00:00,17.1,54,2,6,1,15,6,1,0,Partly Cloudy,0.67
2025-06-01 16:00:00,17.5,91,3,6,1,16,6,1,0,Overcast,0.51
2025-06-01 17:00:00,17.6,51,2,6,1,17,6,1,0,Partly Cloudy,0.68
2025-06-01 18:00:00,17.1,0,0,6,1,18,6,1,1,Clear,0.84
2025-06-01 19:00:00,16.1,0,0,6,1,19,6,1,1,Clear,0.71
2025-06-01 20:00:00,14.5,0,0,6,1,20,6,1,1,Clear,0.69
2025-06-02 10:00:00,15.9,0,0,6,2,10,0,0,1,Clear,0.46
2025-06-02 11:00:00,18.0,0,0,6,2,11,0,0,1,Clear,0.6
2025-06-02 12:00:00,19.4,0,0,6,2,12,0,0,1,Clear,0.58
2025-06-02 13:00:00,20.3,11,0,6,2,13,0,0,1,Clear,0.66
2025-06-02 14:00:00,21.1,21,1,6,2,14,0,0,0,Mostly Clear,0.58
2025-06-02 15:00:00,21.6,59,2,6,2,15,0,0,0,Partly Cloudy,0.57
2025-06-02 16:00:00,21.8,2,0,6,2,16,0,0,1,Clear,0.71
2025-06-02 17:00:00,21.8,54,2,6,2,17,0,0,0,Partly Cloudy,0.54
2025-06-02 18:00:00,21.5,5,0,6,2,18,0,0,1,Clear,0.67
2025-06-02 19:00:00,20.8,0,0,6,2,19,0,0,1,Clear,0.64
2025-06-02 20:00:00,18.8,0,0,6,2,20,0,0,1,Clear,0.64
2025-06-03 10:00:00,18.7,0,0,6,3,10,1,0,1,Clear,0.55
2025-06-03 11:00:00,21.0,0,0,6,3,11,1,0,1,Clear,0.57
2025-06-03 12:00:00,22.8,2,0,6,3,12,1,0,1,Clear,0.66
2025-06-03 13:00:00,23.9,0,0,6,3,13,1,0,1,Clear,0.74
2025-06-03 14:00:00,24.5,0,0,6,3,14,1,0,1,Clear,0.75
2025-06-03 15:00:00,25.0,0,0,6,3,15,1,0,1,Clear,0.76
2025-06-03 16:00:00,25.4,0,0,6,3,16,1,0,1,Clear,0.76
2025-06-03 17:00:00,25.5,0,0,6,3,17,1,0,1,Clear,0.75
2025-06-03 18:00:00,25.2,0,0,6,3,18,1,0,1,Clear,0.75
2025-06-03 19:00:00,24.2,0,0,6,3,19,1,0,1,Clear,0.69
2025-06-03 20:00:00,22.3,0,0,6,3,20,1,0,1,Clear,0.7
2025-06-04 10:00:00,23.8,5,0,6,4,10,2,0,1,Clear,0.58
2025-06-04 11:00:00,25.6,7,0,6,4,11,2,0,1,Clear,0.63
2025-06-04 12:00:00,26.9,32,1,6,4,12,2,0,0,Mostly Clear,0.6
2025-06-04 13:00:00,27.6,25,1,6,4,13,2,0,0,Mostly Clear,0.64
2025-06-04 14:00:00,28.1,20,1,6,4,14,2,0,0,Mostly Clear,0.69
2025-06-04 15:00:00,28.6,11,0,6,4,15,2,0,1,Clear,0.84
2025-06-04 16:00:00,29.1,14,0,6,4,16,2,0,1,Clear,0.8
2025-06-04 17:00:00,29.1,14,0,6,4,17,2,0,1,Clear,0.8
2025-06-04 18:00:00,28.4,5,0,6,4,18,2,0,1,Clear,0.8
2025-06-04 19:00:00,27.6,3,0,6,4,19,2,0,1,Clear,0.71
2025-06-04 20:00:00,25.8,2,0,6,4,20,2,0,1,Clear,0.67
2025-06-05 10:00:00,24.3,38,1,6,5,10,3,0,0,Mostly Clear,0.56
2025-06-05 11:00:00,26.3,12,0,6,5,11,3,0,1,Clear,0.63
2025-06-05 12:00:00,27.5,24,51,6,5,12,3,0,0,Drizzle,0.23
2025-06-05 13:00:00,28.1,43,1,6,5,13,3,0,0,Mostly Clear,0.69
2025-06-05 14:00:00,28.8,100,3,6,5,14,3,0,0,Overcast,0.47
2025-06-05 15:00:00,27.7,99,61,6,5,15,3,0,0,Rain,0.17
2025-06-05 16:00:00,25.3,88,63,6,5,16,3,0,0,Rain,0.18
2025-06-05 17:00:00,21.3,100,63,6,5,17,3,0,0,Rain,0.17
2025-06-05 18:00:00,22.4,100,51,6,5,18,3,0,0,Drizzle,0.28
2025-06-05 19:00:00,22.4,100,3,6,5,19,3,0,0,Overcast,0.42
2025-06-05 20:00:00,21.7,100,51,6,5,20,3,0,0,Drizzle,0.26
2025-06-06 10:00:00,20.3,31,61,6,6,10,4,0,0,Rain,0.13
2025-06-06 11:00:00,23.2,96,51,6,6,11,4,0,0,Drizzle,0.27
2025-06-06 12:00:00,24.0,98,51,6,6,12,4,0,0,Drizzle,0.26
2025-06-06 13:00:00,24.7,100,51,6,6,13,4,0,0,Drizzle,0.29
2025-06-06 14:00:00,25.1,100,51,6,6,14,4,0,0,Drizzle,0.26
2025-06-06 15:00:00,25.9,97,51,6,6,15,4,0,0,Drizzle,0.27
2025-06-06 16:00:00,26.7,100,3,6,6,16,4,0,0,Overcast,0.48
2025-06-06 17:00:00,24.0,100,53,6,6,17,4,0,0,Drizzle,0.26
2025-06-06 18:00:00,21.3,100,63,6,6,18,4,0,0,Rain,0.18
2025-06-06 19:00:00,20.9,100,53,6,6,19,4,0,0,Drizzle,0.26
2025-06-06 20:00:00,20.6,100,51,6,6,20,4,0,0,Drizzle,0.23
2025-06-07 10:00:00,20.3,35,51,6,7,10,5,1,0,Drizzle,0.27
2025-06-07 11:00:00,21.6,21,51,6,7,11,5,1,0,Drizzle,0.27
2025-06-07 12:00:00,23.1,63,51,6,7,12,5,1,0,Drizzle,0.27
2025-06-07 13:00:00,24.3,46,1,6,7,13,5,1,0,Mostly Clear,0.77
2025-06-07 14:00:00,25.4,31,1,6,7,14,5,1,0,Mostly Clear,0.77
2025-06-07 15:00:00,25.9,89,3,6,7,15,5,1,0,Overcast,0.53
2025-06-07 16:00:00,25.7,100,3,6,7,16,5,1,0,Overcast,0.55
2025-06-07 17:00:00,25.2,100,3,6,7,17,5,1,0,Overcast,0.54
2025-06-07 18:00:00,24.1,100,3,6,7,18,5,1,0,Overcast,0.55
2025-06-07 19:00:00,23.6,100,3,6,7,19,5,1,0,Overcast,0.52
2025-06-07 20:00:00,22.3,100,3,6,7,20,5,1,0,Overcast,0.48
2025-06-08 10:00:00,18.4,100,55,6,8,10,6,1,0,Drizzle,0.27
2025-06-08 11:00:00,18.0,100,63,6,8,11,6,1,0,Rain,0.16
2025-06-08 12:00:00,18.3,99,63,6,8,12,6,1,0,Rain,0.14
2025-06-08 13:00:00,20.3,91,53,6,8,13,6,1,0,Drizzle,0.31
2025-06-08 14:00:00,21.4,96,53,6,8,14,6,1,0,Drizzle,0.29
2025-06-08 15:00:00,22.0,95,53,6,8,15,6,1,0,Drizzle,0.35
2025-06-08 16:00:00,21.5,94,63,6,8,16,6,1,0,Rain,0.17
2025-06-08 17:00:00,21.2,75,55,6,8,17,6,1,0,Drizzle,0.29
2025-06-08 18:00:00,21.5,98,53,6,8,18,6,1,0,Drizzle,0.29
2025-06-08 19:00:00,20.6,98,53,6,8,19,6,1,0,Drizzle,0.3
2025-06-08 20:00:00,20.2,92,3,6,8,20,6,1,0,Overcast,0.45
2025-06-09 10:00:00,21.8,99,53,6,9,10,0,0,0,Drizzle,0.19
2025-06-09 11:00:00,23.1,95,51,6,9,11,0,0,0,Drizzle,0.25
2025-06-09 12:00:00,24.1,74,51,6,9,12,0,0,0,Drizzle,0.26
2025-06-09 13:00:00,25.0,99,51,6,9,13,0,0,0,Drizzle,0.28
2025-06-09 14:00:00,25.5,78,51,6,9,14,0,0,0,Drizzle,0.28
2025-06-09 15:00:00,24.1,100,63,6,9,15,0,0,0,Rain,0.17
2025-06-09 16:00:00,21.3,100,63,6,9,16,0,0,0,Rain,0.17
2025-06-09 17:00:00,19.4,100,61,6,9,17,0,0,0,Rain,0.14
2025-06-09 18:00:00,20.2,100,51,6,9,18,0,0,0,Drizzle,0.27
2025-06-09 19:00:00,20.4,100,3,6,9,19,0,0,0,Overcast,0.4
2025-06-09 20:00:00,20.0,100,3,6,9,20,0,0,0,Overcast,0.39
2025-06-10 10:00:00,20.3,19,0,6,10,10,1,0,1,Clear,0.53
2025-06-10 11:00:00,21.1,21,1,6,10,11,1,0,0,Mostly Clear,0.52
2025-06-10 12:00:00,21.9,100,3,6,10,12,1,0,0,Overcast,0.34
2025-06-10 13:00:00,21.9,42,1,6,10,13,1,0,0,Mostly Clear,0.6
2025-06-10 14:00:00,21.7,24,51,6,10,14,1,0,0,Drizzle,0.26
2025-06-10 15:00:00,22.1,31,51,6,10,15,1,0,0,Drizzle,0.27
2025-06-10 16:00:00,22.7,8,0,6,10,16,1,0,1,Clear,0.76
2025-06-10 17:00:00,22.7,15,0,6,10,17,1,0,1,Clear,0.76
2025-06-10 18:00:00,22.3,23,1,6,10,18,1,0,0,Mostly Clear,0.7
2025-06-10 19:00:00,21.3,23,1,6,10,19,1,0,0,Mostly Clear,0.56
2025-06-10 20:00:00,19.9,1,0,6,10,20,1,0,1,Clear,0.64
2025-06-11 10:00:00,21.2,0,0,6,11,10,2,0,1,Clear,0.53
2025-06-11 11:00:00,23.0,0,0,6,11,11,2,0,1,Clear,0.65
2025-06-11 12:00:00,24.1,0,0,6,11,12,2,0,1,Clear,0.67
2025-06-11 13:00:00,24.7,0,0,6,11,13,2,0,1,Clear,0.74
2025-06-11 14:00:00,25.3,0,0,6,11,14,2,0,1,Clear,0.75
2025-06-11 15:00:00,25.8,0,0,6,11,15,2,0,1,Clear,0.78
2025-06-11 16:00:00,26.1,0,0,6,11,16,2,0,1,Clear,0.74
2025-06-11 17:00:00,26.2,0,0,6,11,17,2,0,1,Clear,0.78
2025-06-11 18:00:00,25.9,0,0,6,11,18,2,0,1,Clear,0.78
2025-06-11 19:00:00,25.2,58,2,6,11,19,2,0,0,Partly Cloudy,0.57
2025-06-11 20:00:00,23.7,86,3,6,11,20,2,0,0,Overcast,0.43
2025-06-12 10:00:00,23.6,100,3,6,12,10,3,0,0,Overcast,0.37
2025-06-12 11:00:00,25.1,100,3,6,12,11,3,0,0,Overcast,0.42
2025-06-12 12:00:00,26.6,100,3,6,12,12,3,0,0,Overcast,0.42
2025-06-12 13:00:00,27.8,96,3,6,12,13,3,0,0,Overcast,0.45
2025-06-12 14:00:00,28.6,80,3,6,12,14,3,0,0,Overcast,0.47
2025-06-12 15:00:00,29.1,68,2,6,12,15,3,0,0,Partly Cloudy,0.67
2025-06-12 16:00:00,29.4,69,2,6,12,16,3,0,0,Partly Cloudy,0.63
2025-06-12 17:00:00,29.4,58,2,6,12,17,3,0,0,Partly Cloudy,0.63
2025-06-12 18:00:00,28.6,95,3,6,12,18,3,0,0,Overcast,0.48
2025-06-12 19:00:00,28.1,74,2,6,12,19,3,0,0,Partly Cloudy,0.61
2025-06-12 20:00:00,26.2,89,3,6,12,20,3,0,0,Overcast,0.42
2025-06-13 10:00:00,21.9,100,3,6,13,10,4,0,0,Overcast,0.34
2025-06-13 11:00:00,24.3,100,3,6,13,11,4,0,0,Overcast,0.4
2025-06-13 12:00:00,25.0,100,3,6,13,12,4,0,0,Overcast,0.41
2025-06-13 13:00:00,25.4,100,3,6,13,13,4,0,0,Overcast,0.43
2025-06-13 14:00:00,26.5,100,3,6,13,14,4,0,0,Overcast,0.45
2025-06-13 15:00:00,26.9,100,3,6,13,15,4,0,0,Overcast,0.46
2025-06-13 16:00:00,27.5,100,3,6,13,16,4,0,0,Overcast,0.46
2025-06-13 17:00:00,27.6,100,3,6,13,17,4,0,0,Overcast,0.45
2025-06-13 18:00:00,25.5,100,3,6,13,18,4,0,0,Overcast,0.49
2025-06-13 19:00:00,23.8,100,3,6,13,19,4,0,0,Overcast,0.43
2025-06-13 20:00:00,22.3,100,51,6,13,20,4,0,0,Drizzle,0.26
2025-06-14 10:00:00,20.9,100,61,6,14,10,5,1,0,Rain,0.13
2025-06-14 11:00:00,21.3,100,53,6,14,11,5,1,0,Drizzle,0.25
2025-06-14 12:00:00,21.6,100,53,6,14,12,5,1,0,Drizzle,0.27
2025-06-14 13:00:00,23.9,100,51,6,14,13,5,1,0,Drizzle,0.34
2025-06-14 14:00:00,24.7,100,3,6,14,14,5,1,0,Overcast,0.5
2025-06-14 15:00:00,24.9,100,51,6,14,15,5,1,0,Drizzle,0.33
2025-06-14 16:00:00,25.9,100,51,6,14,16,5,1,0,Drizzle,0.31
2025-06-14 17:00:00,23.6,100,61,6,14,17,5,1,0,Rain,0.22
2025-06-14 18:00:00,22.7,100,61,6,14,18,5,1,0,Rain,0.18
2025-06-14 19:00:00,22.5,100,3,6,14,19,5,1,0,Overcast,0.51
2025-06-14 20:00:00,22.2,100,3,6,14,20,5,1,0,Overcast,0.49
2025-06-15 10:00:00,22.0,100,51,6,15,10,6,1,0,Drizzle,0.28
2025-06-15 11:00:00,21.9,100,51,6,15,11,6,1,0,Drizzle,0.27
2025-06-15 12:00:00,23.5,100,51,6,15,12,6,1,0,Drizzle,0.29
2025-06-15 13:00:00,22.0,89,63,6,15,13,6,1,0,Rain,0.19
2025-06-15 14:00:00,23.7,76,51,6,15,14,6,1,0,Drizzle,0.31
2025-06-15 15:00:00,24.9,71,51,6,15,15,6,1,0,Drizzle,0.34
2025-06-15 16:00:00,26.2,89,51,6,15,16,6,1,0,Drizzle,0.31
2025-06-15 17:00:00,23.4,100,65,6,15,17,6,1,0,Rain,0.2
2025-06-15 18:00:00,23.2,98,51,6,15,18,6,1,0,Drizzle,0.35
2025-06-15 19:00:00,22.8,93,3,6,15,19,6,1,0,Overcast,0.48
2025-06-15 20:00:00,21.7,96,53,6,15,20,6,1,0,Drizzle,0.3
2025-06-16 10:00:00,20.6,100,3,6,16,10,0,0,0,Overcast,0.33
2025-06-16 11:00:00,21.7,100,3,6,16,11,0,0,0,Overcast,0.36
2025-06-16 12:00:00,22.1,100,3,6,16,12,0,0,0,Overcast,0.42
2025-06-16 13:00:00,22.9,100,3,6,16,13,0,0,0,Overcast,0.44
2025-06-16 14:00:00,24.0,100,3,6,16,14,0,0,0,Overcast,0.46
2025-06-16 15:00:00,24.4,94,51,6,16,15,0,0,0,Drizzle,0.3
2025-06-16 16:00:00,25.5,100,51,6,16,16,0,0,0,Drizzle,0.3
2025-06-16 17:00:00,25.1,97,51,6,16,17,0,0,0,Drizzle,0.26
2025-06-16 18:00:00,23.4,99,53,6,16,18,0,0,0,Drizzle,0.29
2025-06-16 19:00:00,22.4,100,51,6,16,19,0,0,0,Drizzle,0.25
2025-06-16 20:00:00,22.2,100,3,6,16,20,0,0,0,Overcast,0.43
2025-06-17 10:00:00,23.1,100,51,6,17,10,1,0,0,Drizzle,0.23
2025-06-17 11:00:00,24.1,100,3,6,17,11,1,0,0,Overcast,0.4
2025-06-17 12:00:00,24.6,100,3,6,17,12,1,0,0,Overcast,0.41
2025-06-17 13:00:00,24.5,100,61,6,17,13,1,0,0,Rain,0.14
2025-06-17 14:00:00,23.4,98,53,6,17,14,1,0,0,Drizzle,0.26
2025-06-17 15:00:00,25.7,100,51,6,17,15,1,0,0,Drizzle,0.27
2025-06-17 16:00:00,23.1,100,65,6,17,16,1,0,0,Rain,0.19
2025-06-17 17:00:00,23.6,100,61,6,17,17,1,0,0,Rain,0.16
2025-06-17 18:00:00,22.2,7,55,6,17,18,1,0,0,Drizzle,0.28
2025-06-17 19:00:00,22.9,100,51,6,17,19,1,0,0,Drizzle,0.26
2025-06-17 20:00:00,22.4,100,51,6,17,20,1,0,0,Drizzle,0.25
2025-06-18 10:00:00,22.9,100,51,6,18,10,2,0,0,Drizzle,0.21
2025-06-18 11:00:00,24.1,100,51,6,18,11,2,0,0,Drizzle,0.25
2025-06-18 12:00:00,25.5,94,51,6,18,12,2,0,0,Drizzle,0.26
2025-06-18 13:00:00,23.6,84,55,6,18,13,2,0,0,Drizzle,0.25
2025-06-18 14:00:00,25.6,38,1,6,18,14,2,0,0,Mostly Clear,0.65
2025-06-18 15:00:00,27.3,100,51,6,18,15,2,0,0,Drizzle,0.27
2025-06-18 16:00:00,22.8,26,55,6,18,16,2,0,0,Drizzle,0.26
2025-06-18 17:00:00,25.5,6,0,6,18,17,2,0,1,Clear,0.78
2025-06-18 18:00:00,26.0,69,2,6,18,18,2,0,0,Partly Cloudy,0.64
2025-06-18 19:00:00,25.8,10,0,6,18,19,2,0,1,Clear,0.68
2025-06-18 20:00:00,25.1,93,3,6,18,20,2,0,0,Overcast,0.41
2025-06-19 10:00:00,22.4,28,51,6,19,10,3,0,0,Drizzle,0.25
2025-06-19 11:00:00,23.8,27,1,6,19,11,3,0,0,Mostly Clear,0.6
2025-06-19 12:00:00,24.8,64,2,6,19,12,3,0,0,Partly Cloudy,0.53
2025-06-19 13:00:00,25.3,43,1,6,19,13,3,0,0,Mostly Clear,0.67
2025-06-19 14:00:00,24.2,100,61,6,19,14,3,0,0,Rain,0.16
2025-06-19 15:00:00,21.2,100,53,6,19,15,3,0,0,Drizzle,0.24
2025-06-19 16:00:00,23.5,98,3,6,19,16,3,0,0,Overcast,0.46
2025-06-19 17:00:00,20.6,78,63,6,19,17,3,0,0,Rain,0.16
2025-06-19 18:00:00,20.8,58,53,6,19,18,3,0,0,Drizzle,0.25
2025-06-19 19:00:00,19.3,100,51,6,19,19,3,0,0,Drizzle,0.21
2025-06-19 20:00:00,18.2,20,1,6,19,20,3,0,0,Mostly Clear,0.58
2025-06-20 10:00:00,21.3,8,0,6,20,10,4,0,1,Clear,0.52
2025-06-20 11:00:00,22.9,28,1,6,20,11,4,0,0,Mostly Clear,0.56
2025-06-20 12:00:00,24.5,53,2,6,20,12,4,0,0,Partly Cloudy,0.52
2025-06-20 13:00:00,25.2,100,51,6,20,13,4,0,0,Drizzle,0.28
2025-06-20 14:00:00,25.7,99,3,6,20,14,4,0,0,Overcast,0.44
2025-06-20 15:00:00,25.9,100,3,6,20,15,4,0,0,Overcast,0.48
2025-06-20 16:00:00,26.1,100,3,6,20,16,4,0,0,Overcast,0.47
2025-06-20 17:00:00,25.7,100,3,6,20,17,4,0,0,Overcast,0.49
2025-06-20 18:00:00,22.2,100,53,6,20,18,4,0,0,Drizzle,0.26
2025-06-20 19:00:00,21.3,100,51,6,20,19,4,0,0,Drizzle,0.25
2025-06-20 20:00:00,21.3,95,3,6,20,20,4,0,0,Overcast,0.37
2025-06-21 10:00:00,24.8,100,3,6,21,10,5,1,0,Overcast,0.46
2025-06-21 11:00:00,26.6,100,3,6,21,11,5,1,0,Overcast,0.47
2025-06-21 12:00:00,27.2,99,3,6,21,12,5,1,0,Overcast,0.5
2025-06-21 13:00:00,28.2,100,3,6,21,13,5,1,0,Overcast,0.56
2025-06-21 14:00:00,28.8,10,0,6,21,14,5,1,1,Clear,0.93
2025-06-21 15:00:00,29.4,85,3,6,21,15,5,1,0,Overcast,0.56
2025-06-21 16:00:00,29.6,28,1,6,21,16,5,1,0,Mostly Clear,0.85
2025-06-21 17:00:00,29.5,0,0,6,21,17,5,1,1,Clear,0.95
2025-06-21 18:00:00,29.2,11,0,6,21,18,5,1,1,Clear,0.96
2025-06-21 19:00:00,28.4,57,2,6,21,19,5,1,0,Partly Cloudy,0.71
2025-06-21 20:00:00,26.8,24,1,6,21,20,5,1,0,Mostly Clear,0.74
2025-06-22 10:00:00,26.9,98,3,6,22,10,6,1,0,Overcast,0.46
2025-06-22 11:00:00,28.4,47,1,6,22,11,6,1,0,Mostly Clear,0.75
2025-06-22 12:00:00,30.0,0,0,6,22,12,6,1,1,Clear,0.86
2025-06-22 13:00:00,31.1,28,1,6,22,13,6,1,0,Mostly Clear,0.81
2025-06-22 14:00:00,31.9,24,1,6,22,14,6,1,0,Mostly Clear,0.82
2025-06-22 15:00:00,32.5,19,0,6,22,15,6,1,1,Clear,0.94
2025-06-22 16:00:00,32.8,5,0,6,22,16,6,1,1,Clear,0.94
2025-06-22 17:00:00,32.6,7,0,6,22,17,6,1,1,Clear,0.97
2025-06-22 18:00:00,32.3,6,0,6,22,18,6,1,1,Clear,0.92
2025-06-22 19:00:00,31.6,0,0,6,22,19,6,1,1,Clear,0.85
2025-06-22 20:00:00,30.1,0,0,6,22,20,6,1,1,Clear,0.87
2025-06-23 10:00:00,29.2,0,0,6,23,10,0,0,1,Clear,0.63
2025-06-23 11:00:00,30.6,24,1,6,23,11,0,0,0,Mostly Clear,0.61
2025-06-23 12:00:00,31.5,24,1,6,23,12,0,0,0,Mostly Clear,0.64
2025-06-23 13:00:00,32.1,18,0,6,23,13,0,0,1,Clear,0.77
2025-06-23 14:00:00,32.6,19,0,6,23,14,0,0,1,Clear,0.75
2025-06-23 15:00:00,33.1,10,0,6,23,15,0,0,1,Clear,0.82
2025-06-23 16:00:00,33.4,5,0,6,23,16,0,0,1,Clear,0.8
2025-06-23 17:00:00,33.4,2,0,6,23,17,0,0,1,Clear,0.79
2025-06-23 18:00:00,33.1,2,0,6,23,18,0,0,1,Clear,0.79
2025-06-23 19:00:00,32.3,2,0,6,23,19,0,0,1,Clear,0.74
2025-06-23 20:00:00,30.3,3,0,6,23,20,0,0,1,Clear,0.75
2025-06-24 10:00:00,29.4,0,0,6,24,10,1,0,1,Clear,0.67
2025-06-24 11:00:00,31.3,18,0,6,24,11,1,0,1,Clear,0.68
2025-06-24 12:00:00,32.7,3,0,6,24,12,1,0,1,Clear,0.71
2025-06-24 13:00:00,33.5,12,0,6,24,13,1,0,1,Clear,0.76
2025-06-24 14:00:00,34.1,18,0,6,24,14,1,0,1,Clear,0.79
2025-06-24 15:00:00,34.3,7,0,6,24,15,1,0,1,Clear,0.81
2025-06-24 16:00:00,34.4,33,1,6,24,16,1,0,0,Mostly Clear,0.71
2025-06-24 17:00:00,34.3,51,2,6,24,17,1,0,0,Partly Cloudy,0.68
2025-06-24 18:00:00,34.0,10,0,6,24,18,1,0,1,Clear,0.82
2025-06-24 19:00:00,33.4,8,0,6,24,19,1,0,1,Clear,0.75
2025-06-24 20:00:00,31.6,27,1,6,24,20,1,0,0,Mostly Clear,0.67
2025-06-25 10:00:00,28.2,29,1,6,25,10,2,0,0,Mostly Clear,0.58
2025-06-25 11:00:00,30.0,53,2,6,25,11,2,0,0,Partly Cloudy,0.57
2025-06-25 12:00:00,31.5,96,3,6,25,12,2,0,0,Overcast,0.44
2025-06-25 13:00:00,32.8,92,3,6,25,13,2,0,0,Overcast,0.47
2025-06-25 14:00:00,26.3,92,63,6,25,14,2,0,0,Rain,0.17
2025-06-25 15:00:00,28.9,65,51,6,25,15,2,0,0,Drizzle,0.28
2025-06-25 16:00:00,30.5,38,1,6,25,16,2,0,0,Mostly Clear,0.71
2025-06-25 17:00:00,31.1,46,1,6,25,17,2,0,0,Mostly Clear,0.72
2025-06-25 18:00:00,30.7,49,1,6,25,18,2,0,0,Mostly Clear,0.74
2025-06-25 19:00:00,30.0,39,1,6,25,19,2,0,0,Mostly Clear,0.68
2025-06-25 20:00:00,28.4,85,51,6,25,20,2,0,0,Drizzle,0.26
2025-06-26 10:00:00,27.0,99,3,6,26,10,3,0,0,Overcast,0.37
2025-06-26 11:00:00,29.0,100,3,6,26,11,3,0,0,Overcast,0.45
2025-06-26 12:00:00,30.7,100,51,6,26,12,3,0,0,Drizzle,0.26
2025-06-26 13:00:00,31.9,99,51,6,26,13,3,0,0,Drizzle,0.31
2025-06-26 14:00:00,30.8,100,51,6,26,14,3,0,0,Drizzle,0.29
2025-06-26 15:00:00,30.7,42,51,6,26,15,3,0,0,Drizzle,0.29
2025-06-26 16:00:00,32.0,49,1,6,26,16,3,0,0,Mostly Clear,0.76
2025-06-26 17:00:00,32.1,42,1,6,26,17,3,0,0,Mostly Clear,0.72
2025-06-26 18:00:00,31.3,68,2,6,26,18,3,0,0,Partly Cloudy,0.66
2025-06-26 19:00:00,30.7,74,2,6,26,19,3,0,0,Partly Cloudy,0.61
2025-06-26 20:00:00,29.5,100,3,6,26,20,3,0,0,Overcast,0.44
2025-06-27 10:00:00,21.8,99,61,6,27,10,4,0,0,Rain,0.14
2025-06-27 11:00:00,25.5,94,51,6,27,11,4,0,0,Drizzle,0.24
2025-06-27 12:00:00,27.9,100,3,6,27,12,4,0,0,Overcast,0.42
2025-06-27 13:00:00,28.7,100,51,6,27,13,4,0,0,Drizzle,0.29
2025-06-27 14:00:00,25.4,92,65,6,27,14,4,0,0,Rain,0.19
2025-06-27 15:00:00,25.4,56,61,6,27,15,4,0,0,Rain,0.19
2025-06-27 16:00:00,26.7,66,51,6,27,16,4,0,0,Drizzle,0.29
2025-06-27 17:00:00,26.1,92,51,6,27,17,4,0,0,Drizzle,0.3
2025-06-27 18:00:00,24.8,100,63,6,27,18,4,0,0,Rain,0.15
2025-06-27 19:00:00,24.5,100,51,6,27,19,4,0,0,Drizzle,0.26
2025-06-27 20:00:00,24.1,100,3,6,27,20,4,0,0,Overcast,0.41
2025-06-28 10:00:00,24.4,90,51,6,28,10,5,1,0,Drizzle,0.26
2025-06-28 11:00:00,25.8,62,51,6,28,11,5,1,0,Drizzle,0.27
2025-06-28 12:00:00,27.1,78,51,6,28,12,5,1,0,Drizzle,0.29
2025-06-28 13:00:00,28.1,58,51,6,28,13,5,1,0,Drizzle,0.32
2025-06-28 14:00:00,28.8,27,51,6,28,14,5,1,0,Drizzle,0.34
2025-06-28 15:00:00,29.8,14,51,6,28,15,5,1,0,Drizzle,0.35
2025-06-28 16:00:00,30.0,38,51,6,28,16,5,1,0,Drizzle,0.35
2025-06-28 17:00:00,27.1,89,53,6,28,17,5,1,0,Drizzle,0.32
2025-06-28 18:00:00,26.2,43,51,6,28,18,5,1,0,Drizzle,0.34
2025-06-28 19:00:00,25.1,45,51,6,28,19,5,1,0,Drizzle,0.29
2025-06-28 20:00:00,24.4,33,1,6,28,20,5,1,0,Mostly Clear,0.75
2025-06-29 10:00:00,24.9,100,3,6,29,10,6,1,0,Overcast,0.46
2025-06-29 11:00:00,26.0,99,51,6,29,11,6,1,0,Drizzle,0.3
2025-06-29 12:00:00,27.6,49,51,6,29,12,6,1,0,Drizzle,0.3
2025-06-29 13:00:00,28.8,34,1,6,29,13,6,1,0,Mostly Clear,0.8
2025-06-29 14:00:00,29.5,22,51,6,29,14,6,1,0,Drizzle,0.32
2025-06-29 15:00:00,30.0,24,1,6,29,15,6,1,0,Mostly Clear,0.88
2025-06-29 16:00:00,30.1,21,1,6,29,16,6,1,0,Mostly Clear,0.83
2025-06-29 17:00:00,30.2,98,3,6,29,17,6,1,0,Overcast,0.58
2025-06-29 18:00:00,30.0,98,3,6,29,18,6,1,0,Overcast,0.56
2025-06-29 19:00:00,29.4,81,3,6,29,19,6,1,0,Overcast,0.53
2025-06-29 20:00:00,28.5,94,3,6,29,20,6,1,0,Overcast,0.53
2025-06-30 10:00:00,24.5,99,51,6,30,10,0,0,0,Drizzle,0.2
2025-06-30 11:00:00,26.6,100,3,6,30,11,0,0,0,Overcast,0.4
2025-06-30 12:00:00,28.4,100,51,6,30,12,0,0,0,Drizzle,0.27
2025-06-30 13:00:00,27.8,100,63,6,30,13,0,0,0,Rain,0.19
2025-06-30 14:00:00,29.5,100,51,6,30,14,0,0,0,Drizzle,0.3
2025-06-30 15:00:00,29.9,100,51,6,30,15,0,0,0,Drizzle,0.28
2025-06-30 16:00:00,26.3,100,63,6,30,16,0,0,0,Rain,0.17
2025-06-30 17:00:00,26.6,100,3,6,30,17,0,0,0,Overcast,0.45
2025-06-30 18:00:00,26.8,99,53,6,30,18,0,0,0,Drizzle,0.28
2025-06-30 19:00:00,26.2,97,51,6,30,19,0,0,0,Drizzle,0.28
2025-06-30 20:00:00,23.4,100,63,6,30,20,0,0,0,Rain,0.14
2025-07-01 10:00:00,24.1,100,51,7,1,10,1,0,0,Drizzle,0.25
2025-07-01 11:00:00,24.7,100,51,7,1,11,1,0,0,Drizzle,0.3
2025-07-01 12:00:00,24.7,100,53,7,1,12,1,0,0,Drizzle,0.31
2025-07-01 13:00:00,25.2,100,53,7,1,13,1,0,0,Drizzle,0.31
2025-07-01 14:00:00,25.4,100,51,7,1,14,1,0,0,Drizzle,0.31
2025-07-01 15:00:00,24.7,100,51,7,1,15,1,0,0,Drizzle,0.34
2025-07-01 16:00:00,25.2,100,3,7,1,16,1,0,0,Overcast,0.55
2025-07-01 17:00:00,25.1,100,3,7,1,17,1,0,0,Overcast,0.51
2025-07-01 18:00:00,24.5,100,3,7,1,18,1,0,0,Overcast,0.53
2025-07-01 19:00:00,23.9,100,3,7,1,19,1,0,0,Overcast,0.49
2025-07-01 20:00:00,23.6,100,3,7,1,20,1,0,0,Overcast,0.5
2025-07-02 10:00:00,23.8,27,1,7,2,10,2,0,0,Mostly Clear,0.61
2025-07-02 11:00:00,25.2,26,51,7,2,11,2,0,0,Drizzle,0.26
2025-07-02 12:00:00,26.0,24,1,7,2,12,2,0,0,Mostly Clear,0.71
2025-07-02 13:00:00,26.7,25,1,7,2,13,2,0,0,Mostly Clear,0.77
2025-07-02 14:00:00,27.4,18,0,7,2,14,2,0,1,Clear,0.85
2025-07-02 15:00:00,27.8,7,0,7,2,15,2,0,1,Clear,0.87
2025-07-02 16:00:00,28.1,8,0,7,2,16,2,0,1,Clear,0.91
2025-07-02 17:00:00,28.0,6,0,7,2,17,2,0,1,Clear,0.91
2025-07-02 18:00:00,27.9,13,0,7,2,18,2,0,1,Clear,0.87
2025-07-02 19:00:00,27.5,35,1,7,2,19,2,0,0,Mostly Clear,0.73
2025-07-02 20:00:00,25.8,100,3,7,2,20,2,0,0,Overcast,0.51
2025-07-03 10:00:00,24.7,3,0,7,3,10,3,0,1,Clear,0.71
2025-07-03 11:00:00,26.3,5,0,7,3,11,3,0,1,Clear,0.76
2025-07-03 12:00:00,27.2,37,1,7,3,12,3,0,0,Mostly Clear,0.68
2025-07-03 13:00:00,27.3,14,0,7,3,13,3,0,1,Clear,0.85
2025-07-03 14:00:00,27.9,30,1,7,3,14,3,0,0,Mostly Clear,0.73
2025-07-03 15:00:00,27.6,43,1,7,3,15,3,0,0,Mostly Clear,0.79
2025-07-03 16:00:00,27.3,17,51,7,3,16,3,0,0,Drizzle,0.34
2025-07-03 17:00:00,27.3,7,0,7,3,17,3,0,1,Clear,0.86
2025-07-03 18:00:00,27.2,4,0,7,3,18,3,0,1,Clear,0.84
2025-07-03 19:00:00,26.0,5,0,7,3,19,3,0,1,Clear,0.8
2025-07-03 20:00:00,24.5,2,0,7,3,20,3,0,1,Clear,0.82
2025-07-04 10:00:00,23.3,0,0,7,4,10,4,0,1,Clear,0.7
2025-07-04 11:00:00,24.7,0,0,7,4,11,4,0,1,Clear,0.73
2025-07-04 12:00:00,25.9,1,0,7,4,12,4,0,1,Clear,0.77
2025-07-04 13:00:00,27.0,0,0,7,4,13,4,0,1,Clear,0.85
2025-07-04 14:00:00,28.0,59,2,7,4,14,4,0,0,Partly Cloudy,0.72
2025-07-04 15:00:00,28.0,12,0,7,4,15,4,0,1,Clear,0.94
2025-07-04 16:00:00,28.4,7,0,7,4,16,4,0,1,Clear,0.92
2025-07-04 17:00:00,28.6,4,0,7,4,17,4,0,1,Clear,0.89
2025-07-04 18:00:00,28.6,4,0,7,4,18,4,0,1,Clear,0.9
2025-07-04 19:00:00,28.0,15,0,7,4,19,4,0,1,Clear,0.84
2025-07-04 20:00:00,26.5,2,0,7,4,20,4,0,1,Clear,0.82
2025-07-05 10:00:00,25.9,14,0,7,5,10,5,1,1,Clear,0.83
2025-07-05 11:00:00,28.1,17,0,7,5,11,5,1,1,Clear,0.94
2025-07-05 12:00:00,29.4,39,1,7,5,12,5,1,0,Mostly Clear,0.84
2025-07-05 13:00:00,30.0,94,3,7,5,13,5,1,0,Overcast,0.62
2025-07-05 14:00:00,30.6,90,51,7,5,14,5,1,0,Drizzle,0.39
2025-07-05 15:00:00,31.3,98,51,7,5,15,5,1,0,Drizzle,0.39
2025-07-05 16:00:00,31.4,89,51,7,5,16,5,1,0,Drizzle,0.38
2025-07-05 17:00:00,31.3,79,2,7,5,17,5,1,0,Partly Cloudy,0.81
2025-07-05 18:00:00,31.1,97,3,7,5,18,5,1,0,Overcast,0.62
2025-07-05 19:00:00,30.2,100,3,7,5,19,5,1,0,Overcast,0.61
2025-07-05 20:00:00,28.4,100,3,7,5,20,5,1,0,Overcast,0.58
2025-07-06 10:00:00,26.5,0,0,7,6,10,6,1,1,Clear,0.81
2025-07-06 11:00:00,28.3,2,0,7,6,11,6,1,1,Clear,0.92
2025-07-06 12:00:00,30.0,16,0,7,6,12,6,1,1,Clear,0.93
2025-07-06 13:00:00,31.1,8,0,7,6,13,6,1,1,Clear,0.99
2025-07-06 14:00:00,32.2,19,0,7,6,14,6,1,1,Clear,1.0
2025-07-06 15:00:00,32.7,23,1,7,6,15,6,1,0,Mostly Clear,0.91
2025-07-06 16:00:00,33.0,47,1,7,6,16,6,1,0,Mostly Clear,0.93
2025-07-06 17:00:00,32.8,64,2,7,6,17,6,1,0,Partly Cloudy,0.8
2025-07-06 18:00:00,32.2,96,3,7,6,18,6,1,0,Overcast,0.64
2025-07-06 19:00:00,30.8,90,3,7,6,19,6,1,0,Overcast,0.59
2025-07-06 20:00:00,29.6,40,1,7,6,20,6,1,0,Mostly Clear,0.9
2025-07-07 10:00:00,29.1,1,0,7,7,10,0,0,1,Clear,0.76
2025-07-07 11:00:00,28.5,82,53,7,7,11,0,0,0,Drizzle,0.29
2025-07-07 12:00:00,27.8,29,51,7,7,12,0,0,0,Drizzle,0.27
2025-07-07 13:00:00,31.0,8,0,7,7,13,0,0,1,Clear,0.9
2025-07-07 14:00:00,32.5,32,1,7,7,14,0,0,0,Mostly Clear,0.8
2025-07-07 15:00:00,32.7,90,3,7,7,15,0,0,0,Overcast,0.57
2025-07-07 16:00:00,24.3,66,63,7,7,16,0,0,0,Rain,0.21
2025-07-07 17:00:00,25.5,82,53,7,7,17,0,0,0,Drizzle,0.31
2025-07-07 18:00:00,26.2,48,1,7,7,18,0,0,0,Mostly Clear,0.8
2025-07-07 19:00:00,25.8,9,0,7,7,19,0,0,1,Clear,0.78
2025-07-07 20:00:00,25.5,45,1,7,7,20,0,0,0,Mostly Clear,0.73
2025-07-08 10:00:00,22.6,89,61,7,8,10,1,0,0,Rain,0.14
2025-07-08 11:00:00,23.6,68,51,7,8,11,1,0,0,Drizzle,0.26
2025-07-08 12:00:00,24.9,100,51,7,8,12,1,0,0,Drizzle,0.27
2025-07-08 13:00:00,25.9,100,51,7,8,13,1,0,0,Drizzle,0.29
2025-07-08 14:00:00,25.9,34,51,7,8,14,1,0,0,Drizzle,0.31
2025-07-08 15:00:00,26.7,15,51,7,8,15,1,0,0,Drizzle,0.3
2025-07-08 16:00:00,27.6,13,0,7,8,16,1,0,1,Clear,0.86
2025-07-08 17:00:00,27.9,22,1,7,8,17,1,0,0,Mostly Clear,0.8
2025-07-08 18:00:00,27.8,21,1,7,8,18,1,0,0,Mostly Clear,0.76
2025-07-08 19:00:00,27.3,17,0,7,8,19,1,0,1,Clear,0.82
2025-07-08 20:00:00,26.3,14,0,7,8,20,1,0,1,Clear,0.82
2025-07-09 10:00:00,23.3,100,3,7,9,10,2,0,0,Overcast,0.42
2025-07-09 11:00:00,24.5,100,3,7,9,11,2,0,0,Overcast,0.43
2025-07-09 12:00:00,25.5,100,3,7,9,12,2,0,0,Overcast,0.48
2025-07-09 13:00:00,26.2,100,3,7,9,13,2,0,0,Overcast,0.49
2025-07-09 14:00:00,26.3,100,3,7,9,14,2,0,0,Overcast,0.49
2025-07-09 15:00:00,25.6,100,53,7,9,15,2,0,0,Drizzle,0.34
2025-07-09 16:00:00,24.4,100,55,7,9,16,2,0,0,Drizzle,0.33
2025-07-09 17:00:00,24.7,100,51,7,9,17,2,0,0,Drizzle,0.3
2025-07-09 18:00:00,24.8,100,3,7,9,18,2,0,0,Overcast,0.52
2025-07-09 19:00:00,24.5,100,3,7,9,19,2,0,0,Overcast,0.48
2025-07-09 20:00:00,23.8,100,3,7,9,20,2,0,0,Overcast,0.5
2025-07-10 10:00:00,22.5,100,3,7,10,10,3,0,0,Overcast,0.45
2025-07-10 11:00:00,24.2,62,2,7,10,11,3,0,0,Partly Cloudy,0.61
2025-07-10 12:00:00,25.9,43,1,7,10,12,3,0,0,Mostly Clear,0.7
2025-07-10 13:00:00,27.0,27,1,7,10,13,3,0,0,Mostly Clear,0.76
2025-07-10 14:00:00,27.5,29,1,7,10,14,3,0,0,Mostly Clear,0.76
2025-07-10 15:00:00,28.0,58,51,7,10,15,3,0,0,Drizzle,0.31
2025-07-10 16:00:00,28.4,33,51,7,10,16,3,0,0,Drizzle,0.35
2025-07-10 17:00:00,26.9,80,53,7,10,17,3,0,0,Drizzle,0.33
2025-07-10 18:00:00,26.6,78,51,7,10,18,3,0,0,Drizzle,0.32
2025-07-10 19:00:00,26.6,26,1,7,10,19,3,0,0,Mostly Clear,0.72
2025-07-10 20:00:00,25.1,59,53,7,10,20,3,0,0,Drizzle,0.31
2025-07-11 10:00:00,24.7,46,1,7,11,10,4,0,0,Mostly Clear,0.63
2025-07-11 11:00:00,26.4,48,1,7,11,11,4,0,0,Mostly Clear,0.67
2025-07-11 12:00:00,27.7,18,51,7,11,12,4,0,0,Drizzle,0.29
2025-07-11 13:00:00,28.6,12,51,7,11,13,4,0,0,Drizzle,0.31
2025-07-11 14:00:00,29.3,16,51,7,11,14,4,0,0,Drizzle,0.3
2025-07-11 15:00:00,30.0,15,0,7,11,15,4,0,1,Clear,0.92
2025-07-11 16:00:00,30.4,45,1,7,11,16,4,0,0,Mostly Clear,0.85
2025-07-11 17:00:00,29.5,27,1,7,11,17,4,0,0,Mostly Clear,0.83
2025-07-11 18:00:00,28.2,48,51,7,11,18,4,0,0,Drizzle,0.34
2025-07-11 19:00:00,27.2,9,0,7,11,19,4,0,1,Clear,0.78
2025-07-11 20:00:00,26.3,8,0,7,11,20,4,0,1,Clear,0.77
2025-07-12 10:00:00,27.3,2,0,7,12,10,5,1,1,Clear,0.81
2025-07-12 11:00:00,29.0,15,51,7,12,11,5,1,0,Drizzle,0.33
2025-07-12 12:00:00,29.9,17,0,7,12,12,5,1,1,Clear,0.92
2025-07-12 13:00:00,30.7,10,0,7,12,13,5,1,1,Clear,1.0
2025-07-12 14:00:00,31.6,3,0,7,12,14,5,1,1,Clear,1.0
2025-07-12 15:00:00,32.3,20,1,7,12,15,5,1,0,Mostly Clear,0.95
2025-07-12 16:00:00,32.2,24,1,7,12,16,5,1,0,Mostly Clear,0.93
2025-07-12 17:00:00,31.9,23,1,7,12,17,5,1,0,Mostly Clear,0.93
2025-07-12 18:00:00,27.7,99,55,7,12,18,5,1,0,Drizzle,0.38
2025-07-12 19:00:00,28.0,95,3,7,12,19,5,1,0,Overcast,0.59
2025-07-12 20:00:00,27.5,59,2,7,12,20,5,1,0,Partly Cloudy,0.74
2025-07-13 10:00:00,26.1,70,2,7,13,10,6,1,0,Partly Cloudy,0.65
2025-07-13 11:00:00,27.5,55,2,7,13,11,6,1,0,Partly Cloudy,0.71
2025-07-13 12:00:00,29.0,7,0,7,13,12,6,1,1,Clear,0.92
2025-07-13 13:00:00,30.4,100,3,7,13,13,6,1,0,Overcast,0.59
2025-07-13 14:00:00,27.1,99,65,7,13,14,6,1,0,Rain,0.19
2025-07-13 15:00:00,25.2,95,63,7,13,15,6,1,0,Rain,0.2
2025-07-13 16:00:00,27.9,39,51,7,13,16,6,1,0,Drizzle,0.38
2025-07-13 17:00:00,26.3,85,61,7,13,17,6,1,0,Rain,0.2
2025-07-13 18:00:00,25.9,6,51,7,13,18,6,1,0,Drizzle,0.34
2025-07-13 19:00:00,26.6,9,0,7,13,19,6,1,1,Clear,0.91
2025-07-13 20:00:00,26.2,15,0,7,13,20,6,1,1,Clear,0.91
2025-07-14 10:00:00,23.0,100,3,7,14,10,0,0,0,Overcast,0.4
2025-07-14 11:00:00,24.4,100,3,7,14,11,0,0,0,Overcast,0.47
2025-07-14 12:00:00,24.7,100,51,7,14,12,0,0,0,Drizzle,0.26
2025-07-14 13:00:00,24.7,100,55,7,14,13,0,0,0,Drizzle,0.3
2025-07-14 14:00:00,24.7,100,61,7,14,14,0,0,0,Rain,0.21
2025-07-14 15:00:00,25.8,100,51,7,14,15,0,0,0,Drizzle,0.33
2025-07-14 16:00:00,26.5,94,51,7,14,16,0,0,0,Drizzle,0.32
2025-07-14 17:00:00,27.4,89,3,7,14,17,0,0,0,Overcast,0.52
2025-07-14 18:00:00,27.6,13,0,7,14,18,0,0,1,Clear,0.85
2025-07-14 19:00:00,26.2,64,53,7,14,19,0,0,0,Drizzle,0.29
2025-07-14 20:00:00,25.2,41,51,7,14,20,0,0,0,Drizzle,0.31
2025-07-15 10:00:00,25.1,97,3,7,15,10,1,0,0,Overcast,0.44
2025-07-15 11:00:00,26.4,29,1,7,15,11,1,0,0,Mostly Clear,0.68
2025-07-15 12:00:00,28.2,36,1,7,15,12,1,0,0,Mostly Clear,0.72
2025-07-15 13:00:00,29.1,96,3,7,15,13,1,0,0,Overcast,0.54
2025-07-15 14:00:00,30.0,97,3,7,15,14,1,0,0,Overcast,0.54
2025-07-15 15:00:00,30.4,100,3,7,15,15,1,0,0,Overcast,0.58
2025-07-15 16:00:00,30.6,100,3,7,15,16,1,0,0,Overcast,0.58
2025-07-15 17:00:00,30.3,100,3,7,15,17,1,0,0,Overcast,0.57
2025-07-15 18:00:00,29.9,100,51,7,15,18,1,0,0,Drizzle,0.35
2025-07-15 19:00:00,29.4,100,3,7,15,19,1,0,0,Overcast,0.5
2025-07-15 20:00:00,27.2,100,3,7,15,20,1,0,0,Overcast,0.47
2025-07-16 10:00:00,26.2,100,3,7,16,10,2,0,0,Overcast,0.41
2025-07-16 11:00:00,27.1,100,51,7,16,11,2,0,0,Drizzle,0.3
2025-07-16 12:00:00,27.9,100,51,7,16,12,2,0,0,Drizzle,0.28
2025-07-16 13:00:00,29.1,100,51,7,16,13,2,0,0,Drizzle,0.34
2025-07-16 14:00:00,28.6,100,51,7,16,14,2,0,0,Drizzle,0.32
2025-07-16 15:00:00,25.3,100,63,7,16,15,2,0,0,Rain,0.18
2025-07-16 16:00:00,24.0,100,63,7,16,16,2,0,0,Rain,0.17
2025-07-16 17:00:00,25.2,100,51,7,16,17,2,0,0,Drizzle,0.33
2025-07-16 18:00:00,26.3,55,2,7,16,18,2,0,0,Partly Cloudy,0.7
2025-07-16 19:00:00,26.7,100,3,7,16,19,2,0,0,Overcast,0.49
2025-07-16 20:00:00,24.1,100,61,7,16,20,2,0,0,Rain,0.17
2025-07-17 10:00:00,26.3,42,1,7,17,10,3,0,0,Mostly Clear,0.65
2025-07-17 11:00:00,27.4,13,51,7,17,11,3,0,0,Drizzle,0.3
2025-07-17 12:00:00,28.4,16,0,7,17,12,3,0,1,Clear,0.81
2025-07-17 13:00:00,28.9,68,2,7,17,13,3,0,0,Partly Cloudy,0.72
2025-07-17 14:00:00,29.5,10,0,7,17,14,3,0,1,Clear,0.88
2025-07-17 15:00:00,30.0,96,3,7,17,15,3,0,0,Overcast,0.58
2025-07-17 16:00:00,29.5,99,3,7,17,16,3,0,0,Overcast,0.58
2025-07-17 17:00:00,28.9,66,2,7,17,17,3,0,0,Partly Cloudy,0.72
2025-07-17 18:00:00,28.4,29,1,7,17,18,3,0,0,Mostly Clear,0.81
2025-07-17 19:00:00,27.5,42,1,7,17,19,3,0,0,Mostly Clear,0.7
2025-07-17 20:00:00,26.2,99,3,7,17,20,3,0,0,Overcast,0.47
2025-07-18 10:00:00,23.1,95,3,7,18,10,4,0,0,Overcast,0.42
2025-07-18 11:00:00,23.9,100,3,7,18,11,4,0,0,Overcast,0.47
2025-07-18 12:00:00,24.0,100,3,7,18,12,4,0,0,Overcast,0.48
2025-07-18 13:00:00,24.1,100,55,7,18,13,4,0,0,Drizzle,0.32
2025-07-18 14:00:00,23.8,100,61,7,18,14,4,0,0,Rain,0.17
2025-07-18 15:00:00,23.5,23,51,7,18,15,4,0,0,Drizzle,0.32
2025-07-18 16:00:00,25.4,21,1,7,18,16,4,0,0,Mostly Clear,0.79
2025-07-18 17:00:00,25.9,60,2,7,18,17,4,0,0,Partly Cloudy,0.68
2025-07-18 18:00:00,26.0,55,2,7,18,18,4,0,0,Partly Cloudy,0.71
2025-07-18 19:00:00,25.8,5,0,7,18,19,4,0,1,Clear,0.8
2025-07-18 20:00:00,25.2,19,0,7,18,20,4,0,1,Clear,0.82
2025-07-19 10:00:00,24.3,67,51,7,19,10,5,1,0,Drizzle,0.28
2025-07-19 11:00:00,25.5,88,51,7,19,11,5,1,0,Drizzle,0.32
2025-07-19 12:00:00,26.7,31,51,7,19,12,5,1,0,Drizzle,0.32
2025-07-19 13:00:00,27.8,87,51,7,19,13,5,1,0,Drizzle,0.37
2025-07-19 14:00:00,28.5,92,51,7,19,14,5,1,0,Drizzle,0.35
2025-07-19 15:00:00,29.1,23,1,7,19,15,5,1,0,Mostly Clear,0.91
2025-07-19 16:00:00,29.5,11,0,7,19,16,5,1,1,Clear,1.0
2025-07-19 17:00:00,29.6,3,0,7,19,17,5,1,1,Clear,1.0
2025-07-19 18:00:00,29.4,68,2,7,19,18,5,1,0,Partly Cloudy,0.82
2025-07-19 19:00:00,29.0,100,3,7,19,19,5,1,0,Overcast,0.61
2025-07-19 20:00:00,27.7,100,3,7,19,20,5,1,0,Overcast,0.57
2025-07-20 10:00:00,24.7,69,51,7,20,10,6,1,0,Drizzle,0.29
2025-07-20 11:00:00,25.8,100,51,7,20,11,6,1,0,Drizzle,0.34
2025-07-20 12:00:00,26.6,100,51,7,20,12,6,1,0,Drizzle,0.31
2025-07-20 13:00:00,26.9,99,51,7,20,13,6,1,0,Drizzle,0.36
2025-07-20 14:00:00,28.2,100,51,7,20,14,6,1,0,Drizzle,0.39
2025-07-20 15:00:00,28.3,100,51,7,20,15,6,1,0,Drizzle,0.38
2025-07-20 16:00:00,28.0,95,51,7,20,16,6,1,0,Drizzle,0.36
2025-07-20 17:00:00,28.1,11,0,7,20,17,6,1,1,Clear,1.0
2025-07-20 18:00:00,27.9,80,3,7,20,18,6,1,0,Overcast,0.6
2025-07-20 19:00:00,26.3,100,51,7,20,19,6,1,0,Drizzle,0.34
2025-07-20 20:00:00,24.8,100,51,7,20,20,6,1,0,Drizzle,0.32
2025-07-21 10:00:00,21.9,98,3,7,21,10,0,0,0,Overcast,0.39
2025-07-21 11:00:00,23.3,95,3,7,21,11,0,0,0,Overcast,0.44
2025-07-21 12:00:00,24.4,100,3,7,21,12,0,0,0,Overcast,0.49
2025-07-21 13:00:00,25.4,100,3,7,21,13,0,0,0,Overcast,0.49
2025-07-21 14:00:00,26.2,94,3,7,21,14,0,0,0,Overcast,0.49
2025-07-21 15:00:00,26.8,0,0,7,21,15,0,0,1,Clear,0.88
2025-07-21 16:00:00,26.9,0,0,7,21,16,0,0,1,Clear,0.86
2025-07-21 17:00:00,26.6,2,0,7,21,17,0,0,1,Clear,0.84
2025-07-21 18:00:00,26.2,2,0,7,21,18,0,0,1,Clear,0.85
2025-07-21 19:00:00,25.6,0,0,7,21,19,0,0,1,Clear,0.81
2025-07-21 20:00:00,23.9,0,0,7,21,20,0,0,1,Clear,0.77
2025-07-22 10:00:00,20.7,0,0,7,22,10,1,0,1,Clear,0.63
2025-07-22 11:00:00,22.8,13,0,7,22,11,1,0,1,Clear,0.75
2025-07-22 12:00:00,24.4,0,0,7,22,12,1,0,1,Clear,0.74
2025-07-22 13:00:00,25.5,85,3,7,22,13,1,0,0,Overcast,0.49
2025-07-22 14:00:00,26.4,86,3,7,22,14,1,0,0,Overcast,0.52
2025-07-22 15:00:00,27.0,0,0,7,22,15,1,0,1,Clear,0.89
2025-07-22 16:00:00,27.3,68,2,7,22,16,1,0,0,Partly Cloudy,0.67
2025-07-22 17:00:00,27.3,100,3,7,22,17,1,0,0,Overcast,0.51
2025-07-22 18:00:00,26.8,95,3,7,22,18,1,0,0,Overcast,0.53
2025-07-22 19:00:00,26.1,86,3,7,22,19,1,0,0,Overcast,0.48
2025-07-22 20:00:00,24.5,0,0,7,22,20,1,0,1,Clear,0.78
2025-07-23 10:00:00,24.2,0,0,7,23,10,2,0,1,Clear,0.7
2025-07-23 11:00:00,26.5,1,0,7,23,11,2,0,1,Clear,0.76
2025-07-23 12:00:00,28.2,0,0,7,23,12,2,0,1,Clear,0.82
2025-07-23 13:00:00,29.7,10,0,7,23,13,2,0,1,Clear,0.86
2025-07-23 14:00:00,31.0,21,1,7,23,14,2,0,0,Mostly Clear,0.8
2025-07-23 15:00:00,32.5,7,0,7,23,15,2,0,1,Clear,0.94
2025-07-23 16:00:00,33.4,56,2,7,23,16,2,0,0,Partly Cloudy,0.74
2025-07-23 17:00:00,32.2,96,3,7,23,17,2,0,0,Overcast,0.54
2025-07-23 18:00:00,31.8,99,3,7,23,18,2,0,0,Overcast,0.56
2025-07-23 19:00:00,31.6,66,2,7,23,19,2,0,0,Partly Cloudy,0.69
2025-07-23 20:00:00,30.1,76,2,7,23,20,2,0,0,Partly Cloudy,0.66
2025-07-24 10:00:00,27.3,6,0,7,24,10,3,0,1,Clear,0.71
2025-07-24 11:00:00,29.1,49,1,7,24,11,3,0,0,Mostly Clear,0.72
2025-07-24 12:00:00,30.9,73,2,7,24,12,3,0,0,Partly Cloudy,0.64
2025-07-24 13:00:00,31.5,71,51,7,24,13,3,0,0,Drizzle,0.32
2025-07-24 14:00:00,32.7,100,3,7,24,14,3,0,0,Overcast,0.53
2025-07-24 15:00:00,33.6,100,3,7,24,15,3,0,0,Overcast,0.58
2025-07-24 16:00:00,33.5,99,3,7,24,16,3,0,0,Overcast,0.54
2025-07-24 17:00:00,33.6,10,0,7,24,17,3,0,1,Clear,0.93
2025-07-24 18:00:00,33.7,4,0,7,24,18,3,0,1,Clear,0.9
2025-07-24 19:00:00,33.0,10,0,7,24,19,3,0,1,Clear,0.84
2025-07-24 20:00:00,31.8,9,0,7,24,20,3,0,1,Clear,0.84
2025-07-25 10:00:00,24.4,90,61,7,25,10,4,0,0,Rain,0.15
2025-07-25 11:00:00,27.8,97,3,7,25,11,4,0,0,Overcast,0.46
2025-07-25 12:00:00,29.8,11,0,7,25,12,4,0,1,Clear,0.81
2025-07-25 13:00:00,31.7,42,1,7,25,13,4,0,0,Mostly Clear,0.78
2025-07-25 14:00:00,33.4,31,1,7,25,14,4,0,0,Mostly Clear,0.8
2025-07-25 15:00:00,34.3,100,3,7,25,15,4,0,0,Overcast,0.56
2025-07-25 16:00:00,32.3,100,3,7,25,16,4,0,0,Overcast,0.58
2025-07-25 17:00:00,30.6,97,51,7,25,17,4,0,0,Drizzle,0.35
2025-07-25 18:00:00,27.1,99,61,7,25,18,4,0,0,Rain,0.2
2025-07-25 19:00:00,27.4,100,3,7,25,19,4,0,0,Overcast,0.51
2025-07-25 20:00:00,27.0,100,3,7,25,20,4,0,0,Overcast,0.49
2025-07-26 10:00:00,25.4,99,3,7,26,10,5,1,0,Overcast,0.49
2025-07-26 11:00:00,27.8,81,3,7,26,11,5,1,0,Overcast,0.56
2025-07-26 12:00:00,30.1,10,0,7,26,12,5,1,1,Clear,0.93
2025-07-26 13:00:00,31.7,21,51,7,26,13,5,1,0,Drizzle,0.35
2025-07-26 14:00:00,32.9,47,1,7,26,14,5,1,0,Mostly Clear,0.91
2025-07-26 15:00:00,33.3,81,3,7,26,15,5,1,0,Overcast,0.63
2025-07-26 16:00:00,33.5,97,3,7,26,16,5,1,0,Overcast,0.62
2025-07-26 17:00:00,32.7,39,51,7,26,17,5,1,0,Drizzle,0.37
2025-07-26 18:00:00,31.9,35,53,7,26,18,5,1,0,Drizzle,0.38
2025-07-26 19:00:00,25.2,100,63,7,26,19,5,1,0,Rain,0.21
2025-07-26 20:00:00,23.9,29,55,7,26,20,5,1,0,Drizzle,0.35
2025-07-27 10:00:00,24.5,100,63,7,27,10,6,1,0,Rain,0.18
2025-07-27 11:00:00,24.8,100,61,7,27,11,6,1,0,Rain,0.18
2025-07-27 12:00:00,26.4,100,51,7,27,12,6,1,0,Drizzle,0.34
2025-07-27 13:00:00,27.5,100,3,7,27,13,6,1,0,Overcast,0.56
2025-07-27 14:00:00,27.8,100,3,7,27,14,6,1,0,Overcast,0.61
2025-07-27 15:00:00,28.5,99,3,7,27,15,6,1,0,Overcast,0.61
2025-07-27 16:00:00,29.1,86,3,7,27,16,6,1,0,Overcast,0.65
2025-07-27 17:00:00,29.4,45,51,7,27,17,6,1,0,Drizzle,0.38
2025-07-27 18:00:00,28.9,25,51,7,27,18,6,1,0,Drizzle,0.38
2025-07-27 19:00:00,28.3,33,51,7,27,19,6,1,0,Drizzle,0.34
2025-07-27 20:00:00,27.0,14,51,7,27,20,6,1,0,Drizzle,0.35
2025-07-28 10:00:00,24.7,96,3,7,28,10,0,0,0,Overcast,0.45
2025-07-28 11:00:00,26.8,52,2,7,28,11,0,0,0,Partly Cloudy,0.62
2025-07-28 12:00:00,28.2,21,1,7,28,12,0,0,0,Mostly Clear,0.72
2025-07-28 13:00:00,29.3,25,1,7,28,13,0,0,0,Mostly Clear,0.8
2025-07-28 14:00:00,30.3,3,0,7,28,14,0,0,1,Clear,0.88
2025-07-28 15:00:00,31.1,1,0,7,28,15,0,0,1,Clear,0.93
2025-07-28 16:00:00,31.5,0,0,7,28,16,0,0,1,Clear,0.93
2025-07-28 17:00:00,31.6,2,0,7,28,17,0,0,1,Clear,0.93
2025-07-28 18:00:00,31.4,6,0,7,28,18,0,0,1,Clear,0.94
2025-07-28 19:00:00,30.9,8,0,7,28,19,0,0,1,Clear,0.84
2025-07-28 20:00:00,29.4,44,1,7,28,20,0,0,0,Mostly Clear,0.77
2025-07-29 10:00:00,26.7,49,1,7,29,10,1,0,0,Mostly Clear,0.63
2025-07-29 11:00:00,27.6,38,51,7,29,11,1,0,0,Drizzle,0.29
2025-07-29 12:00:00,28.7,87,51,7,29,12,1,0,0,Drizzle,0.3
2025-07-29 13:00:00,29.5,46,51,7,29,13,1,0,0,Drizzle,0.3
2025-07-29 14:00:00,30.1,100,3,7,29,14,1,0,0,Overcast,0.55
2025-07-29 15:00:00,30.9,97,3,7,29,15,1,0,0,Overcast,0.58
2025-07-29 16:00:00,31.1,13,0,7,29,16,1,0,1,Clear,0.89
2025-07-29 17:00:00,31.0,12,0,7,29,17,1,0,1,Clear,0.92
2025-07-29 18:00:00,29.5,42,51,7,29,18,1,0,0,Drizzle,0.32
2025-07-29 19:00:00,28.5,21,1,7,29,19,1,0,0,Mostly Clear,0.78
2025-07-29 20:00:00,27.8,77,2,7,29,20,1,0,0,Partly Cloudy,0.66
2025-07-30 10:00:00,27.0,25,1,7,30,10,2,0,0,Mostly Clear,0.62
2025-07-30 11:00:00,28.9,19,0,7,30,11,2,0,1,Clear,0.8
2025-07-30 12:00:00,30.3,19,51,7,30,12,2,0,0,Drizzle,0.31
2025-07-30 13:00:00,31.3,12,0,7,30,13,2,0,1,Clear,0.88
2025-07-30 14:00:00,32.3,19,0,7,30,14,2,0,1,Clear,0.87
2025-07-30 15:00:00,32.8,12,0,7,30,15,2,0,1,Clear,0.92
2025-07-30 16:00:00,33.1,100,3,7,30,16,2,0,0,Overcast,0.57
2025-07-30 17:00:00,33.1,58,2,7,30,17,2,0,0,Partly Cloudy,0.76
2025-07-30 18:00:00,32.5,8,0,7,30,18,2,0,1,Clear,0.89
2025-07-30 19:00:00,31.9,12,0,7,30,19,2,0,1,Clear,0.82
2025-07-30 20:00:00,30.0,16,0,7,30,20,2,0,1,Clear,0.84
2025-07-31 10:00:00,25.5,100,3,7,31,10,3,0,0,Overcast,0.43
2025-07-31 11:00:00,26.2,100,51,7,31,11,3,0,0,Drizzle,0.27
2025-07-31 12:00:00,27.1,72,51,7,31,12,3,0,0,Drizzle,0.3
2025-07-31 13:00:00,28.3,100,3,7,31,13,3,0,0,Overcast,0.55
2025-07-31 14:00:00,26.6,100,51,7,31,14,3,0,0,Drizzle,0.31
2025-07-31 15:00:00,27.8,100,3,7,31,15,3,0,0,Overcast,0.53
2025-07-31 16:00:00,24.6,100,51,7,31,16,3,0,0,Drizzle,0.32
2025-07-31 17:00:00,25.1,100,51,7,31,17,3,0,0,Drizzle,0.3
2025-07-31 18:00:00,23.8,100,55,7,31,18,3,0,0,Drizzle,0.32
2025-07-31 19:00:00,21.9,99,53,7,31,19,3,0,0,Drizzle,0.25
2025-07-31 20:00:00,20.5,100,51,7,31,20,3,0,0,Drizzle,0.25
2025-08-01 10:00:00,20.0,1,0,8,1,10,4,0,1,Clear,0.5
2025-08-01 11:00:00,21.7,1,0,8,1,11,4,0,1,Clear,0.57
2025-08-01 12:00:00,23.2,2,0,8,1,12,4,0,1,Clear,0.69
2025-08-01 13:00:00,24.8,51,2,8,1,13,4,0,0,Partly Cloudy,0.59
2025-08-01 14:00:00,25.7,94,3,8,1,14,4,0,0,Overcast,0.45
2025-08-01 15:00:00,26.2,53,2,8,1,15,4,0,0,Partly Cloudy,0.6
2025-08-01 16:00:00,26.2,58,2,8,1,16,4,0,0,Partly Cloudy,0.63
2025-08-01 17:00:00,25.9,2,0,8,1,17,4,0,1,Clear,0.78
2025-08-01 18:00:00,25.4,5,0,8,1,18,4,0,1,Clear,0.78
2025-08-01 19:00:00,24.5,8,0,8,1,19,4,0,1,Clear,0.72
2025-08-01 20:00:00,22.7,1,0,8,1,20,4,0,1,Clear,0.7
2025-08-02 10:00:00,20.3,100,3,8,2,10,5,1,0,Overcast,0.38
2025-08-02 11:00:00,22.0,100,3,8,2,11,5,1,0,Overcast,0.49
2025-08-02 12:00:00,23.3,100,3,8,2,12,5,1,0,Overcast,0.5
2025-08-02 13:00:00,24.4,73,2,8,2,13,5,1,0,Partly Cloudy,0.71
2025-08-02 14:00:00,25.3,100,3,8,2,14,5,1,0,Overcast,0.54
2025-08-02 15:00:00,25.6,100,3,8,2,15,5,1,0,Overcast,0.53
2025-08-02 16:00:00,25.2,100,3,8,2,16,5,1,0,Overcast,0.56
2025-08-02 17:00:00,24.9,100,3,8,2,17,5,1,0,Overcast,0.55
2025-08-02 18:00:00,24.7,75,2,8,2,18,5,1,0,Partly Cloudy,0.7
2025-08-02 19:00:00,24.2,34,1,8,2,19,5,1,0,Mostly Clear,0.75
2025-08-02 20:00:00,23.4,94,3,8,2,20,5,1,0,Overcast,0.49
2025-08-03 10:00:00,21.9,0,0,8,3,10,6,1,1,Clear,0.68
2025-08-03 11:00:00,23.9,0,0,8,3,11,6,1,1,Clear,0.79
2025-08-03 12:00:00,24.9,0,0,8,3,12,6,1,1,Clear,0.81
2025-08-03 13:00:00,25.8,0,0,8,3,13,6,1,1,Clear,0.88
2025-08-03 14:00:00,26.6,0,0,8,3,14,6,1,1,Clear,0.86
2025-08-03 15:00:00,27.1,0,0,8,3,15,6,1,1,Clear,0.9
2025-08-03 16:00:00,27.3,1,0,8,3,16,6,1,1,Clear,0.88
2025-08-03 17:00:00,27.3,0,0,8,3,17,6,1,1,Clear,0.91
2025-08-03 18:00:00,26.9,0,0,8,3,18,6,1,1,Clear,0.87
2025-08-03 19:00:00,26.2,0,0,8,3,19,6,1,1,Clear,0.84
2025-08-03 20:00:00,25.2,0,0,8,3,20,6,1,1,Clear,0.83
2025-08-04 10:00:00,22.9,99,3,8,4,10,0,0,0,Overcast,0.38
2025-08-04 11:00:00,24.7,100,3,8,4,11,0,0,0,Overcast,0.41
2025-08-04 12:00:00,25.9,100,3,8,4,12,0,0,0,Overcast,0.4
2025-08-04 13:00:00,27.0,100,3,8,4,13,0,0,0,Overcast,0.44
2025-08-04 14:00:00,27.5,98,3,8,4,14,0,0,0,Overcast,0.42
2025-08-04 15:00:00,28.3,47,1,8,4,15,0,0,0,Mostly Clear,0.74
2025-08-04 16:00:00,28.8,97,3,8,4,16,0,0,0,Overcast,0.49
2025-08-04 17:00:00,28.7,86,3,8,4,17,0,0,0,Overcast,0.51
2025-08-04 18:00:00,28.3,100,3,8,4,18,0,0,0,Overcast,0.49
2025-08-04 19:00:00,27.3,45,1,8,4,19,0,0,0,Mostly Clear,0.63
2025-08-04 20:00:00,26.1,100,3,8,4,20,0,0,0,Overcast,0.42
2025-08-05 10:00:00,24.1,36,1,8,5,10,1,0,0,Mostly Clear,0.55
2025-08-05 11:00:00,25.6,44,1,8,5,11,1,0,0,Mostly Clear,0.59
2025-08-05 12:00:00,26.9,32,1,8,5,12,1,0,0,Mostly Clear,0.58
2025-08-05 13:00:00,27.4,29,1,8,5,13,1,0,0,Mostly Clear,0.65
2025-08-05 14:00:00,28.5,11,0,8,5,14,1,0,1,Clear,0.78
2025-08-05 15:00:00,28.3,41,1,8,5,15,1,0,0,Mostly Clear,0.73
2025-08-05 16:00:00,28.5,36,1,8,5,16,1,0,0,Mostly Clear,0.72
2025-08-05 17:00:00,29.1,100,3,8,5,17,1,0,0,Overcast,0.49
2025-08-05 18:00:00,28.4,83,3,8,5,18,1,0,0,Overcast,0.49
2025-08-05 19:00:00,27.0,100,3,8,5,19,1,0,0,Overcast,0.45
2025-08-05 20:00:00,24.8,96,3,8,5,20,1,0,0,Overcast,0.44
2025-08-06 10:00:00,22.7,100,3,8,6,10,2,0,0,Overcast,0.35
2025-08-06 11:00:00,24.5,74,2,8,6,11,2,0,0,Partly Cloudy,0.54
2025-08-06 12:00:00,26.2,96,3,8,6,12,2,0,0,Overcast,0.43
2025-08-06 13:00:00,26.9,34,1,8,6,13,2,0,0,Mostly Clear,0.64
2025-08-06 14:00:00,27.8,15,0,8,6,14,2,0,1,Clear,0.71
2025-08-06 15:00:00,28.7,4,0,8,6,15,2,0,1,Clear,0.83
2025-08-06 16:00:00,28.8,8,0,8,6,16,2,0,1,Clear,0.8
2025-08-06 17:00:00,28.7,26,1,8,6,17,2,0,0,Mostly Clear,0.76
2025-08-06 18:00:00,27.9,0,0,8,6,18,2,0,1,Clear,0.74
2025-08-06 19:00:00,26.8,0,0,8,6,19,2,0,1,Clear,0.69
2025-08-06 20:00:00,25.3,6,0,8,6,20,2,0,1,Clear,0.67
2025-08-07 10:00:00,23.1,0,0,8,7,10,3,0,1,Clear,0.61
2025-08-07 11:00:00,25.0,68,2,8,7,11,3,0,0,Partly Cloudy,0.52
2025-08-07 12:00:00,26.9,89,3,8,7,12,3,0,0,Overcast,0.41
2025-08-07 13:00:00,28.0,100,3,8,7,13,3,0,0,Overcast,0.48
2025-08-07 14:00:00,28.9,100,3,8,7,14,3,0,0,Overcast,0.48
2025-08-07 15:00:00,29.4,100,3,8,7,15,3,0,0,Overcast,0.52
2025-08-07 16:00:00,27.6,9,0,8,7,16,3,0,1,Clear,0.75
2025-08-07 17:00:00,28.2,73,2,8,7,17,3,0,0,Partly Cloudy,0.65
2025-08-07 18:00:00,28.2,97,3,8,7,18,3,0,0,Overcast,0.51
2025-08-07 19:00:00,27.2,98,3,8,7,19,3,0,0,Overcast,0.44
2025-08-07 20:00:00,26.2,26,1,8,7,20,3,0,0,Mostly Clear,0.65
2025-08-08 10:00:00,23.0,43,1,8,8,10,4,0,0,Mostly Clear,0.52
2025-08-08 11:00:00,24.6,34,1,8,8,11,4,0,0,Mostly Clear,0.57
2025-08-08 12:00:00,26.3,47,1,8,8,12,4,0,0,Mostly Clear,0.62
2025-08-08 13:00:00,27.8,31,1,8,8,13,4,0,0,Mostly Clear,0.63
2025-08-08 14:00:00,28.6,43,1,8,8,14,4,0,0,Mostly Clear,0.69
2025-08-08 15:00:00,29.1,32,1,8,8,15,4,0,0,Mostly Clear,0.72
2025-08-08 16:00:00,29.6,94,3,8,8,16,4,0,0,Overcast,0.52
2025-08-08 17:00:00,29.6,100,3,8,8,17,4,0,0,Overcast,0.49
2025-08-08 18:00:00,28.8,100,3,8,8,18,4,0,0,Overcast,0.5
2025-08-08 19:00:00,28.0,94,3,8,8,19,4,0,0,Overcast,0.45
2025-08-08 20:00:00,26.8,20,1,8,8,20,4,0,0,Mostly Clear,0.61
2025-08-09 10:00:00,24.4,2,0,8,9,10,5,1,1,Clear,0.7
2025-08-09 11:00:00,26.3,0,0,8,9,11,5,1,1,Clear,0.75
2025-08-09 12:00:00,27.9,0,0,8,9,12,5,1,1,Clear,0.79
2025-08-09 13:00:00,29.0,0,0,8,9,13,5,1,1,Clear,0.88
2025-08-09 14:00:00,29.7,0,0,8,9,14,5,1,1,Clear,0.91
2025-08-09 15:00:00,30.3,0,0,8,9,15,5,1,1,Clear,0.97
2025-08-09 16:00:00,30.6,0,0,8,9,16,5,1,1,Clear,0.93
2025-08-09 17:00:00,30.7,0,0,8,9,17,5,1,1,Clear,0.94
2025-08-09 18:00:00,30.2,0,0,8,9,18,5,1,1,Clear,0.93
2025-08-09 19:00:00,29.4,0,0,8,9,19,5,1,1,Clear,0.88
2025-08-09 20:00:00,28.1,0,0,8,9,20,5,1,1,Clear,0.87
2025-08-10 10:00:00,24.9,0,0,8,10,10,6,1,1,Clear,0.74
2025-08-10 11:00:00,27.0,0,0,8,10,11,6,1,1,Clear,0.77
2025-08-10 12:00:00,28.7,0,0,8,10,12,6,1,1,Clear,0.82
2025-08-10 13:00:00,30.1,2,0,8,10,13,6,1,1,Clear,0.92
2025-08-10 14:00:00,31.4,12,0,8,10,14,6,1,1,Clear,0.89
2025-08-10 15:00:00,32.1,21,1,8,10,15,6,1,0,Mostly Clear,0.87
2025-08-10 16:00:00,32.6,28,1,8,10,16,6,1,0,Mostly Clear,0.83
2025-08-10 17:00:00,32.6,96,3,8,10,17,6,1,0,Overcast,0.58
2025-08-10 18:00:00,31.4,60,2,8,10,18,6,1,0,Partly Cloudy,0.74
2025-08-10 19:00:00,30.3,1,0,8,10,19,6,1,1,Clear,0.88
2025-08-10 20:00:00,29.3,1,0,8,10,20,6,1,1,Clear,0.89
2025-08-11 10:00:00,25.5,1,0,8,11,10,0,0,1,Clear,0.59
2025-08-11 11:00:00,27.6,0,0,8,11,11,0,0,1,Clear,0.64
2025-08-11 12:00:00,29.5,21,1,8,11,12,0,0,0,Mostly Clear,0.62
2025-08-11 13:00:00,30.5,20,51,8,11,13,0,0,0,Drizzle,0.31
2025-08-11 14:00:00,31.2,28,1,8,11,14,0,0,0,Mostly Clear,0.7
2025-08-11 15:00:00,31.5,10,51,8,11,15,0,0,0,Drizzle,0.31
2025-08-11 16:00:00,31.7,17,0,8,11,16,0,0,1,Clear,0.81
2025-08-11 17:00:00,31.9,6,0,8,11,17,0,0,1,Clear,0.8
2025-08-11 18:00:00,31.5,13,0,8,11,18,0,0,1,Clear,0.81
2025-08-11 19:00:00,30.9,20,1,8,11,19,0,0,0,Mostly Clear,0.66
2025-08-11 20:00:00,30.0,6,0,8,11,20,0,0,1,Clear,0.72
2025-08-12 10:00:00,27.2,0,0,8,12,10,1,0,1,Clear,0.58
2025-08-12 11:00:00,29.3,20,1,8,12,11,1,0,0,Mostly Clear,0.61
2025-08-12 12:00:00,30.5,12,0,8,12,12,1,0,1,Clear,0.73
2025-08-12 13:00:00,32.0,18,0,8,12,13,1,0,1,Clear,0.79
2025-08-12 14:00:00,32.6,19,0,8,12,14,1,0,1,Clear,0.79
2025-08-12 15:00:00,33.0,14,0,8,12,15,1,0,1,Clear,0.79
2025-08-12 16:00:00,33.5,31,1,8,12,16,1,0,0,Mostly Clear,0.71
2025-08-12 17:00:00,33.2,16,0,8,12,17,1,0,1,Clear,0.81
2025-08-12 18:00:00,32.6,13,0,8,12,18,1,0,1,Clear,0.8
2025-08-12 19:00:00,31.8,10,0,8,12,19,1,0,1,Clear,0.75
2025-08-12 20:00:00,30.8,12,0,8,12,20,1,0,1,Clear,0.74
2025-08-13 10:00:00,23.7,99,53,8,13,10,2,0,0,Drizzle,0.22
2025-08-13 11:00:00,25.4,99,51,8,13,11,2,0,0,Drizzle,0.22
2025-08-13 12:00:00,25.6,87,51,8,13,12,2,0,0,Drizzle,0.24
2025-08-13 13:00:00,27.9,96,51,8,13,13,2,0,0,Drizzle,0.29
2025-08-13 14:00:00,28.6,100,51,8,13,14,2,0,0,Drizzle,0.31
2025-08-13 15:00:00,23.6,100,65,8,13,15,2,0,0,Rain,0.19
2025-08-13 16:00:00,23.4,33,55,8,13,16,2,0,0,Drizzle,0.26
2025-08-13 17:00:00,26.1,26,51,8,13,17,2,0,0,Drizzle,0.28
2025-08-13 18:00:00,26.5,81,51,8,13,18,2,0,0,Drizzle,0.29
2025-08-13 19:00:00,22.9,100,63,8,13,19,2,0,0,Rain,0.15
2025-08-13 20:00:00,22.3,100,53,8,13,20,2,0,0,Drizzle,0.28
2025-08-14 10:00:00,23.9,75,2,8,14,10,3,0,0,Partly Cloudy,0.48
2025-08-14 11:00:00,25.5,27,1,8,14,11,3,0,0,Mostly Clear,0.57
2025-08-14 12:00:00,26.5,28,1,8,14,12,3,0,0,Mostly Clear,0.6
2025-08-14 13:00:00,27.0,28,51,8,14,13,3,0,0,Drizzle,0.27
2025-08-14 14:00:00,27.6,21,51,8,14,14,3,0,0,Drizzle,0.29
2025-08-14 15:00:00,28.0,20,1,8,14,15,3,0,0,Mostly Clear,0.72
2025-08-14 16:00:00,28.0,16,0,8,14,16,3,0,1,Clear,0.79
2025-08-14 17:00:00,28.3,6,0,8,14,17,3,0,1,Clear,0.82
2025-08-14 18:00:00,27.9,4,0,8,14,18,3,0,1,Clear,0.75
2025-08-14 19:00:00,27.0,0,0,8,14,19,3,0,1,Clear,0.68
2025-08-14 20:00:00,25.1,0,0,8,14,20,3,0,1,Clear,0.67
2025-08-15 10:00:00,24.0,1,0,8,15,10,4,0,1,Clear,0.59
2025-08-15 11:00:00,26.6,0,0,8,15,11,4,0,1,Clear,0.66
2025-08-15 12:00:00,28.4,0,0,8,15,12,4,0,1,Clear,0.73
2025-08-15 13:00:00,29.5,0,0,8,15,13,4,0,1,Clear,0.76
2025-08-15 14:00:00,30.5,23,1,8,15,14,4,0,0,Mostly Clear,0.72
2025-08-15 15:00:00,31.0,48,1,8,15,15,4,0,0,Mostly Clear,0.72
2025-08-15 16:00:00,31.1,91,3,8,15,16,4,0,0,Overcast,0.48
2025-08-15 17:00:00,30.9,100,3,8,15,17,4,0,0,Overcast,0.48
2025-08-15 18:00:00,30.5,93,3,8,15,18,4,0,0,Overcast,0.49
2025-08-15 19:00:00,29.5,8,0,8,15,19,4,0,1,Clear,0.77
2025-08-15 20:00:00,26.8,23,1,8,15,20,4,0,0,Mostly Clear,0.64
2025-08-16 10:00:00,25.7,1,0,8,16,10,5,1,1,Clear,0.71
2025-08-16 11:00:00,28.2,28,1,8,16,11,5,1,0,Mostly Clear,0.75
2025-08-16 12:00:00,29.8,58,2,8,16,12,5,1,0,Partly Cloudy,0.67
2025-08-16 13:00:00,30.7,18,51,8,16,13,5,1,0,Drizzle,0.32
2025-08-16 14:00:00,31.7,25,1,8,16,14,5,1,0,Mostly Clear,0.79
2025-08-16 15:00:00,32.2,40,1,8,16,15,5,1,0,Mostly Clear,0.84
2025-08-16 16:00:00,32.3,27,1,8,16,16,5,1,0,Mostly Clear,0.85
2025-08-16 17:00:00,31.7,65,2,8,16,17,5,1,0,Partly Cloudy,0.78
2025-08-16 18:00:00,31.0,78,2,8,16,18,5,1,0,Partly Cloudy,0.76
2025-08-16 19:00:00,30.3,20,1,8,16,19,5,1,0,Mostly Clear,0.78
2025-08-16 20:00:00,28.8,9,0,8,16,20,5,1,1,Clear,0.88
2025-08-17 10:00:00,22.0,98,63,8,17,10,6,1,0,Rain,0.14
2025-08-17 11:00:00,24.2,43,51,8,17,11,6,1,0,Drizzle,0.3
2025-08-17 12:00:00,27.4,97,3,8,17,12,6,1,0,Overcast,0.49
2025-08-17 13:00:00,28.8,99,3,8,17,13,6,1,0,Overcast,0.57
2025-08-17 14:00:00,28.3,100,51,8,17,14,6,1,0,Drizzle,0.32
2025-08-17 15:00:00,26.5,99,51,8,17,15,6,1,0,Drizzle,0.34
2025-08-17 16:00:00,28.2,60,51,8,17,16,6,1,0,Drizzle,0.35
2025-08-17 17:00:00,27.8,78,51,8,17,17,6,1,0,Drizzle,0.35
2025-08-17 18:00:00,27.4,100,3,8,17,18,6,1,0,Overcast,0.53
2025-08-17 19:00:00,26.4,98,3,8,17,19,6,1,0,Overcast,0.49
2025-08-17 20:00:00,25.1,68,2,8,17,20,6,1,0,Partly Cloudy,0.66
2025-08-18 10:00:00,21.7,3,0,8,18,10,0,0,1,Clear,0.5
2025-08-18 11:00:00,23.1,5,0,8,18,11,0,0,1,Clear,0.66
2025-08-18 12:00:00,24.7,68,2,8,18,12,0,0,0,Partly Cloudy,0.51
2025-08-18 13:00:00,26.0,60,2,8,18,13,0,0,0,Partly Cloudy,0.57
2025-08-18 14:00:00,26.9,32,1,8,18,14,0,0,0,Mostly Clear,0.64
2025-08-18 15:00:00,27.6,40,1,8,18,15,0,0,0,Mostly Clear,0.67
2025-08-18 16:00:00,27.9,0,0,8,18,16,0,0,1,Clear,0.76
2025-08-18 17:00:00,28.0,0,0,8,18,17,0,0,1,Clear,0.83
2025-08-18 18:00:00,27.6,2,0,8,18,18,0,0,1,Clear,0.77
2025-08-18 19:00:00,26.8,0,0,8,18,19,0,0,1,Clear,0.68
2025-08-18 20:00:00,25.1,0,0,8,18,20,0,0,1,Clear,0.69
2025-08-19 10:00:00,24.0,4,0,8,19,10,1,0,1,Clear,0.6
2025-08-19 11:00:00,26.3,0,0,8,19,11,1,0,1,Clear,0.63
2025-08-19 12:00:00,28.3,0,0,8,19,12,1,0,1,Clear,0.7
2025-08-19 13:00:00,29.7,7,0,8,19,13,1,0,1,Clear,0.77
2025-08-19 14:00:00,30.9,18,0,8,19,14,1,0,1,Clear,0.79
2025-08-19 15:00:00,32.2,12,0,8,19,15,1,0,1,Clear,0.82
2025-08-19 16:00:00,32.9,14,0,8,19,16,1,0,1,Clear,0.81
2025-08-19 17:00:00,33.1,54,2,8,19,17,1,0,0,Partly Cloudy,0.67
2025-08-19 18:00:00,31.7,91,3,8,19,18,1,0,0,Overcast,0.51
2025-08-19 19:00:00,29.8,38,1,8,19,19,1,0,0,Mostly Clear,0.69
2025-08-19 20:00:00,26.7,67,2,8,19,20,1,0,0,Partly Cloudy,0.58
2025-08-20 10:00:00,23.1,89,51,8,20,10,2,0,0,Drizzle,0.23
2025-08-20 11:00:00,24.9,92,51,8,20,11,2,0,0,Drizzle,0.23
2025-08-20 12:00:00,25.9,97,53,8,20,12,2,0,0,Drizzle,0.24
2025-08-20 13:00:00,26.4,50,53,8,20,13,2,0,0,Drizzle,0.28
2025-08-20 14:00:00,26.9,47,53,8,20,14,2,0,0,Drizzle,0.27
2025-08-20 15:00:00,27.6,50,51,8,20,15,2,0,0,Drizzle,0.3
2025-08-20 16:00:00,28.0,100,51,8,20,16,2,0,0,Drizzle,0.32
2025-08-20 17:00:00,27.8,100,3,8,20,17,2,0,0,Overcast,0.48
2025-08-20 18:00:00,27.1,98,3,8,20,18,2,0,0,Overcast,0.46
2025-08-20 19:00:00,26.5,33,1,8,20,19,2,0,0,Mostly Clear,0.64
2025-08-20 20:00:00,25.3,44,1,8,20,20,2,0,0,Mostly Clear,0.62
2025-08-21 10:00:00,22.2,100,3,8,21,10,3,0,0,Overcast,0.38
2025-08-21 11:00:00,23.0,100,3,8,21,11,3,0,0,Overcast,0.42
2025-08-21 12:00:00,23.8,100,3,8,21,12,3,0,0,Overcast,0.43
2025-08-21 13:00:00,24.9,55,51,8,21,13,3,0,0,Drizzle,0.25
2025-08-21 14:00:00,25.7,30,51,8,21,14,3,0,0,Drizzle,0.29
2025-08-21 15:00:00,26.1,53,51,8,21,15,3,0,0,Drizzle,0.28
2025-08-21 16:00:00,26.6,39,1,8,21,16,3,0,0,Mostly Clear,0.71
2025-08-21 17:00:00,26.2,61,2,8,21,17,3,0,0,Partly Cloudy,0.6
2025-08-21 18:00:00,25.8,77,2,8,21,18,3,0,0,Partly Cloudy,0.62
2025-08-21 19:00:00,24.6,28,1,8,21,19,3,0,0,Mostly Clear,0.63
2025-08-21 20:00:00,23.3,24,1,8,21,20,3,0,0,Mostly Clear,0.63
2025-08-22 10:00:00,22.3,18,0,8,22,10,4,0,1,Clear,0.6
2025-08-22 11:00:00,24.3,66,2,8,22,11,4,0,0,Partly Cloudy,0.54
2025-08-22 12:00:00,25.4,54,2,8,22,12,4,0,0,Partly Cloudy,0.53
2025-08-22 13:00:00,26.1,66,2,8,22,13,4,0,0,Partly Cloudy,0.6
2025-08-22 14:00:00,27.0,100,3,8,22,14,4,0,0,Overcast,0.45
2025-08-22 15:00:00,27.2,68,2,8,22,15,4,0,0,Partly Cloudy,0.6
2025-08-22 16:00:00,27.3,50,2,8,22,16,4,0,0,Partly Cloudy,0.62
2025-08-22 17:00:00,27.4,28,1,8,22,17,4,0,0,Mostly Clear,0.68
2025-08-22 18:00:00,27.3,47,1,8,22,18,4,0,0,Mostly Clear,0.69
2025-08-22 19:00:00,26.7,35,1,8,22,19,4,0,0,Mostly Clear,0.63
2025-08-22 20:00:00,25.3,5,0,8,22,20,4,0,1,Clear,0.71
2025-08-23 10:00:00,24.7,11,0,8,23,10,5,1,1,Clear,0.72
2025-08-23 11:00:00,26.7,37,51,8,23,11,5,1,0,Drizzle,0.29
2025-08-23 12:00:00,27.9,74,2,8,23,12,5,1,0,Partly Cloudy,0.63
2025-08-23 13:00:00,29.2,34,1,8,23,13,5,1,0,Mostly Clear,0.83
2025-08-23 14:00:00,30.3,45,1,8,23,14,5,1,0,Mostly Clear,0.83
2025-08-23 15:00:00,30.9,32,1,8,23,15,5,1,0,Mostly Clear,0.87
2025-08-23 16:00:00,30.6,56,51,8,23,16,5,1,0,Drizzle,0.34
2025-08-23 17:00:00,29.9,28,51,8,23,17,5,1,0,Drizzle,0.34
2025-08-23 18:00:00,29.4,20,1,8,23,18,5,1,0,Mostly Clear,0.87
2025-08-23 19:00:00,28.5,44,51,8,23,19,5,1,0,Drizzle,0.33
2025-08-23 20:00:00,27.7,49,1,8,23,20,5,1,0,Mostly Clear,0.76
2025-08-24 10:00:00,23.9,40,51,8,24,10,6,1,0,Drizzle,0.25
2025-08-24 11:00:00,25.2,28,51,8,24,11,6,1,0,Drizzle,0.31
2025-08-24 12:00:00,26.4,24,51,8,24,12,6,1,0,Drizzle,0.32
2025-08-24 13:00:00,27.4,35,1,8,24,13,6,1,0,Mostly Clear,0.76
2025-08-24 14:00:00,27.9,18,0,8,24,14,6,1,1,Clear,0.83
2025-08-24 15:00:00,29.0,25,1,8,24,15,6,1,0,Mostly Clear,0.84
2025-08-24 16:00:00,29.3,34,1,8,24,16,6,1,0,Mostly Clear,0.84
2025-08-24 17:00:00,28.3,34,1,8,24,17,6,1,0,Mostly Clear,0.83
2025-08-24 18:00:00,27.8,33,1,8,24,18,6,1,0,Mostly Clear,0.81
2025-08-24 19:00:00,26.8,96,3,8,24,19,6,1,0,Overcast,0.53
2025-08-24 20:00:00,25.3,100,3,8,24,20,6,1,0,Overcast,0.49
2025-08-25 10:00:00,20.0,21,1,8,25,10,0,0,0,Mostly Clear,0.48
2025-08-25 11:00:00,21.5,27,1,8,25,11,0,0,0,Mostly Clear,0.52
2025-08-25 12:00:00,22.8,29,1,8,25,12,0,0,0,Mostly Clear,0.58
2025-08-25 13:00:00,23.7,41,1,8,25,13,0,0,0,Mostly Clear,0.63
2025-08-25 14:00:00,24.1,78,2,8,25,14,0,0,0,Partly Cloudy,0.6
2025-08-25 15:00:00,24.6,87,3,8,25,15,0,0,0,Overcast,0.46
2025-08-25 16:00:00,23.3,27,1,8,25,16,0,0,0,Mostly Clear,0.71
2025-08-25 17:00:00,23.2,33,1,8,25,17,0,0,0,Mostly Clear,0.68
2025-08-25 18:00:00,22.3,42,1,8,25,18,0,0,0,Mostly Clear,0.71
2025-08-25 19:00:00,21.0,29,1,8,25,19,0,0,0,Mostly Clear,0.55
2025-08-25 20:00:00,19.3,68,2,8,25,20,0,0,0,Partly Cloudy,0.5
2025-08-26 10:00:00,18.1,42,51,8,26,10,1,0,0,Drizzle,0.19
2025-08-26 11:00:00,19.5,22,51,8,26,11,1,0,0,Drizzle,0.19
2025-08-26 12:00:00,20.7,30,1,8,26,12,1,0,0,Mostly Clear,0.53
2025-08-26 13:00:00,20.9,37,51,8,26,13,1,0,0,Drizzle,0.27
2025-08-26 14:00:00,20.9,34,51,8,26,14,1,0,0,Drizzle,0.23
2025-08-26 15:00:00,21.4,19,0,8,26,15,1,0,1,Clear,0.7
2025-08-26 16:00:00,21.7,16,0,8,26,16,1,0,1,Clear,0.69
2025-08-26 17:00:00,21.5,24,1,8,26,17,1,0,0,Mostly Clear,0.61
2025-08-26 18:00:00,20.7,47,1,8,26,18,1,0,0,Mostly Clear,0.61
2025-08-26 19:00:00,19.6,100,3,8,26,19,1,0,0,Overcast,0.37
2025-08-26 20:00:00,18.6,96,3,8,26,20,1,0,0,Overcast,0.38
2025-08-27 10:00:00,16.6,0,0,8,27,10,2,0,1,Clear,0.47
2025-08-27 11:00:00,18.8,42,51,8,27,11,2,0,0,Drizzle,0.22
2025-08-27 12:00:00,19.7,16,0,8,27,12,2,0,1,Clear,0.61
2025-08-27 13:00:00,21.2,36,1,8,27,13,2,0,0,Mostly Clear,0.6
2025-08-27 14:00:00,21.7,100,3,8,27,14,2,0,0,Overcast,0.42
2025-08-27 15:00:00,21.3,66,2,8,27,15,2,0,0,Partly Cloudy,0.55
2025-08-27 16:00:00,21.8,86,3,8,27,16,2,0,0,Overcast,0.43
2025-08-27 17:00:00,21.3,44,1,8,27,17,2,0,0,Mostly Clear,0.65
2025-08-27 18:00:00,21.6,98,3,8,27,18,2,0,0,Overcast,0.44
2025-08-27 19:00:00,21.0,100,3,8,27,19,2,0,0,Overcast,0.4
2025-08-27 20:00:00,19.2,100,3,8,27,20,2,0,0,Overcast,0.4
2025-08-28 10:00:00,17.4,1,0,8,28,10,3,0,1,Clear,0.54
2025-08-28 11:00:00,20.3,10,0,8,28,11,3,0,1,Clear,0.59
2025-08-28 12:00:00,22.0,82,3,8,28,12,3,0,0,Overcast,0.4
2025-08-28 13:00:00,23.0,100,3,8,28,13,3,0,0,Overcast,0.44
2025-08-28 14:00:00,22.7,96,3,8,28,14,3,0,0,Overcast,0.44
2025-08-28 15:00:00,22.9,98,3,8,28,15,3,0,0,Overcast,0.45
2025-08-28 16:00:00,22.9,100,3,8,28,16,3,0,0,Overcast,0.48
2025-08-28 17:00:00,22.2,100,3,8,28,17,3,0,0,Overcast,0.49
2025-08-28 18:00:00,20.1,100,3,8,28,18,3,0,0,Overcast,0.42
2025-08-28 19:00:00,18.8,100,3,8,28,19,3,0,0,Overcast,0.38
2025-08-28 20:00:00,17.9,100,51,8,28,20,3,0,0,Drizzle,0.24
2025-08-29 10:00:00,16.7,21,1,8,29,10,4,0,0,Mostly Clear,0.43
2025-08-29 11:00:00,17.8,40,1,8,29,11,4,0,0,Mostly Clear,0.52
2025-08-29 12:00:00,19.0,32,1,8,29,12,4,0,0,Mostly Clear,0.52
2025-08-29 13:00:00,19.7,46,1,8,29,13,4,0,0,Mostly Clear,0.59
2025-08-29 14:00:00,20.3,33,1,8,29,14,4,0,0,Mostly Clear,0.59
2025-08-29 15:00:00,21.0,55,2,8,29,15,4,0,0,Partly Cloudy,0.55
2025-08-29 16:00:00,21.0,64,2,8,29,16,4,0,0,Partly Cloudy,0.58
2025-08-29 17:00:00,20.6,40,1,8,29,17,4,0,0,Mostly Clear,0.64
2025-08-29 18:00:00,20.3,75,2,8,29,18,4,0,0,Partly Cloudy,0.55
2025-08-29 19:00:00,18.5,89,3,8,29,19,4,0,0,Overcast,0.4
2025-08-29 20:00:00,16.3,65,2,8,29,20,4,0,0,Partly Cloudy,0.43
2025-08-30 10:00:00,15.4,0,0,8,30,10,5,1,1,Clear,0.62
2025-08-30 11:00:00,17.4,33,1,8,30,11,5,1,0,Mostly Clear,0.65
2025-08-30 12:00:00,18.7,30,1,8,30,12,5,1,0,Mostly Clear,0.65
2025-08-30 13:00:00,19.9,16,0,8,30,13,5,1,1,Clear,0.77
2025-08-30 14:00:00,20.9,6,0,8,30,14,5,1,1,Clear,0.79
2025-08-30 15:00:00,21.8,5,0,8,30,15,5,1,1,Clear,0.85
2025-08-30 16:00:00,22.2,11,0,8,30,16,5,1,1,Clear,0.91
2025-08-30 17:00:00,22.1,8,0,8,30,17,5,1,1,Clear,0.9
2025-08-30 18:00:00,21.4,9,0,8,30,18,5,1,1,Clear,0.84
2025-08-30 19:00:00,20.4,8,0,8,30,19,5,1,1,Clear,0.76
2025-08-30 20:00:00,18.9,1,0,8,30,20,5,1,1,Clear,0.76
2025-08-31 10:00:00,16.8,9,0,8,31,10,6,1,1,Clear,0.61
2025-08-31 11:00:00,19.5,0,0,8,31,11,6,1,1,Clear,0.7
2025-08-31 12:00:00,21.3,0,0,8,31,12,6,1,1,Clear,0.74
2025-08-31 13:00:00,22.5,0,0,8,31,13,6,1,1,Clear,0.84
2025-08-31 14:00:00,23.4,0,0,8,31,14,6,1,1,Clear,0.88
2025-08-31 15:00:00,24.0,0,0,8,31,15,6,1,1,Clear,0.91
2025-08-31 16:00:00,24.2,0,0,8,31,16,6,1,1,Clear,0.91
2025-08-31 17:00:00,23.8,0,0,8,31,17,6,1,1,Clear,0.88
2025-08-31 18:00:00,23.1,0,0,8,31,18,6,1,1,Clear,0.91
2025-08-31 19:00:00,22.5,0,0,8,31,19,6,1,1,Clear,0.84
2025-08-31 20:00:00,21.2,0,0,8,31,20,6,1,1,Clear,0.74
2025-09-01 11:00:00,22.0,1,0,9,1,11,0,0,1,Clear,0.4
2025-09-01 12:00:00,23.7,97,3,9,1,12,0,0,0,Overcast,0.27
2025-09-01 13:00:00,24.1,99,3,9,1,13,0,0,0,Overcast,0.3
2025-09-01 14:00:00,24.3,100,3,9,1,14,0,0,0,Overcast,0.33
2025-09-01 15:00:00,24.4,96,3,9,1,15,0,0,0,Overcast,0.37
2025-09-01 16:00:00,23.6,51,2,9,1,16,0,0,0,Partly Cloudy,0.47
2025-09-01 17:00:00,24.3,85,3,9,1,17,0,0,0,Overcast,0.34
2025-09-01 18:00:00,23.5,46,1,9,1,18,0,0,0,Mostly Clear,0.5
2025-09-02 11:00:00,22.3,0,0,9,2,11,1,0,1,Clear,0.38
2025-09-02 12:00:00,23.9,63,2,9,2,12,1,0,0,Partly Cloudy,0.39
2025-09-02 13:00:00,24.2,45,1,9,2,13,1,0,0,Mostly Clear,0.47
2025-09-02 14:00:00,25.1,41,1,9,2,14,1,0,0,Mostly Clear,0.49
2025-09-02 15:00:00,25.5,70,2,9,2,15,1,0,0,Partly Cloudy,0.47
2025-09-02 16:00:00,25.8,98,3,9,2,16,1,0,0,Overcast,0.33
2025-09-02 17:00:00,25.1,49,1,9,2,17,1,0,0,Mostly Clear,0.52
2025-09-02 18:00:00,24.6,49,1,9,2,18,1,0,0,Mostly Clear,0.52
2025-09-03 11:00:00,21.9,2,0,9,3,11,2,0,1,Clear,0.34
2025-09-03 12:00:00,24.1,0,0,9,3,12,2,0,1,Clear,0.43
2025-09-03 13:00:00,25.8,32,1,9,3,13,2,0,0,Mostly Clear,0.47
2025-09-03 14:00:00,26.3,22,1,9,3,14,2,0,0,Mostly Clear,0.49
2025-09-03 15:00:00,27.2,10,0,9,3,15,2,0,1,Clear,0.58
2025-09-03 16:00:00,27.6,19,0,9,3,16,2,0,1,Clear,0.56
2025-09-03 17:00:00,25.3,70,51,9,3,17,2,0,0,Drizzle,0.19
2025-09-03 18:00:00,22.1,12,51,9,3,18,2,0,0,Drizzle,0.21
2025-09-04 11:00:00,20.6,100,51,9,4,11,3,0,0,Drizzle,0.12
2025-09-04 12:00:00,20.8,100,51,9,4,12,3,0,0,Drizzle,0.15
2025-09-04 13:00:00,18.6,100,63,9,4,13,3,0,0,Rain,0.12
2025-09-04 14:00:00,18.1,100,61,9,4,14,3,0,0,Rain,0.11
2025-09-04 15:00:00,20.3,86,51,9,4,15,3,0,0,Drizzle,0.18
2025-09-04 16:00:00,20.9,99,51,9,4,16,3,0,0,Drizzle,0.18
2025-09-04 17:00:00,18.3,100,53,9,4,17,3,0,0,Drizzle,0.17
2025-09-04 18:00:00,18.3,82,51,9,4,18,3,0,0,Drizzle,0.17
2025-09-05 11:00:00,20.4,63,51,9,5,11,4,0,0,Drizzle,0.14
2025-09-05 12:00:00,22.0,9,0,9,5,12,4,0,1,Clear,0.44
2025-09-05 13:00:00,23.4,7,0,9,5,13,4,0,1,Clear,0.52
2025-09-05 14:00:00,25.3,97,3,9,5,14,4,0,0,Overcast,0.32
2025-09-05 15:00:00,24.4,25,1,9,5,15,4,0,0,Mostly Clear,0.52
2025-09-05 16:00:00,25.6,86,3,9,5,16,4,0,0,Overcast,0.34
2025-09-05 17:00:00,25.1,86,51,9,5,17,4,0,0,Drizzle,0.21
2025-09-05 18:00:00,23.3,93,51,9,5,18,4,0,0,Drizzle,0.23
2025-09-06 11:00:00,18.2,100,3,9,6,11,5,1,0,Overcast,0.29
2025-09-06 12:00:00,19.0,100,3,9,6,12,5,1,0,Overcast,0.31
2025-09-06 13:00:00,18.6,100,51,9,6,13,5,1,0,Drizzle,0.24
2025-09-06 14:00:00,18.7,100,51,9,6,14,5,1,0,Drizzle,0.24
2025-09-06 15:00:00,18.0,100,51,9,6,15,5,1,0,Drizzle,0.22
2025-09-06 16:00:00,18.7,100,51,9,6,16,5,1,0,Drizzle,0.25
2025-09-06 17:00:00,18.6,100,3,9,6,17,5,1,0,Overcast,0.37
2025-09-06 18:00:00,18.3,100,3,9,6,18,5,1,0,Overcast,0.37
2025-09-07 11:00:00,17.1,36,1,9,7,11,6,1,0,Mostly Clear,0.41
2025-09-07 12:00:00,17.9,39,1,9,7,12,6,1,0,Mostly Clear,0.48
2025-09-07 13:00:00,18.5,32,1,9,7,13,6,1,0,Mostly Clear,0.52
2025-09-07 14:00:00,19.3,26,1,9,7,14,6,1,0,Mostly Clear,0.51
2025-09-07 15:00:00,19.5,100,3,9,7,15,6,1,0,Overcast,0.36
2025-09-07 16:00:00,19.0,100,3,9,7,16,6,1,0,Overcast,0.4
2025-09-07 17:00:00,19.0,98,3,9,7,17,6,1,0,Overcast,0.39
2025-09-07 18:00:00,18.6,8,0,9,7,18,6,1,1,Clear,0.63
2025-09-08 11:00:00,17.1,0,0,9,8,11,0,0,1,Clear,0.33
2025-09-08 12:00:00,18.7,0,0,9,8,12,0,0,1,Clear,0.35
2025-09-08 13:00:00,20.0,79,2,9,8,13,0,0,0,Partly Cloudy,0.35
2025-09-08 14:00:00,20.0,53,2,9,8,14,0,0,0,Partly Cloudy,0.35
2025-09-08 15:00:00,20.4,61,2,9,8,15,0,0,0,Partly Cloudy,0.39
2025-09-08 16:00:00,20.2,49,1,9,8,16,0,0,0,Mostly Clear,0.45
2025-09-08 17:00:00,20.1,41,1,9,8,17,0,0,0,Mostly Clear,0.47
2025-09-08 18:00:00,19.8,19,0,9,8,18,0,0,1,Clear,0.51
2025-09-09 11:00:00,18.2,0,0,9,9,11,1,0,1,Clear,0.33
2025-09-09 12:00:00,20.0,0,0,9,9,12,1,0,1,Clear,0.38
2025-09-09 13:00:00,21.0,0,0,9,9,13,1,0,1,Clear,0.47
2025-09-09 14:00:00,21.7,0,0,9,9,14,1,0,1,Clear,0.47
2025-09-09 15:00:00,22.2,0,0,9,9,15,1,0,1,Clear,0.54
2025-09-09 16:00:00,22.3,0,0,9,9,16,1,0,1,Clear,0.57
2025-09-09 17:00:00,22.2,0,0,9,9,17,1,0,1,Clear,0.57
2025-09-09 18:00:00,21.6,0,0,9,9,18,1,0,1,Clear,0.48
2025-09-10 11:00:00,19.1,0,0,9,10,11,2,0,1,Clear,0.3
2025-09-10 12:00:00,21.0,12,0,9,10,12,2,0,1,Clear,0.37
2025-09-10 13:00:00,22.3,65,2,9,10,13,2,0,0,Partly Cloudy,0.44
2025-09-10 14:00:00,23.2,95,3,9,10,14,2,0,0,Overcast,0.35
2025-09-10 15:00:00,23.6,100,3,9,10,15,2,0,0,Overcast,0.36
2025-09-10 16:00:00,23.6,100,3,9,10,16,2,0,0,Overcast,0.36
2025-09-10 17:00:00,23.4,100,3,9,10,17,2,0,0,Overcast,0.37
2025-09-10 18:00:00,23.0,29,1,9,10,18,2,0,0,Mostly Clear,0.49
2025-09-11 11:00:00,20.5,0,0,9,11,11,3,0,1,Clear,0.32
2025-09-11 12:00:00,23.1,0,0,9,11,12,3,0,1,Clear,0.44
2025-09-11 13:00:00,24.4,3,0,9,11,13,3,0,1,Clear,0.53
2025-09-11 14:00:00,25.5,13,0,9,11,14,3,0,1,Clear,0.54
2025-09-11 15:00:00,26.0,11,0,9,11,15,3,0,1,Clear,0.57
2025-09-11 16:00:00,26.3,19,0,9,11,16,3,0,1,Clear,0.54
2025-09-11 17:00:00,26.2,16,0,9,11,17,3,0,1,Clear,0.55
2025-09-11 18:00:00,25.5,23,1,9,11,18,3,0,0,Mostly Clear,0.5
2025-09-12 11:00:00,20.4,0,0,9,12,11,4,0,1,Clear,0.3
2025-09-12 12:00:00,23.0,0,0,9,12,12,4,0,1,Clear,0.45
2025-09-12 13:00:00,25.0,0,0,9,12,13,4,0,1,Clear,0.53
2025-09-12 14:00:00,26.1,0,0,9,12,14,4,0,1,Clear,0.5
2025-09-12 15:00:00,26.7,0,0,9,12,15,4,0,1,Clear,0.54
2025-09-12 16:00:00,27.0,0,0,9,12,16,4,0,1,Clear,0.57
2025-09-12 17:00:00,26.9,0,0,9,12,17,4,0,1,Clear,0.55
2025-09-12 18:00:00,26.5,0,0,9,12,18,4,0,1,Clear,0.56
2025-09-13 11:00:00,21.6,82,3,9,13,11,5,1,0,Overcast,0.27
2025-09-13 12:00:00,24.1,93,3,9,13,12,5,1,0,Overcast,0.38
2025-09-13 13:00:00,26.0,87,3,9,13,13,5,1,0,Overcast,0.41
2025-09-13 14:00:00,27.2,100,3,9,13,14,5,1,0,Overcast,0.4
2025-09-13 15:00:00,27.8,100,3,9,13,15,5,1,0,Overcast,0.4
2025-09-13 16:00:00,27.9,100,3,9,13,16,5,1,0,Overcast,0.43
2025-09-13 17:00:00,27.3,100,3,9,13,17,5,1,0,Overcast,0.43
2025-09-13 18:00:00,26.8,100,3,9,13,18,5,1,0,Overcast,0.41
2025-09-14 11:00:00,23.3,0,0,9,14,11,6,1,1,Clear,0.53
2025-09-14 12:00:00,25.5,0,0,9,14,12,6,1,1,Clear,0.58
2025-09-14 13:00:00,26.8,0,0,9,14,13,6,1,1,Clear,0.67
2025-09-14 14:00:00,27.5,0,0,9,14,14,6,1,1,Clear,0.64
2025-09-14 15:00:00,28.0,0,0,9,14,15,6,1,1,Clear,0.75
2025-09-14 16:00:00,28.1,0,0,9,14,16,6,1,1,Clear,0.74
2025-09-14 17:00:00,27.8,0,0,9,14,17,6,1,1,Clear,0.71
2025-09-14 18:00:00,27.2,2,0,9,14,18,6,1,1,Clear,0.69
2025-09-15 11:00:00,24.9,13,0,9,15,11,0,0,1,Clear,0.42
2025-09-15 12:00:00,26.8,57,2,9,15,12,0,0,0,Partly Cloudy,0.38
2025-09-15 13:00:00,28.2,84,3,9,15,13,0,0,0,Overcast,0.34
2025-09-15 14:00:00,28.7,100,3,9,15,14,0,0,0,Overcast,0.37
2025-09-15 15:00:00,29.1,100,3,9,15,15,0,0,0,Overcast,0.36
2025-09-15 16:00:00,28.9,100,3,9,15,16,0,0,0,Overcast,0.38
2025-09-15 17:00:00,28.3,99,3,9,15,17,0,0,0,Overcast,0.4
2025-09-15 18:00:00,27.8,100,3,9,15,18,0,0,0,Overcast,0.34
2025-09-16 11:00:00,23.8,98,3,9,16,11,1,0,0,Overcast,0.23
2025-09-16 12:00:00,25.3,100,3,9,16,12,1,0,0,Overcast,0.28
2025-09-16 13:00:00,26.7,100,3,9,16,13,1,0,0,Overcast,0.32
2025-09-16 14:00:00,26.6,100,3,9,16,14,1,0,0,Overcast,0.31
2025-09-16 15:00:00,26.7,93,3,9,16,15,1,0,0,Overcast,0.36
2025-09-16 16:00:00,27.0,100,3,9,16,16,1,0,0,Overcast,0.37
2025-09-16 17:00:00,26.9,99,3,9,16,17,1,0,0,Overcast,0.33
2025-09-16 18:00:00,25.9,98,3,9,16,18,1,0,0,Overcast,0.37
2025-09-17 11:00:00,23.2,3,0,9,17,11,2,0,1,Clear,0.42
2025-09-17 12:00:00,24.7,24,1,9,17,12,2,0,0,Mostly Clear,0.42
2025-09-17 13:00:00,26.0,37,1,9,17,13,2,0,0,Mostly Clear,0.48
2025-09-17 14:00:00,26.9,1,0,9,17,14,2,0,1,Clear,0.54
2025-09-17 15:00:00,27.2,8,0,9,17,15,2,0,1,Clear,0.57
2025-09-17 16:00:00,27.4,6,0,9,17,16,2,0,1,Clear,0.59
2025-09-17 17:00:00,27.4,3,0,9,17,17,2,0,1,Clear,0.58
2025-09-17 18:00:00,26.9,3,0,9,17,18,2,0,1,Clear,0.57
2025-09-18 11:00:00,22.8,0,0,9,18,11,3,0,1,Clear,0.41
2025-09-18 12:00:00,25.3,0,0,9,18,12,3,0,1,Clear,0.43
2025-09-18 13:00:00,26.9,0,0,9,18,13,3,0,1,Clear,0.53
2025-09-18 14:00:00,27.9,0,0,9,18,14,3,0,1,Clear,0.54
2025-09-18 15:00:00,28.7,0,0,9,18,15,3,0,1,Clear,0.64
2025-09-18 16:00:00,29.2,21,1,9,18,16,3,0,0,Mostly Clear,0.55
2025-09-18 17:00:00,29.2,10,0,9,18,17,3,0,1,Clear,0.6
2025-09-18 18:00:00,28.4,5,0,9,18,18,3,0,1,Clear,0.6
2025-09-19 11:00:00,24.1,2,0,9,19,11,4,0,1,Clear,0.41
2025-09-19 12:00:00,26.4,0,0,9,19,12,4,0,1,Clear,0.45
2025-09-19 13:00:00,28.0,14,0,9,19,13,4,0,1,Clear,0.57
2025-09-19 14:00:00,28.6,14,0,9,19,14,4,0,1,Clear,0.57
2025-09-19 15:00:00,29.1,32,1,9,19,15,4,0,0,Mostly Clear,0.56
2025-09-19 16:00:00,29.1,17,0,9,19,16,4,0,1,Clear,0.6
2025-09-19 17:00:00,28.9,15,0,9,19,17,4,0,1,Clear,0.63
2025-09-19 18:00:00,27.5,26,51,9,19,18,4,0,0,Drizzle,0.22
2025-09-20 11:00:00,24.3,100,3,9,20,11,5,1,0,Overcast,0.31
2025-09-20 12:00:00,26.2,100,3,9,20,12,5,1,0,Overcast,0.34
2025-09-20 13:00:00,27.5,100,3,9,20,13,5,1,0,Overcast,0.38
2025-09-20 14:00:00,28.3,100,3,9,20,14,5,1,0,Overcast,0.45
2025-09-20 15:00:00,23.9,100,53,9,20,15,5,1,0,Drizzle,0.24
2025-09-20 16:00:00,24.6,100,3,9,20,16,5,1,0,Overcast,0.45
2025-09-20 17:00:00,25.4,100,51,9,20,17,5,1,0,Drizzle,0.25
2025-09-20 18:00:00,24.6,99,3,9,20,18,5,1,0,Overcast,0.43
2025-09-21 11:00:00,22.5,4,0,9,21,11,6,1,1,Clear,0.52
2025-09-21 12:00:00,24.0,30,1,9,21,12,6,1,0,Mostly Clear,0.52
2025-09-21 13:00:00,25.3,14,0,9,21,13,6,1,1,Clear,0.65
2025-09-21 14:00:00,26.4,67,2,9,21,14,6,1,0,Partly Cloudy,0.52
2025-09-21 15:00:00,26.0,94,53,9,21,15,6,1,0,Drizzle,0.25
2025-09-21 16:00:00,25.3,100,51,9,21,16,6,1,0,Drizzle,0.23
2025-09-21 17:00:00,25.4,100,3,9,21,17,6,1,0,Overcast,0.45
2025-09-21 18:00:00,24.9,100,3,9,21,18,6,1,0,Overcast,0.42
2025-09-22 11:00:00,24.0,99,3,9,22,11,0,0,0,Overcast,0.23
2025-09-22 12:00:00,25.1,100,3,9,22,12,0,0,0,Overcast,0.26
2025-09-22 13:00:00,26.1,81,3,9,22,13,0,0,0,Overcast,0.33
2025-09-22 14:00:00,26.6,97,3,9,22,14,0,0,0,Overcast,0.34
2025-09-22 15:00:00,26.8,98,51,9,22,15,0,0,0,Drizzle,0.22
2025-09-22 16:00:00,27.6,100,3,9,22,16,0,0,0,Overcast,0.33
2025-09-22 17:00:00,25.4,100,51,9,22,17,0,0,0,Drizzle,0.24
2025-09-22 18:00:00,24.4,100,3,9,22,18,0,0,0,Overcast,0.36
2025-09-23 11:00:00,20.8,100,51,9,23,11,1,0,0,Drizzle,0.12
2025-09-23 12:00:00,21.8,100,51,9,23,12,1,0,0,Drizzle,0.14
2025-09-23 13:00:00,20.8,92,63,9,23,13,1,0,0,Rain,0.09
2025-09-23 14:00:00,22.7,71,51,9,23,14,1,0,0,Drizzle,0.19
2025-09-23 15:00:00,22.2,78,53,9,23,15,1,0,0,Drizzle,0.2
2025-09-23 16:00:00,22.7,83,53,9,23,16,1,0,0,Drizzle,0.22
2025-09-23 17:00:00,23.5,32,51,9,23,17,1,0,0,Drizzle,0.22
2025-09-23 18:00:00,22.6,53,2,9,23,18,1,0,0,Partly Cloudy,0.47
2025-09-24 11:00:00,17.6,100,51,9,24,11,2,0,0,Drizzle,0.13
2025-09-24 12:00:00,18.3,100,53,9,24,12,2,0,0,Drizzle,0.13
2025-09-24 13:00:00,18.8,99,63,9,24,13,2,0,0,Rain,0.1
2025-09-24 14:00:00,19.6,97,63,9,24,14,2,0,0,Rain,0.13
2025-09-24 15:00:00,20.6,100,53,9,24,15,2,0,0,Drizzle,0.21
2025-09-24 16:00:00,20.9,90,3,9,24,16,2,0,0,Overcast,0.31
2025-09-24 17:00:00,21.6,23,1,9,24,17,2,0,0,Mostly Clear,0.45
2025-09-24 18:00:00,21.6,21,1,9,24,18,2,0,0,Mostly Clear,0.45
2025-09-25 11:00:00,18.8,100,61,9,25,11,3,0,0,Rain,0.1
2025-09-25 12:00:00,19.2,100,61,9,25,12,3,0,0,Rain,0.12
2025-09-25 13:00:00,19.7,100,51,9,25,13,3,0,0,Drizzle,0.18
2025-09-25 14:00:00,20.3,100,51,9,25,14,3,0,0,Drizzle,0.16
2025-09-25 15:00:00,21.0,14,51,9,25,15,3,0,0,Drizzle,0.18
2025-09-25 16:00:00,22.8,6,0,9,25,16,3,0,1,Clear,0.56
2025-09-25 17:00:00,22.9,18,0,9,25,17,3,0,1,Clear,0.54
2025-09-25 18:00:00,22.7,19,0,9,25,18,3,0,1,Clear,0.55
2025-09-26 11:00:00,19.7,4,0,9,26,11,4,0,1,Clear,0.3
2025-09-26 12:00:00,21.1,43,51,9,26,12,4,0,0,Drizzle,0.14
2025-09-26 13:00:00,22.1,23,1,9,26,13,4,0,0,Mostly Clear,0.45
2025-09-26 14:00:00,23.2,41,1,9,26,14,4,0,0,Mostly Clear,0.49
2025-09-26 15:00:00,23.6,46,1,9,26,15,4,0,0,Mostly Clear,0.52
2025-09-26 16:00:00,23.7,33,1,9,26,16,4,0,0,Mostly Clear,0.52
2025-09-26 17:00:00,23.8,17,0,9,26,17,4,0,1,Clear,0.54
2025-09-26 18:00:00,23.2,18,0,9,26,18,4,0,1,Clear,0.54
2025-09-27 11:00:00,20.7,100,3,9,27,11,5,1,0,Overcast,0.28
2025-09-27 12:00:00,23.1,100,3,9,27,12,5,1,0,Overcast,0.36
2025-09-27 13:00:00,23.5,100,3,9,27,13,5,1,0,Overcast,0.4
2025-09-27 14:00:00,23.5,100,51,9,27,14,5,1,0,Drizzle,0.23
2025-09-27 15:00:00,22.3,94,3,9,27,15,5,1,0,Overcast,0.41
2025-09-27 16:00:00,22.5,100,3,9,27,16,5,1,0,Overcast,0.42
2025-09-27 17:00:00,22.3,100,3,9,27,17,5,1,0,Overcast,0.42
2025-09-27 18:00:00,21.4,100,3,9,27,18,5,1,0,Overcast,0.39
2025-09-28 11:00:00,19.8,8,0,9,28,11,6,1,1,Clear,0.48
2025-09-28 12:00:00,22.0,1,0,9,28,12,6,1,1,Clear,0.58
2025-09-28 13:00:00,23.9,0,0,9,28,13,6,1,1,Clear,0.64
2025-09-28 14:00:00,25.2,0,0,9,28,14,6,1,1,Clear,0.65
2025-09-28 15:00:00,26.2,0,0,9,28,15,6,1,1,Clear,0.69
2025-09-28 16:00:00,26.7,0,0,9,28,16,6,1,1,Clear,0.71
2025-09-28 17:00:00,26.8,25,1,9,28,17,6,1,0,Mostly Clear,0.65
2025-09-28 18:00:00,25.6,50,2,9,28,18,6,1,0,Partly Cloudy,0.54
2025-09-29 11:00:00,20.4,100,3,9,29,11,0,0,0,Overcast,0.21
2025-09-29 12:00:00,22.4,100,3,9,29,12,0,0,0,Overcast,0.29
2025-09-29 13:00:00,24.0,96,3,9,29,13,0,0,0,Overcast,0.34
2025-09-29 14:00:00,25.3,96,3,9,29,14,0,0,0,Overcast,0.31
2025-09-29 15:00:00,25.9,100,3,9,29,15,0,0,0,Overcast,0.36
2025-09-29 16:00:00,25.8,100,3,9,29,16,0,0,0,Overcast,0.35
2025-09-29 17:00:00,25.6,100,3,9,29,17,0,0,0,Overcast,0.36
2025-09-29 18:00:00,24.4,100,3,9,29,18,0,0,0,Overcast,0.36
2025-09-30 11:00:00,22.2,99,3,9,30,11,1,0,0,Overcast,0.27
2025-09-30 12:00:00,23.9,100,3,9,30,12,1,0,0,Overcast,0.28
2025-09-30 13:00:00,24.8,100,3,9,30,13,1,0,0,Overcast,0.32
2025-09-30 14:00:00,25.4,90,3,9,30,14,1,0,0,Overcast,0.32
2025-09-30 15:00:00,25.7,77,2,9,30,15,1,0,0,Partly Cloudy,0.47
2025-09-30 16:00:00,25.8,24,1,9,30,16,1,0,0,Mostly Clear,0.51
2025-09-30 17:00:00,25.3,6,0,9,30,17,1,0,1,Clear,0.57
2025-09-30 18:00:00,23.9,4,0,9,30,18,1,0,1,Clear,0.54
2025-10-01 11:00:00,17.2,0,0,10,1,11,2,0,1,Clear,0.19
2025-10-01 12:00:00,18.9,0,0,10,1,12,2,0,1,Clear,0.23
2025-10-01 13:00:00,20.3,0,0,10,1,13,2,0,1,Clear,0.28
2025-10-01 14:00:00,21.9,0,0,10,1,14,2,0,1,Clear,0.3
2025-10-01 15:00:00,22.3,0,0,10,1,15,2,0,1,Clear,0.44
2025-10-01 16:00:00,22.2,0,0,10,1,16,2,0,1,Clear,0.39
2025-10-01 17:00:00,21.7,0,0,10,1,17,2,0,1,Clear,0.37
2025-10-01 18:00:00,20.4,0,0,10,1,18,2,0,1,Clear,0.34
2025-10-02 11:00:00,16.9,4,0,10,2,11,3,0,1,Clear,0.13
2025-10-02 12:00:00,18.7,20,1,10,2,12,3,0,0,Mostly Clear,0.22
2025-10-02 13:00:00,20.4,0,0,10,2,13,3,0,1,Clear,0.29
2025-10-02 14:00:00,22.0,0,0,10,2,14,3,0,1,Clear,0.37
2025-10-02 15:00:00,22.7,23,1,10,2,15,3,0,0,Mostly Clear,0.38
2025-10-02 16:00:00,22.9,69,2,10,2,16,3,0,0,Partly Cloudy,0.33
2025-10-02 17:00:00,22.6,37,1,10,2,17,3,0,0,Mostly Clear,0.39
2025-10-02 18:00:00,21.8,100,3,10,2,18,3,0,0,Overcast,0.22
2025-10-03 11:00:00,17.2,55,2,10,3,11,4,0,0,Partly Cloudy,0.13
2025-10-03 12:00:00,19.3,47,1,10,3,12,4,0,0,Mostly Clear,0.21
2025-10-03 13:00:00,21.1,44,1,10,3,13,4,0,0,Mostly Clear,0.28
2025-10-03 14:00:00,23.0,9,0,10,3,14,4,0,1,Clear,0.37
2025-10-03 15:00:00,23.9,0,0,10,3,15,4,0,1,Clear,0.43
2025-10-03 16:00:00,24.0,0,0,10,3,16,4,0,1,Clear,0.42
2025-10-03 17:00:00,23.8,0,0,10,3,17,4,0,1,Clear,0.4
2025-10-03 18:00:00,23.0,0,0,10,3,18,4,0,1,Clear,0.39
2025-10-04 11:00:00,19.2,25,1,10,4,11,5,1,0,Mostly Clear,0.27
2025-10-04 12:00:00,21.7,59,2,10,4,12,5,1,0,Partly Cloudy,0.28
2025-10-04 13:00:00,23.3,68,2,10,4,13,5,1,0,Partly Cloudy,0.43
2025-10-04 14:00:00,24.3,61,2,10,4,14,5,1,0,Partly Cloudy,0.41
2025-10-04 15:00:00,24.7,38,1,10,4,15,5,1,0,Mostly Clear,0.48
2025-10-04 16:00:00,24.8,2,0,10,4,16,5,1,1,Clear,0.55
2025-10-04 17:00:00,24.5,0,0,10,4,17,5,1,1,Clear,0.53
2025-10-04 18:00:00,23.1,0,0,10,4,18,5,1,1,Clear,0.52
2025-10-05 11:00:00,19.2,0,0,10,5,11,6,1,1,Clear,0.33
2025-10-05 12:00:00,21.5,0,0,10,5,12,6,1,1,Clear,0.37
2025-10-05 13:00:00,23.2,0,0,10,5,13,6,1,1,Clear,0.49
2025-10-05 14:00:00,25.2,0,0,10,5,14,6,1,1,Clear,0.51
2025-10-05 15:00:00,25.8,0,0,10,5,15,6,1,1,Clear,0.54
2025-10-05 16:00:00,25.8,0,0,10,5,16,6,1,1,Clear,0.56
2025-10-05 17:00:00,25.5,0,0,10,5,17,6,1,1,Clear,0.57
2025-10-05 18:00:00,24.1,0,0,10,5,18,6,1,1,Clear,0.53
2025-10-06 11:00:00,19.9,0,0,10,6,11,0,0,1,Clear,0.16
2025-10-06 12:00:00,21.9,0,0,10,6,12,0,0,1,Clear,0.2
2025-10-06 13:00:00,23.7,0,0,10,6,13,0,0,1,Clear,0.37
2025-10-06 14:00:00,25.6,0,0,10,6,14,0,0,1,Clear,0.39
2025-10-06 15:00:00,26.3,2,0,10,6,15,0,0,1,Clear,0.4
2025-10-06 16:00:00,27.0,58,2,10,6,16,0,0,0,Partly Cloudy,0.31
2025-10-06 17:00:00,26.7,31,1,10,6,17,0,0,0,Mostly Clear,0.4
2025-10-06 18:00:00,25.6,27,1,10,6,18,0,0,0,Mostly Clear,0.36
2025-10-07 11:00:00,18.9,100,51,10,7,11,1,0,0,Drizzle,0.07
2025-10-07 12:00:00,18.8,100,61,10,7,12,1,0,0,Rain,0.07
2025-10-07 13:00:00,18.5,100,63,10,7,13,1,0,0,Rain,0.09
2025-10-07 14:00:00,19.3,100,63,10,7,14,1,0,0,Rain,0.1
2025-10-07 15:00:00,19.4,100,51,10,7,15,1,0,0,Drizzle,0.13
2025-10-07 16:00:00,19.6,100,51,10,7,16,1,0,0,Drizzle,0.16
2025-10-07 17:00:00,19.1,100,61,10,7,17,1,0,0,Rain,0.09
2025-10-07 18:00:00,18.7,100,63,10,7,18,1,0,0,Rain,0.07
2025-10-08 11:00:00,15.6,1,0,10,8,11,2,0,1,Clear,0.09
2025-10-08 12:00:00,16.9,10,0,10,8,12,2,0,1,Clear,0.16
2025-10-08 13:00:00,17.5,26,1,10,8,13,2,0,0,Mostly Clear,0.28
2025-10-08 14:00:00,17.6,71,2,10,8,14,2,0,0,Partly Cloudy,0.24
2025-10-08 15:00:00,17.7,38,1,10,8,15,2,0,0,Mostly Clear,0.33
2025-10-08 16:00:00,17.5,8,0,10,8,16,2,0,1,Clear,0.34
2025-10-08 17:00:00,17.0,11,0,10,8,17,2,0,1,Clear,0.37
2025-10-08 18:00:00,15.8,5,0,10,8,18,2,0,1,Clear,0.28
2025-10-09 11:00:00,11.0,0,0,10,9,11,3,0,1,Clear,0.13
2025-10-09 12:00:00,12.4,0,0,10,9,12,3,0,1,Clear,0.14
2025-10-09 13:00:00,13.3,0,0,10,9,13,3,0,1,Clear,0.22
2025-10-09 14:00:00,14.4,0,0,10,9,14,3,0,1,Clear,0.25
2025-10-09 15:00:00,14.8,0,0,10,9,15,3,0,1,Clear,0.28
2025-10-09 16:00:00,14.8,0,0,10,9,16,3,0,1,Clear,0.28
2025-10-09 17:00:00,14.5,0,0,10,9,17,3,0,1,Clear,0.28
2025-10-09 18:00:00,13.5,0,0,10,9,18,3,0,1,Clear,0.28
2025-10-10 11:00:00,12.2,0,0,10,10,11,4,0,1,Clear,0.13
2025-10-10 12:00:00,14.1,0,0,10,10,12,4,0,1,Clear,0.19
2025-10-10 13:00:00,15.6,0,0,10,10,13,4,0,1,Clear,0.27
2025-10-10 14:00:00,17.3,0,0,10,10,14,4,0,1,Clear,0.31
2025-10-10 15:00:00,17.8,0,0,10,10,15,4,0,1,Clear,0.36
2025-10-10 16:00:00,18.1,0,0,10,10,16,4,0,1,Clear,0.35
2025-10-10 17:00:00,17.9,0,0,10,10,17,4,0,1,Clear,0.33
2025-10-10 18:00:00,16.6,0,0,10,10,18,4,0,1,Clear,0.29
2025-10-11 11:00:00,12.5,76,2,10,11,11,5,1,0,Partly Cloudy,0.21
2025-10-11 12:00:00,14.0,41,1,10,11,12,5,1,0,Mostly Clear,0.26
2025-10-11 13:00:00,16.0,55,2,10,11,13,5,1,0,Partly Cloudy,0.29
2025-10-11 14:00:00,16.7,80,3,10,11,14,5,1,0,Overcast,0.22
2025-10-11 15:00:00,17.8,30,1,10,11,15,5,1,0,Mostly Clear,0.43
2025-10-11 16:00:00,18.4,79,2,10,11,16,5,1,0,Partly Cloudy,0.4
2025-10-11 17:00:00,18.3,14,0,10,11,17,5,1,1,Clear,0.48
2025-10-11 18:00:00,17.4,90,3,10,11,18,5,1,0,Overcast,0.28
2025-10-12 11:00:00,15.9,99,3,10,12,11,6,1,0,Overcast,0.15
2025-10-12 12:00:00,17.3,100,51,10,12,12,6,1,0,Drizzle,0.12
2025-10-12 13:00:00,18.3,100,3,10,12,13,6,1,0,Overcast,0.28
2025-10-12 14:00:00,18.0,100,3,10,12,14,6,1,0,Overcast,0.25
2025-10-12 15:00:00,17.3,100,53,10,12,15,6,1,0,Drizzle,0.18
2025-10-12 16:00:00,17.8,84,3,10,12,16,6,1,0,Overcast,0.28
2025-10-12 17:00:00,17.9,52,2,10,12,17,6,1,0,Partly Cloudy,0.38
2025-10-12 18:00:00,17.3,42,1,10,12,18,6,1,0,Mostly Clear,0.43
2025-10-13 11:00:00,15.2,15,0,10,13,11,0,0,1,Clear,0.13
2025-10-13 12:00:00,17.6,100,3,10,13,12,0,0,0,Overcast,0.16
2025-10-13 13:00:00,17.5,100,3,10,13,13,0,0,0,Overcast,0.18
2025-10-13 14:00:00,16.5,100,3,10,13,14,0,0,0,Overcast,0.15
2025-10-13 15:00:00,17.6,41,1,10,13,15,0,0,0,Mostly Clear,0.31
2025-10-13 16:00:00,18.1,100,3,10,13,16,0,0,0,Overcast,0.23
2025-10-13 17:00:00,17.8,100,3,10,13,17,0,0,0,Overcast,0.21
2025-10-13 18:00:00,17.5,100,3,10,13,18,0,0,0,Overcast,0.21
2025-10-14 11:00:00,14.4,100,3,10,14,11,1,0,0,Overcast,0.1
2025-10-14 12:00:00,15.8,100,3,10,14,12,1,0,0,Overcast,0.12
2025-10-14 13:00:00,17.8,69,2,10,14,13,1,0,0,Partly Cloudy,0.26
2025-10-14 14:00:00,17.8,66,2,10,14,14,1,0,0,Partly Cloudy,0.25
2025-10-14 15:00:00,19.8,64,2,10,14,15,1,0,0,Partly Cloudy,0.27
2025-10-14 16:00:00,21.3,83,3,10,14,16,1,0,0,Overcast,0.23
2025-10-14 17:00:00,20.5,36,1,10,14,17,1,0,0,Mostly Clear,0.33
2025-10-14 18:00:00,19.2,20,1,10,14,18,1,0,0,Mostly Clear,0.3
2025-10-15 11:00:00,14.3,43,1,10,15,11,2,0,0,Mostly Clear,0.13
2025-10-15 12:00:00,15.7,90,3,10,15,12,2,0,0,Overcast,0.09
2025-10-15 13:00:00,16.2,5,0,10,15,13,2,0,1,Clear,0.25
2025-10-15 14:00:00,17.3,3,0,10,15,14,2,0,1,Clear,0.32
2025-10-15 15:00:00,17.7,100,3,10,15,15,2,0,0,Overcast,0.19
2025-10-15 16:00:00,17.4,70,2,10,15,16,2,0,0,Partly Cloudy,0.3
2025-10-15 17:00:00,17.2,63,2,10,15,17,2,0,0,Partly Cloudy,0.27
2025-10-15 18:00:00,16.4,16,0,10,15,18,2,0,1,Clear,0.3
2025-10-16 11:00:00,10.6,0,0,10,16,11,3,0,1,Clear,0.13
2025-10-16 12:00:00,12.1,0,0,10,16,12,3,0,1,Clear,0.18
2025-10-16 13:00:00,13.4,0,0,10,16,13,3,0,1,Clear,0.22
2025-10-16 14:00:00,14.7,0,0,10,16,14,3,0,1,Clear,0.22
2025-10-16 15:00:00,15.3,0,0,10,16,15,3,0,1,Clear,0.27
2025-10-16 16:00:00,15.4,0,0,10,16,16,3,0,1,Clear,0.29
2025-10-16 17:00:00,15.0,0,0,10,16,17,3,0,1,Clear,0.29
2025-10-16 18:00:00,13.7,0,0,10,16,18,3,0,1,Clear,0.31
2025-10-17 11:00:00,10.6,8,0,10,17,11,4,0,1,Clear,0.13
2025-10-17 12:00:00,12.7,31,1,10,17,12,4,0,0,Mostly Clear,0.14
2025-10-17 13:00:00,14.0,77,2,10,17,13,4,0,0,Partly Cloudy,0.19
2025-10-17 14:00:00,15.3,98,3,10,17,14,4,0,0,Overcast,0.17
2025-10-17 15:00:00,16.1,100,3,10,17,15,4,0,0,Overcast,0.16
2025-10-17 16:00:00,16.4,15,0,10,17,16,4,0,1,Clear,0.29
2025-10-17 17:00:00,16.3,37,1,10,17,17,4,0,0,Mostly Clear,0.25
2025-10-17 18:00:00,15.4,82,3,10,17,18,4,0,0,Overcast,0.2
2025-10-18 11:00:00,15.3,98,3,10,18,11,5,1,0,Overcast,0.15
2025-10-18 12:00:00,18.2,100,3,10,18,12,5,1,0,Overcast,0.24
2025-10-18 13:00:00,20.4,8,0,10,18,13,5,1,1,Clear,0.45
2025-10-18 14:00:00,22.9,0,0,10,18,14,5,1,1,Clear,0.49
2025-10-18 15:00:00,24.1,0,0,10,18,15,5,1,1,Clear,0.57
2025-10-18 16:00:00,24.5,9,0,10,18,16,5,1,1,Clear,0.55
2025-10-18 17:00:00,24.1,32,1,10,18,17,5,1,0,Mostly Clear,0.49
2025-10-18 18:00:00,22.1,96,3,10,18,18,5,1,0,Overcast,0.31
2025-10-19 11:00:00,22.2,81,3,10,19,11,6,1,0,Overcast,0.23
2025-10-19 12:00:00,23.2,98,3,10,19,12,6,1,0,Overcast,0.29
2025-10-19 13:00:00,24.2,95,3,10,19,13,6,1,0,Overcast,0.31
2025-10-19 14:00:00,23.6,100,3,10,19,14,6,1,0,Overcast,0.33
2025-10-19 15:00:00,17.7,100,63,10,19,15,6,1,0,Rain,0.11
2025-10-19 16:00:00,16.5,100,63,10,19,16,6,1,0,Rain,0.1
2025-10-19 17:00:00,15.8,100,63,10,19,17,6,1,0,Rain,0.11
2025-10-19 18:00:00,14.9,100,53,10,19,18,6,1,0,Drizzle,0.15
2025-10-20 11:00:00,11.7,21,51,10,20,11,0,0,0,Drizzle,0.06
2025-10-20 12:00:00,13.1,38,1,10,20,12,0,0,0,Mostly Clear,0.17
2025-10-20 13:00:00,13.7,96,3,10,20,13,0,0,0,Overcast,0.16
2025-10-20 14:00:00,13.7,98,3,10,20,14,0,0,0,Overcast,0.16
2025-10-20 15:00:00,13.9,98,3,10,20,15,0,0,0,Overcast,0.19
2025-10-20 16:00:00,14.1,38,1,10,20,16,0,0,0,Mostly Clear,0.25
2025-10-20 17:00:00,14.0,2,0,10,20,17,0,0,1,Clear,0.26
2025-10-20 18:00:00,13.0,2,0,10,20,18,0,0,1,Clear,0.28
2025-10-21 11:00:00,12.0,98,53,10,21,11,1,0,0,Drizzle,0.07
2025-10-21 12:00:00,10.8,100,63,10,21,12,1,0,0,Rain,0.08
2025-10-21 13:00:00,11.7,5,0,10,21,13,1,0,1,Clear,0.25
2025-10-21 14:00:00,14.1,100,3,10,21,14,1,0,0,Overcast,0.14
2025-10-21 15:00:00,14.8,56,2,10,21,15,1,0,0,Partly Cloudy,0.25
2025-10-21 16:00:00,15.5,0,0,10,21,16,1,0,1,Clear,0.3
2025-10-21 17:00:00,15.6,10,0,10,21,17,1,0,1,Clear,0.28
2025-10-21 18:00:00,14.5,29,1,10,21,18,1,0,0,Mostly Clear,0.26
2025-10-22 11:00:00,9.6,100,3,10,22,11,2,0,0,Overcast,0.08
2025-10-22 12:00:00,9.7,100,3,10,22,12,2,0,0,Overcast,0.08
2025-10-22 13:00:00,10.7,100,3,10,22,13,2,0,0,Overcast,0.14
2025-10-22 14:00:00,9.9,100,3,10,22,14,2,0,0,Overcast,0.11
2025-10-22 15:00:00,8.8,100,51,10,22,15,2,0,0,Drizzle,0.11
2025-10-22 16:00:00,8.5,100,51,10,22,16,2,0,0,Drizzle,0.1
2025-10-22 17:00:00,8.1,99,3,10,22,17,2,0,0,Overcast,0.14
2025-10-22 18:00:00,8.4,100,3,10,22,18,2,0,0,Overcast,0.14
2025-10-23 11:00:00,8.7,100,3,10,23,11,3,0,0,Overcast,0.07
2025-10-23 12:00:00,9.3,86,3,10,23,12,3,0,0,Overcast,0.07
2025-10-23 13:00:00,9.7,100,3,10,23,13,3,0,0,Overcast,0.14
2025-10-23 14:00:00,9.1,100,55,10,23,14,3,0,0,Drizzle,0.1
2025-10-23 15:00:00,9.7,96,3,10,23,15,3,0,0,Overcast,0.15
2025-10-23 16:00:00,10.5,100,3,10,23,16,3,0,0,Overcast,0.19
2025-10-23 17:00:00,10.3,16,0,10,23,17,3,0,1,Clear,0.29
2025-10-23 18:00:00,8.7,79,51,10,23,18,3,0,0,Drizzle,0.12
2025-10-24 11:00:00,7.3,80,3,10,24,11,4,0,0,Overcast,0.04
2025-10-24 12:00:00,8.5,25,1,10,24,12,4,0,0,Mostly Clear,0.12
2025-10-24 13:00:00,9.7,48,51,10,24,13,4,0,0,Drizzle,0.11
2025-10-24 14:00:00,10.5,94,3,10,24,14,4,0,0,Overcast,0.17
2025-10-24 15:00:00,10.3,78,2,10,24,15,4,0,0,Partly Cloudy,0.22
2025-10-24 16:00:00,10.3,85,3,10,24,16,4,0,0,Overcast,0.16
2025-10-24 17:00:00,10.0,63,2,10,24,17,4,0,0,Partly Cloudy,0.21
2025-10-24 18:00:00,9.3,35,1,10,24,18,4,0,0,Mostly Clear,0.24
2025-10-25 11:00:00,8.4,98,3,10,25,11,5,1,0,Overcast,0.13
2025-10-25 12:00:00,10.3,100,3,10,25,12,5,1,0,Overcast,0.16
2025-10-25 13:00:00,11.3,100,3,10,25,13,5,1,0,Overcast,0.24
2025-10-25 14:00:00,11.5,100,3,10,25,14,5,1,0,Overcast,0.22
2025-10-25 15:00:00,11.4,100,3,10,25,15,5,1,0,Overcast,0.28
2025-10-25 16:00:00,11.5,100,3,10,25,16,5,1,0,Overcast,0.25
2025-10-25 17:00:00,11.5,100,3,10,25,17,5,1,0,Overcast,0.28
2025-10-25 18:00:00,10.5,100,3,10,25,18,5,1,0,Overcast,0.24
2025-10-26 11:00:00,9.6,0,0,10,26,11,6,1,1,Clear,0.23
2025-10-26 12:00:00,11.7,0,0,10,26,12,6,1,1,Clear,0.32
2025-10-26 13:00:00,12.7,0,0,10,26,13,6,1,1,Clear,0.38
2025-10-26 14:00:00,13.1,2,0,10,26,14,6,1,1,Clear,0.4
2025-10-26 15:00:00,13.5,1,0,10,26,15,6,1,1,Clear,0.4
2025-10-26 16:00:00,13.4,5,0,10,26,16,6,1,1,Clear,0.44
2025-10-26 17:00:00,12.7,0,0,10,26,17,6,1,1,Clear,0.44
2025-10-26 18:00:00,11.0,0,0,10,26,18,6,1,1,Clear,0.44
2025-10-27 11:00:00,9.8,0,0,10,27,11,0,0,1,Clear,0.08
2025-10-27 12:00:00,11.8,15,0,10,27,12,0,0,1,Clear,0.14
2025-10-27 13:00:00,13.0,5,0,10,27,13,0,0,1,Clear,0.25
2025-10-27 14:00:00,14.3,53,2,10,27,14,0,0,0,Partly Cloudy,0.23
2025-10-27 15:00:00,14.5,74,2,10,27,15,0,0,0,Partly Cloudy,0.23
2025-10-27 16:00:00,14.1,72,2,10,27,16,0,0,0,Partly Cloudy,0.23
2025-10-27 17:00:00,13.3,97,3,10,27,17,0,0,0,Overcast,0.2
2025-10-27 18:00:00,11.8,100,3,10,27,18,0,0,0,Overcast,0.19
2025-10-28 11:00:00,8.3,0,0,10,28,11,1,0,1,Clear,0.06
2025-10-28 12:00:00,10.0,0,0,10,28,12,1,0,1,Clear,0.18
2025-10-28 13:00:00,11.0,0,0,10,28,13,1,0,1,Clear,0.27
2025-10-28 14:00:00,12.2,0,0,10,28,14,1,0,1,Clear,0.23
2025-10-28 15:00:00,12.5,0,0,10,28,15,1,0,1,Clear,0.3
2025-10-28 16:00:00,12.3,0,0,10,28,16,1,0,1,Clear,0.3
2025-10-28 17:00:00,11.6,0,0,10,28,17,1,0,1,Clear,0.31
2025-10-28 18:00:00,10.1,0,0,10,28,18,1,0,1,Clear,0.29
2025-10-29 11:00:00,9.0,98,3,10,29,11,2,0,0,Overcast,0.04
2025-10-29 12:00:00,10.5,100,3,10,29,12,2,0,0,Overcast,0.11
2025-10-29 13:00:00,11.8,100,3,10,29,13,2,0,0,Overcast,0.17
2025-10-29 14:00:00,11.4,100,3,10,29,14,2,0,0,Overcast,0.18
2025-10-29 15:00:00,11.1,100,51,10,29,15,2,0,0,Drizzle,0.14
2025-10-29 16:00:00,10.3,100,51,10,29,16,2,0,0,Drizzle,0.12
2025-10-29 17:00:00,9.6,100,51,10,29,17,2,0,0,Drizzle,0.08
2025-10-29 18:00:00,8.9,100,51,10,29,18,2,0,0,Drizzle,0.1
2025-10-30 11:00:00,8.8,100,53,10,30,11,3,0,0,Drizzle,0.04
2025-10-30 12:00:00,9.3,100,51,10,30,12,3,0,0,Drizzle,0.08
2025-10-30 13:00:00,9.5,100,61,10,30,13,3,0,0,Rain,0.08
2025-10-30 14:00:00,8.9,100,61,10,30,14,3,0,0,Rain,0.08
2025-10-30 15:00:00,9.3,62,55,10,30,15,3,0,0,Drizzle,0.13
2025-10-30 16:00:00,10.0,96,55,10,30,16,3,0,0,Drizzle,0.13
2025-10-30 17:00:00,10.0,100,53,10,30,17,3,0,0,Drizzle,0.12
2025-10-30 18:00:00,9.1,100,51,10,30,18,3,0,0,Drizzle,0.1
2025-10-31 11:00:00,7.8,3,0,10,31,11,4,0,1,Clear,0.07
2025-10-31 12:00:00,9.3,69,2,10,31,12,4,0,0,Partly Cloudy,0.09
2025-10-31 13:00:00,10.2,5,0,10,31,13,4,0,1,Clear,0.22
2025-10-31 14:00:00,10.8,100,3,10,31,14,4,0,0,Overcast,0.17
2025-10-31 15:00:00,10.4,100,3,10,31,15,4,0,0,Overcast,0.19
2025-10-31 16:00:00,10.6,88,3,10,31,16,4,0,0,Overcast,0.16
2025-10-31 17:00:00,9.9,60,2,10,31,17,4,0,0,Partly Cloudy,0.19
2025-10-31 18:00:00,9.7,95,3,10,31,18,4,0,0,Overcast,0.17
2025-11-01 11:00:00,8.9,14,0,11,1,11,5,1,1,Clear,0.08
2025-11-01 12:00:00,11.0,17,0,11,1,12,5,1,1,Clear,0.18
2025-11-01 13:00:00,11.8,38,51,11,1,13,5,1,0,Drizzle,0.13
2025-11-01 14:00:00,12.7,45,1,11,1,14,5,1,0,Mostly Clear,0.26
2025-11-01 15:00:00,13.2,98,3,11,1,15,5,1,0,Overcast,0.22
2025-11-01 16:00:00,13.2,100,3,11,1,16,5,1,0,Overcast,0.21
2025-11-01 17:00:00,12.5,95,3,11,1,17,5,1,0,Overcast,0.18
2025-11-01 18:00:00,10.9,64,2,11,1,18,5,1,0,Partly Cloudy,0.23
2025-11-02 11:00:00,7.5,99,3,11,2,11,6,1,0,Overcast,0.07
2025-11-02 12:00:00,9.1,100,3,11,2,12,6,1,0,Overcast,0.1
2025-11-02 13:00:00,10.5,96,3,11,2,13,6,1,0,Overcast,0.18
2025-11-02 14:00:00,12.2,9,0,11,2,14,6,1,1,Clear,0.29
2025-11-02 15:00:00,13.8,83,3,11,2,15,6,1,0,Overcast,0.22
2025-11-02 16:00:00,13.1,100,3,11,2,16,6,1,0,Overcast,0.18
2025-11-02 17:00:00,12.7,92,3,11,2,17,6,1,0,Overcast,0.19
2025-11-02 18:00:00,11.5,27,1,11,2,18,6,1,0,Mostly Clear,0.27
2025-11-03 11:00:00,9.1,77,2,11,3,11,0,0,0,Partly Cloudy,0.04
2025-11-03 12:00:00,10.5,100,3,11,3,12,0,0,0,Overcast,0.04
2025-11-03 13:00:00,10.0,73,2,11,3,13,0,0,0,Partly Cloudy,0.13
2025-11-03 14:00:00,11.8,30,1,11,3,14,0,0,0,Mostly Clear,0.14
2025-11-03 15:00:00,11.7,84,3,11,3,15,0,0,0,Overcast,0.1
2025-11-03 16:00:00,11.4,100,3,11,3,16,0,0,0,Overcast,0.13
2025-11-03 17:00:00,11.2,40,1,11,3,17,0,0,0,Mostly Clear,0.16
2025-11-03 18:00:00,10.9,41,1,11,3,18,0,0,0,Mostly Clear,0.18
2025-11-04 11:00:00,8.6,43,1,11,4,11,1,0,0,Mostly Clear,0.03
2025-11-04 12:00:00,10.9,1,0,11,4,12,1,0,1,Clear,0.08
2025-11-04 13:00:00,12.4,0,0,11,4,13,1,0,1,Clear,0.13
2025-11-04 14:00:00,13.8,0,0,11,4,14,1,0,1,Clear,0.15
2025-11-04 15:00:00,14.0,36,1,11,4,15,1,0,0,Mostly Clear,0.18
2025-11-04 16:00:00,13.9,10,0,11,4,16,1,0,1,Clear,0.17
2025-11-04 17:00:00,13.1,91,3,11,4,17,1,0,0,Overcast,0.14
2025-11-04 18:00:00,11.2,13,0,11,4,18,1,0,1,Clear,0.17
2025-11-05 11:00:00,12.0,46,1,11,5,11,2,0,0,Mostly Clear,0.03
2025-11-05 12:00:00,13.5,32,1,11,5,12,2,0,0,Mostly Clear,0.06
2025-11-05 13:00:00,14.9,0,0,11,5,13,2,0,1,Clear,0.14
2025-11-05 14:00:00,17.3,91,3,11,5,14,2,0,0,Overcast,0.14
2025-11-05 15:00:00,17.8,100,3,11,5,15,2,0,0,Overcast,0.16
2025-11-05 16:00:00,17.0,100,3,11,5,16,2,0,0,Overcast,0.18
2025-11-05 17:00:00,16.9,100,3,11,5,17,2,0,0,Overcast,0.14
2025-11-05 18:00:00,15.6,100,51,11,5,18,2,0,0,Drizzle,0.08
2025-11-06 11:00:00,7.8,0,0,11,6,11,3,0,1,Clear,0.01
2025-11-06 12:00:00,9.2,0,0,11,6,12,3,0,1,Clear,0.01
2025-11-06 13:00:00,10.2,30,1,11,6,13,3,0,0,Mostly Clear,0.13
2025-11-06 14:00:00,11.2,51,2,11,6,14,3,0,0,Partly Cloudy,0.1
2025-11-06 15:00:00,11.1,67,2,11,6,15,3,0,0,Partly Cloudy,0.13
2025-11-06 16:00:00,11.0,62,2,11,6,16,3,0,0,Partly Cloudy,0.16
2025-11-06 17:00:00,10.5,30,1,11,6,17,3,0,0,Mostly Clear,0.19
2025-11-06 18:00:00,8.3,80,3,11,6,18,3,0,0,Overcast,0.09
2025-11-07 11:00:00,11.9,100,3,11,7,11,4,0,0,Overcast,0.02
2025-11-07 12:00:00,14.0,100,3,11,7,12,4,0,0,Overcast,0.05
2025-11-07 13:00:00,15.4,100,3,11,7,13,4,0,0,Overcast,0.1
2025-11-07 14:00:00,17.0,100,51,11,7,14,4,0,0,Drizzle,0.07
2025-11-07 15:00:00,13.8,100,63,11,7,15,4,0,0,Rain,0.06
2025-11-07 16:00:00,13.5,100,51,11,7,16,4,0,0,Drizzle,0.07
2025-11-07 17:00:00,14.1,100,51,11,7,17,4,0,0,Drizzle,0.1
2025-11-07 18:00:00,13.5,100,51,11,7,18,4,0,0,Drizzle,0.07
2025-11-08 11:00:00,10.0,100,51,11,8,11,5,1,0,Drizzle,0.09
2025-11-08 12:00:00,10.7,100,3,11,8,12,5,1,0,Overcast,0.15
2025-11-08 13:00:00,13.2,88,51,11,8,13,5,1,0,Drizzle,0.11
2025-11-08 14:00:00,14.0,93,3,11,8,14,5,1,0,Overcast,0.16
2025-11-08 15:00:00,15.0,100,3,11,8,15,5,1,0,Overcast,0.19
2025-11-08 16:00:00,14.3,100,3,11,8,16,5,1,0,Overcast,0.18
2025-11-08 17:00:00,13.7,100,3,11,8,17,5,1,0,Overcast,0.2
2025-11-08 18:00:00,12.2,100,3,11,8,18,5,1,0,Overcast,0.21
2025-11-09 11:00:00,7.6,100,63,11,9,11,6,1,0,Rain,0.05
2025-11-09 12:00:00,7.8,100,61,11,9,12,6,1,0,Rain,0.04
2025-11-09 13:00:00,9.2,63,51,11,9,13,6,1,0,Drizzle,0.08
2025-11-09 14:00:00,10.8,92,3,11,9,14,6,1,0,Overcast,0.17
2025-11-09 15:00:00,11.3,88,51,11,9,15,6,1,0,Drizzle,0.11
2025-11-09 16:00:00,9.4,63,53,11,9,16,6,1,0,Drizzle,0.12
2025-11-09 17:00:00,9.6,95,3,11,9,17,6,1,0,Overcast,0.15
2025-11-09 18:00:00,8.0,100,51,11,9,18,6,1,0,Drizzle,0.12
2025-11-10 11:00:00,1.3,40,1,11,10,11,0,0,0,Mostly Clear,0.01
2025-11-10 12:00:00,2.4,69,2,11,10,12,0,0,0,Partly Cloudy,0.04
2025-11-10 13:00:00,2.6,28,71,11,10,13,0,0,0,Snow,0.04
2025-11-10 14:00:00,2.4,36,71,11,10,14,0,0,0,Snow,0.04
2025-11-10 15:00:00,2.5,38,71,11,10,15,0,0,0,Snow,0.03
2025-11-10 16:00:00,2.3,55,71,11,10,16,0,0,0,Snow,0.04
2025-11-10 17:00:00,1.8,29,1,11,10,17,0,0,0,Mostly Clear,0.12
2025-11-10 18:00:00,0.6,11,0,11,10,18,0,0,1,Clear,0.14
2025-11-11 11:00:00,-1.2,98,3,11,11,11,1,0,0,Overcast,0.02
2025-11-11 12:00:00,0.3,100,3,11,11,12,1,0,0,Overcast,0.05
2025-11-11 13:00:00,0.8,100,3,11,11,13,1,0,0,Overcast,0.05
2025-11-11 14:00:00,1.3,100,3,11,11,14,1,0,0,Overcast,0.04
2025-11-11 15:00:00,1.5,99,3,11,11,15,1,0,0,Overcast,0.07
2025-11-11 16:00:00,2.2,87,3,11,11,16,1,0,0,Overcast,0.09
2025-11-11 17:00:00,1.8,94,3,11,11,17,1,0,0,Overcast,0.06
2025-11-11 18:00:00,0.5,87,3,11,11,18,1,0,0,Overcast,0.09
2025-11-12 11:00:00,4.7,100,3,11,12,11,2,0,0,Overcast,0.03
2025-11-12 12:00:00,5.5,100,3,11,12,12,2,0,0,Overcast,0.05
2025-11-12 13:00:00,6.5,59,2,11,12,13,2,0,0,Partly Cloudy,0.07
2025-11-12 14:00:00,9.0,98,3,11,12,14,2,0,0,Overcast,0.08
2025-11-12 15:00:00,9.7,15,0,11,12,15,2,0,1,Clear,0.17
2025-11-12 16:00:00,10.2,99,3,11,12,16,2,0,0,Overcast,0.14
2025-11-12 17:00:00,9.1,19,0,11,12,17,2,0,1,Clear,0.14
2025-11-12 18:00:00,8.2,33,1,11,12,18,2,0,0,Mostly Clear,0.11
2025-11-13 11:00:00,6.3,0,0,11,13,11,3,0,1,Clear,0.05
2025-11-13 12:00:00,7.8,0,0,11,13,12,3,0,1,Clear,0.04
2025-11-13 13:00:00,8.8,0,0,11,13,13,3,0,1,Clear,0.08
2025-11-13 14:00:00,9.7,8,0,11,13,14,3,0,1,Clear,0.09
2025-11-13 15:00:00,9.9,2,0,11,13,15,3,0,1,Clear,0.14
2025-11-13 16:00:00,9.7,0,0,11,13,16,3,0,1,Clear,0.14
2025-11-13 17:00:00,9.1,0,0,11,13,17,3,0,1,Clear,0.16
2025-11-13 18:00:00,7.6,0,0,11,13,18,3,0,1,Clear,0.14
2025-11-14 11:00:00,4.4,100,3,11,14,11,4,0,0,Overcast,0.01
2025-11-14 12:00:00,5.6,99,3,11,14,12,4,0,0,Overcast,0.04
2025-11-14 13:00:00,6.7,30,1,11,14,13,4,0,0,Mostly Clear,0.07
2025-11-14 14:00:00,9.1,96,3,11,14,14,4,0,0,Overcast,0.05
2025-11-14 15:00:00,10.4,100,3,11,14,15,4,0,0,Overcast,0.13
2025-11-14 16:00:00,11.5,100,3,11,14,16,4,0,0,Overcast,0.11
2025-11-14 17:00:00,10.8,100,3,11,14,17,4,0,0,Overcast,0.1
2025-11-14 18:00:00,9.3,100,3,11,14,18,4,0,0,Overcast,0.12
2025-11-15 11:00:00,11.7,100,3,11,15,11,5,1,0,Overcast,0.08
2025-11-15 12:00:00,14.8,100,3,11,15,12,5,1,0,Overcast,0.12
2025-11-15 13:00:00,15.8,100,51,11,15,13,5,1,0,Drizzle,0.12
2025-11-15 14:00:00,15.9,100,3,11,15,14,5,1,0,Overcast,0.19
2025-11-15 15:00:00,16.2,100,3,11,15,15,5,1,0,Overcast,0.21
2025-11-15 16:00:00,16.5,100,3,11,15,16,5,1,0,Overcast,0.2
2025-11-15 17:00:00,16.4,100,3,11,15,17,5,1,0,Overcast,0.18
2025-11-15 18:00:00,16.3,100,3,11,15,18,5,1,0,Overcast,0.2
2025-11-16 11:00:00,6.7,77,2,11,16,11,6,1,0,Partly Cloudy,0.11
2025-11-16 12:00:00,6.5,56,51,11,16,12,6,1,0,Drizzle,0.06
2025-11-16 13:00:00,6.8,91,51,11,16,13,6,1,0,Drizzle,0.07
2025-11-16 14:00:00,7.5,95,3,11,16,14,6,1,0,Overcast,0.16
2025-11-16 15:00:00,6.9,100,3,11,16,15,6,1,0,Overcast,0.19
2025-11-16 16:00:00,5.0,91,3,11,16,16,6,1,0,Overcast,0.16
2025-11-16 17:00:00,5.3,100,3,11,16,17,6,1,0,Overcast,0.18
2025-11-16 18:00:00,5.0,99,3,11,16,18,6,1,0,Overcast,0.17
2025-11-17 11:00:00,2.6,12,0,11,17,11,0,0,1,Clear,0.01
2025-11-17 12:00:00,4.1,52,2,11,17,12,0,0,0,Partly Cloudy,0.04
2025-11-17 13:00:00,4.4,100,3,11,17,13,0,0,0,Overcast,0.07
2025-11-17 14:00:00,4.7,100,3,11,17,14,0,0,0,Overcast,0.06
2025-11-17 15:00:00,5.0,88,3,11,17,15,0,0,0,Overcast,0.12
2025-11-17 16:00:00,4.9,98,3,11,17,16,0,0,0,Overcast,0.06
2025-11-17 17:00:00,4.9,50,2,11,17,17,0,0,0,Partly Cloudy,0.11
2025-11-17 18:00:00,4.0,13,0,11,17,18,0,0,1,Clear,0.11
2025-11-18 11:00:00,1.5,100,3,11,18,11,1,0,0,Overcast,0.03
2025-11-18 12:00:00,3.7,100,3,11,18,12,1,0,0,Overcast,0.03
2025-11-18 13:00:00,3.5,100,3,11,18,13,1,0,0,Overcast,0.03
2025-11-18 14:00:00,3.7,100,51,11,18,14,1,0,0,Drizzle,0.04
2025-11-18 15:00:00,3.8,100,3,11,18,15,1,0,0,Overcast,0.06
2025-11-18 16:00:00,3.6,100,73,11,18,16,1,0,0,Snow,0.01
2025-11-18 17:00:00,3.2,100,3,11,18,17,1,0,0,Overcast,0.08
2025-11-18 18:00:00,2.7,100,3,11,18,18,1,0,0,Overcast,0.1
2025-11-19 11:00:00,3.8,100,3,11,19,11,2,0,0,Overcast,0.0
2025-11-19 12:00:00,5.3,88,3,11,19,12,2,0,0,Overcast,0.01
2025-11-19 13:00:00,6.6,73,2,11,19,13,2,0,0,Partly Cloudy,0.11
2025-11-19 14:00:00,6.2,100,3,11,19,14,2,0,0,Overcast,0.08
2025-11-19 15:00:00,6.9,100,3,11,19,15,2,0,0,Overcast,0.1
2025-11-19 16:00:00,7.4,100,3,11,19,16,2,0,0,Overcast,0.08
2025-11-19 17:00:00,7.4,100,3,11,19,17,2,0,0,Overcast,0.09
2025-11-19 18:00:00,6.3,100,3,11,19,18,2,0,0,Overcast,0.11
2025-11-20 11:00:00,2.3,100,3,11,20,11,3,0,0,Overcast,0.02
2025-11-20 12:00:00,3.3,100,3,11,20,12,3,0,0,Overcast,0.03
2025-11-20 13:00:00,4.1,100,3,11,20,13,3,0,0,Overcast,0.07
2025-11-20 14:00:00,3.8,100,3,11,20,14,3,0,0,Overcast,0.08
2025-11-20 15:00:00,4.4,100,3,11,20,15,3,0,0,Overcast,0.06
2025-11-20 16:00:00,4.6,100,3,11,20,16,3,0,0,Overcast,0.06
2025-11-20 17:00:00,4.6,100,3,11,20,17,3,0,0,Overcast,0.06
2025-11-20 18:00:00,4.3,100,3,11,20,18,3,0,0,Overcast,0.07
2025-11-21 11:00:00,5.9,100,3,11,21,11,4,0,0,Overcast,0.03
2025-11-21 12:00:00,6.9,100,3,11,21,12,4,0,0,Overcast,0.0
2025-11-21 13:00:00,7.4,100,3,11,21,13,4,0,0,Overcast,0.07
2025-11-21 14:00:00,7.4,100,3,11,21,14,4,0,0,Overcast,0.07
2025-11-21 15:00:00,7.7,100,3,11,21,15,4,0,0,Overcast,0.1
2025-11-21 16:00:00,7.8,100,3,11,21,16,4,0,0,Overcast,0.12
2025-11-21 17:00:00,8.0,100,3,11,21,17,4,0,0,Overcast,0.09
2025-11-21 18:00:00,7.7,100,3,11,21,18,4,0,0,Overcast,0.09
2025-11-22 11:00:00,7.2,55,2,11,22,11,5,1,0,Partly Cloudy,0.07
2025-11-22 12:00:00,8.5,16,0,11,22,12,5,1,1,Clear,0.15
2025-11-22 13:00:00,9.4,6,0,11,22,13,5,1,1,Clear,0.24
2025-11-22 14:00:00,9.5,20,1,11,22,14,5,1,0,Mostly Clear,0.23
2025-11-22 15:00:00,9.8,21,1,11,22,15,5,1,0,Mostly Clear,0.27
2025-11-22 16:00:00,9.2,27,1,11,22,16,5,1,0,Mostly Clear,0.27
2025-11-22 17:00:00,8.2,41,1,11,22,17,5,1,0,Mostly Clear,0.26
2025-11-22 18:00:00,6.5,50,2,11,22,18,5,1,0,Partly Cloudy,0.2
2025-11-23 11:00:00,7.1,22,1,11,23,11,6,1,0,Mostly Clear,0.08
2025-11-23 12:00:00,8.4,5,0,11,23,12,6,1,1,Clear,0.14
2025-11-23 13:00:00,9.6,14,0,11,23,13,6,1,1,Clear,0.26
2025-11-23 14:00:00,10.5,15,0,11,23,14,6,1,1,Clear,0.26
2025-11-23 15:00:00,10.9,6,0,11,23,15,6,1,1,Clear,0.33
2025-11-23 16:00:00,11.0,9,0,11,23,16,6,1,1,Clear,0.31
2025-11-23 17:00:00,10.1,0,0,11,23,17,6,1,1,Clear,0.33
2025-11-23 18:00:00,8.6,0,0,11,23,18,6,1,1,Clear,0.29
2025-11-24 11:00:00,4.5,98,3,11,24,11,0,0,0,Overcast,0.03
2025-11-24 12:00:00,6.6,100,3,11,24,12,0,0,0,Overcast,0.04
2025-11-24 13:00:00,8.2,100,3,11,24,13,0,0,0,Overcast,0.08
2025-11-24 14:00:00,9.5,100,3,11,24,14,0,0,0,Overcast,0.09
2025-11-24 15:00:00,10.3,100,3,11,24,15,0,0,0,Overcast,0.11
2025-11-24 16:00:00,10.2,100,3,11,24,16,0,0,0,Overcast,0.11
2025-11-24 17:00:00,9.3,100,3,11,24,17,0,0,0,Overcast,0.09
2025-11-24 18:00:00,8.0,100,3,11,24,18,0,0,0,Overcast,0.1
2025-11-25 11:00:00,8.2,100,61,11,25,11,1,0,0,Rain,0.04
2025-11-25 12:00:00,8.9,100,63,11,25,12,1,0,0,Rain,0.02
2025-11-25 13:00:00,9.4,100,61,11,25,13,1,0,0,Rain,0.04
2025-11-25 14:00:00,9.9,100,53,11,25,14,1,0,0,Drizzle,0.04
2025-11-25 15:00:00,10.8,100,53,11,25,15,1,0,0,Drizzle,0.06
2025-11-25 16:00:00,11.2,100,61,11,25,16,1,0,0,Rain,0.06
2025-11-25 17:00:00,11.1,100,61,11,25,17,1,0,0,Rain,0.05
2025-11-25 18:00:00,11.1,100,55,11,25,18,1,0,0,Drizzle,0.06
2025-11-26 11:00:00,12.8,75,51,11,26,11,2,0,0,Drizzle,0.01
2025-11-26 12:00:00,12.3,84,51,11,26,12,2,0,0,Drizzle,0.06
2025-11-26 13:00:00,11.3,100,51,11,26,13,2,0,0,Drizzle,0.09
2025-11-26 14:00:00,9.2,30,1,11,26,14,2,0,0,Mostly Clear,0.08
2025-11-26 15:00:00,10.0,21,1,11,26,15,2,0,0,Mostly Clear,0.16
2025-11-26 16:00:00,8.3,94,3,11,26,16,2,0,0,Overcast,0.08
2025-11-26 17:00:00,6.1,99,3,11,26,17,2,0,0,Overcast,0.08
2025-11-26 18:00:00,4.7,80,3,11,26,18,2,0,0,Overcast,0.07
2025-11-27 11:00:00,0.6,98,3,11,27,11,3,0,0,Overcast,0.01
2025-11-27 12:00:00,0.7,100,3,11,27,12,3,0,0,Overcast,0.02
2025-11-27 13:00:00,0.7,100,3,11,27,13,3,0,0,Overcast,0.05
2025-11-27 14:00:00,0.2,100,3,11,27,14,3,0,0,Overcast,0.06
2025-11-27 15:00:00,0.2,100,3,11,27,15,3,0,0,Overcast,0.09
2025-11-27 16:00:00,0.1,100,3,11,27,16,3,0,0,Overcast,0.1
2025-11-27 17:00:00,-0.1,100,3,11,27,17,3,0,0,Overcast,0.1
2025-11-27 18:00:00,-0.3,99,71,11,27,18,3,0,0,Snow,0.03
2025-11-28 11:00:00,-1.2,58,2,11,28,11,4,0,0,Partly Cloudy,0.03
2025-11-28 12:00:00,-0.5,33,71,11,28,12,4,0,0,Snow,0.03
2025-11-28 13:00:00,0.1,43,1,11,28,13,4,0,0,Mostly Clear,0.07
2025-11-28 14:00:00,-0.1,50,71,11,28,14,4,0,0,Snow,0.02
2025-11-28 15:00:00,-0.3,34,1,11,28,15,4,0,0,Mostly Clear,0.1
2025-11-28 16:00:00,0.3,95,3,11,28,16,4,0,0,Overcast,0.08
2025-11-28 17:00:00,-0.3,91,3,11,28,17,4,0,0,Overcast,0.06
2025-11-28 18:00:00,-1.1,95,3,11,28,18,4,0,0,Overcast,0.07
2025-11-29 11:00:00,-0.4,45,1,11,29,11,5,1,0,Mostly Clear,0.08
2025-11-29 12:00:00,0.5,55,2,11,29,12,5,1,0,Partly Cloudy,0.12
2025-11-29 13:00:00,1.0,99,3,11,29,13,5,1,0,Overcast,0.13
2025-11-29 14:00:00,1.1,97,3,11,29,14,5,1,0,Overcast,0.11
2025-11-29 15:00:00,1.4,100,3,11,29,15,5,1,0,Overcast,0.17
2025-11-29 16:00:00,0.9,100,3,11,29,16,5,1,0,Overcast,0.18
2025-11-29 17:00:00,0.7,100,3,11,29,17,5,1,0,Overcast,0.17
2025-11-29 18:00:00,-0.3,100,3,11,29,18,5,1,0,Overcast,0.18
2025-11-30 11:00:00,5.3,100,51,11,30,11,6,1,0,Drizzle,0.03
2025-11-30 12:00:00,5.8,100,3,11,30,12,6,1,0,Overcast,0.11
2025-11-30 13:00:00,6.0,100,53,11,30,13,6,1,0,Drizzle,0.12
2025-11-30 14:00:00,5.7,100,51,11,30,14,6,1,0,Drizzle,0.08
2025-11-30 15:00:00,4.1,99,3,11,30,15,6,1,0,Overcast,0.17
2025-11-30 16:00:00,3.3,100,3,11,30,16,6,1,0,Overcast,0.14
2025-11-30 17:00:00,1.3,89,3,11,30,17,6,1,0,Overcast,0.17
2025-11-30 18:00:00,-0.3,91,3,11,30,18,6,1,0,Overcast,0.14
2025-12-01 11:00:00,-0.7,100,3,12,1,11,0,0,0,Overcast,0.04
2025-12-01 12:00:00,-0.2,100,3,12,1,12,0,0,0,Overcast,0.03
2025-12-01 13:00:00,0.2,100,3,12,1,13,0,0,0,Overcast,0.01
2025-12-01 14:00:00,0.3,100,3,12,1,14,0,0,0,Overcast,0.01
2025-12-01 15:00:00,0.6,100,3,12,1,15,0,0,0,Overcast,0.03
2025-12-01 16:00:00,0.6,100,3,12,1,16,0,0,0,Overcast,0.05
2025-12-02 11:00:00,-0.3,100,71,12,2,11,1,0,0,Snow,0.05
2025-12-02 12:00:00,-0.1,100,3,12,2,12,1,0,0,Overcast,0.0
2025-12-02 13:00:00,0.1,100,3,12,2,13,1,0,0,Overcast,0.02
2025-12-02 14:00:00,0.3,100,3,12,2,14,1,0,0,Overcast,0.04
2025-12-02 15:00:00,0.4,100,3,12,2,15,1,0,0,Overcast,0.05
2025-12-02 16:00:00,0.2,100,3,12,2,16,1,0,0,Overcast,0.07
2025-12-03 11:00:00,-2.2,100,3,12,3,11,2,0,0,Overcast,0.02
2025-12-03 12:00:00,-1.9,100,3,12,3,12,2,0,0,Overcast,0.04
2025-12-03 13:00:00,-1.9,100,3,12,3,13,2,0,0,Overcast,0.0
2025-12-03 14:00:00,-1.6,100,3,12,3,14,2,0,0,Overcast,0.02
2025-12-03 15:00:00,-1.9,100,3,12,3,15,2,0,0,Overcast,0.06
2025-12-03 16:00:00,-2.0,100,3,12,3,16,2,0,0,Overcast,0.07
2025-12-04 11:00:00,-1.8,100,3,12,4,11,3,0,0,Overcast,0.04
2025-12-04 12:00:00,-1.2,100,3,12,4,12,3,0,0,Overcast,0.01
2025-12-04 13:00:00,-1.2,100,3,12,4,13,3,0,0,Overcast,0.03
2025-12-04 14:00:00,-1.0,100,3,12,4,14,3,0,0,Overcast,0.02
2025-12-04 15:00:00,-1.6,100,3,12,4,15,3,0,0,Overcast,0.05
2025-12-04 16:00:00,-2.4,100,3,12,4,16,3,0,0,Overcast,0.06
2025-12-05 11:00:00,-4.1,100,3,12,5,11,4,0,0,Overcast,0.02
2025-12-05 12:00:00,-2.2,100,3,12,5,12,4,0,0,Overcast,0.01
2025-12-05 13:00:00,-1.6,100,3,12,5,13,4,0,0,Overcast,0.03
2025-12-05 14:00:00,-1.8,100,3,12,5,14,4,0,0,Overcast,0.03
2025-12-05 15:00:00,-1.3,100,3,12,5,15,4,0,0,Overcast,0.03
2025-12-05 16:00:00,-1.1,100,3,12,5,16,4,0,0,Overcast,0.06
2025-12-06 11:00:00,-1.7,100,3,12,6,11,5,1,0,Overcast,0.02
2025-12-06 12:00:00,-0.9,100,3,12,6,12,5,1,0,Overcast,0.08
2025-12-06 13:00:00,-0.2,100,3,12,6,13,5,1,0,Overcast,0.1
2025-12-06 14:00:00,0.6,100,3,12,6,14,5,1,0,Overcast,0.09
2025-12-06 15:00:00,0.6,100,3,12,6,15,5,1,0,Overcast,0.13
2025-12-06 16:00:00,0.5,100,3,12,6,16,5,1,0,Overcast,0.12
2025-12-07 11:00:00,0.5,100,3,12,7,11,6,1,0,Overcast,0.02
2025-12-07 12:00:00,1.3,100,3,12,7,12,6,1,0,Overcast,0.05
2025-12-07 13:00:00,2.0,100,3,12,7,13,6,1,0,Overcast,0.12
2025-12-07 14:00:00,2.2,100,3,12,7,14,6,1,0,Overcast,0.08
2025-12-07 15:00:00,2.1,100,3,12,7,15,6,1,0,Overcast,0.11
2025-12-07 16:00:00,2.1,100,3,12,7,16,6,1,0,Overcast,0.11
2025-12-08 11:00:00,-5.5,100,3,12,8,11,0,0,0,Overcast,0.01
2025-12-08 12:00:00,-4.6,100,3,12,8,12,0,0,0,Overcast,0.03
2025-12-08 13:00:00,-3.7,100,3,12,8,13,0,0,0,Overcast,0.02
2025-12-08 14:00:00,-3.4,100,3,12,8,14,0,0,0,Overcast,0.02
2025-12-08 15:00:00,-2.9,100,3,12,8,15,0,0,0,Overcast,0.07
2025-12-08 16:00:00,-3.1,100,3,12,8,16,0,0,0,Overcast,0.04
2025-12-09 11:00:00,-4.1,3,0,12,9,11,1,0,1,Clear,0.03
2025-12-09 12:00:00,-2.1,96,3,12,9,12,1,0,0,Overcast,0.02
2025-12-09 13:00:00,-0.2,100,3,12,9,13,1,0,0,Overcast,0.02
2025-12-09 14:00:00,-1.0,100,3,12,9,14,1,0,0,Overcast,0.03
2025-12-09 15:00:00,-0.8,100,3,12,9,15,1,0,0,Overcast,0.06
2025-12-09 16:00:00,-0.1,99,3,12,9,16,1,0,0,Overcast,0.05
2025-12-10 11:00:00,2.3,100,71,12,10,11,2,0,0,Snow,0.02
2025-12-10 12:00:00,1.9,100,73,12,10,12,2,0,0,Snow,0.04
2025-12-10 13:00:00,2.1,100,71,12,10,13,2,0,0,Snow,0.01
2025-12-10 14:00:00,2.7,100,53,12,10,14,2,0,0,Drizzle,0.04
2025-12-10 15:00:00,2.9,100,53,12,10,15,2,0,0,Drizzle,0.03
2025-12-10 16:00:00,2.8,100,53,12,10,16,2,0,0,Drizzle,0.03
2025-12-11 11:00:00,-3.6,100,3,12,11,11,3,0,0,Overcast,0.01
2025-12-11 12:00:00,-3.4,100,3,12,11,12,3,0,0,Overcast,0.0
2025-12-11 13:00:00,-2.6,100,3,12,11,13,3,0,0,Overcast,0.01
2025-12-11 14:00:00,-2.3,98,3,12,11,14,3,0,0,Overcast,0.02
2025-12-11 15:00:00,-2.2,100,3,12,11,15,3,0,0,Overcast,0.06
2025-12-11 16:00:00,-2.2,100,3,12,11,16,3,0,0,Overcast,0.03
2025-12-12 11:00:00,-2.1,97,3,12,12,11,4,0,0,Overcast,0.04
2025-12-12 12:00:00,-1.6,87,3,12,12,12,4,0,0,Overcast,0.04
2025-12-12 13:00:00,-0.9,93,3,12,12,13,4,0,0,Overcast,0.05
2025-12-12 14:00:00,-0.8,95,3,12,12,14,4,0,0,Overcast,0.02
2025-12-12 15:00:00,-0.3,86,3,12,12,15,4,0,0,Overcast,0.06
2025-12-12 16:00:00,-0.3,42,1,12,12,16,4,0,0,Mostly Clear,0.09
2025-12-13 11:00:00,0.2,100,71,12,13,11,5,1,0,Snow,0.03
2025-12-13 12:00:00,1.1,100,3,12,13,12,5,1,0,Overcast,0.04
2025-12-13 13:00:00,1.1,100,3,12,13,13,5,1,0,Overcast,0.08
2025-12-13 14:00:00,1.2,100,3,12,13,14,5,1,0,Overcast,0.12
2025-12-13 15:00:00,1.3,100,71,12,13,15,5,1,0,Snow,0.03
2025-12-13 16:00:00,0.5,100,73,12,13,16,5,1,0,Snow,0.03
2025-12-14 11:00:00,-9.7,100,71,12,14,11,6,1,0,Snow,0.01
2025-12-14 12:00:00,-10.1,98,71,12,14,12,6,1,0,Snow,0.04
2025-12-14 13:00:00,-10.5,100,71,12,14,13,6,1,0,Snow,0.02
2025-12-14 14:00:00,-10.4,96,71,12,14,14,6,1,0,Snow,0.02
2025-12-14 15:00:00,-10.5,80,3,12,14,15,6,1,0,Overcast,0.13
2025-12-14 16:00:00,-10.7,77,2,12,14,16,6,1,0,Partly Cloudy,0.16
2025-12-15 11:00:00,-13.0,100,3,12,15,11,0,0,0,Overcast,0.01
2025-12-15 12:00:00,-12.1,95,3,12,15,12,0,0,0,Overcast,0.01
2025-12-15 13:00:00,-11.1,100,3,12,15,13,0,0,0,Overcast,0.01
2025-12-15 14:00:00,-9.5,100,3,12,15,14,0,0,0,Overcast,0.01
2025-12-15 15:00:00,-9.3,100,71,12,15,15,0,0,0,Snow,0.04
2025-12-15 16:00:00,-8.8,98,3,12,15,16,0,0,0,Overcast,0.07
2025-12-16 11:00:00,-8.0,23,1,12,16,11,1,0,0,Mostly Clear,0.01
2025-12-16 12:00:00,-6.1,100,3,12,16,12,1,0,0,Overcast,0.04
2025-12-16 13:00:00,-4.4,98,3,12,16,13,1,0,0,Overcast,0.04
2025-12-16 14:00:00,-1.6,100,3,12,16,14,1,0,0,Overcast,0.04
2025-12-16 15:00:00,-1.0,100,3,12,16,15,1,0,0,Overcast,0.03
2025-12-16 16:00:00,-0.5,99,3,12,16,16,1,0,0,Overcast,0.05
2025-12-17 11:00:00,4.4,95,3,12,17,11,2,0,0,Overcast,0.03
2025-12-17 12:00:00,4.8,100,3,12,17,12,2,0,0,Overcast,0.01
2025-12-17 13:00:00,5.1,11,0,12,17,13,2,0,1,Clear,0.04
2025-12-17 14:00:00,7.4,1,0,12,17,14,2,0,1,Clear,0.07
2025-12-17 15:00:00,6.6,98,3,12,17,15,2,0,0,Overcast,0.05
2025-12-17 16:00:00,5.9,16,0,12,17,16,2,0,1,Clear,0.08
2025-12-18 11:00:00,5.4,27,1,12,18,11,3,0,0,Mostly Clear,0.03
2025-12-18 12:00:00,9.6,48,1,12,18,12,3,0,0,Mostly Clear,0.04
2025-12-18 13:00:00,11.3,66,2,12,18,13,3,0,0,Partly Cloudy,0.1
2025-12-18 14:00:00,12.4,100,3,12,18,14,3,0,0,Overcast,0.06
2025-12-18 15:00:00,13.4,100,3,12,18,15,3,0,0,Overcast,0.08
2025-12-18 16:00:00,12.5,100,3,12,18,16,3,0,0,Overcast,0.07
2025-12-19 11:00:00,0.8,100,51,12,19,11,4,0,0,Drizzle,0.03
2025-12-19 12:00:00,-1.5,100,71,12,19,12,4,0,0,Snow,0.01
2025-12-19 13:00:00,-2.9,100,3,12,19,13,4,0,0,Overcast,0.01
2025-12-19 14:00:00,-3.5,100,71,12,19,14,4,0,0,Snow,0.0
2025-12-19 15:00:00,-3.5,100,71,12,19,15,4,0,0,Snow,0.05
2025-12-19 16:00:00,-3.9,100,71,12,19,16,4,0,0,Snow,0.03
2025-12-20 11:00:00,-1.8,96,3,12,20,11,5,1,0,Overcast,0.04
2025-12-20 12:00:00,1.2,100,3,12,20,12,5,1,0,Overcast,0.06
2025-12-20 13:00:00,3.6,100,3,12,20,13,5,1,0,Overcast,0.08
2025-12-20 14:00:00,4.2,89,3,12,20,14,5,1,0,Overcast,0.08
2025-12-20 15:00:00,5.3,100,3,12,20,15,5,1,0,Overcast,0.12
2025-12-20 16:00:00,6.5,100,3,12,20,16,5,1,0,Overcast,0.13
2025-12-21 11:00:00,0.4,99,3,12,21,11,6,1,0,Overcast,0.03
2025-12-21 12:00:00,0.4,100,3,12,21,12,6,1,0,Overcast,0.04
2025-12-21 13:00:00,0.6,38,1,12,21,13,6,1,0,Mostly Clear,0.16
2025-12-21 14:00:00,1.6,12,0,12,21,14,6,1,1,Clear,0.13
2025-12-21 15:00:00,1.7,1,0,12,21,15,6,1,1,Clear,0.21
2025-12-21 16:00:00,1.0,0,0,12,21,16,6,1,1,Clear,0.17
2025-12-22 11:00:00,-1.9,88,3,12,22,11,0,0,0,Overcast,0.05
2025-12-22 12:00:00,0.8,74,2,12,22,12,0,0,0,Partly Cloudy,0.03
2025-12-22 13:00:00,3.0,97,3,12,22,13,0,0,0,Overcast,0.02
2025-12-22 14:00:00,3.7,84,3,12,22,14,0,0,0,Overcast,0.02
2025-12-22 15:00:00,4.8,100,3,12,22,15,0,0,0,Overcast,0.03
2025-12-22 16:00:00,4.9,100,3,12,22,16,0,0,0,Overcast,0.07
2025-12-23 11:00:00,4.1,100,51,12,23,11,1,0,0,Drizzle,0.01
2025-12-23 12:00:00,4.9,100,51,12,23,12,1,0,0,Drizzle,0.01
2025-12-23 13:00:00,5.5,100,3,12,23,13,1,0,0,Overcast,0.04
2025-12-23 14:00:00,5.9,100,3,12,23,14,1,0,0,Overcast,0.06
2025-12-23 15:00:00,6.3,100,3,12,23,15,1,0,0,Overcast,0.08
2025-12-23 16:00:00,6.5,100,3,12,23,16,1,0,0,Overcast,0.08
2025-12-24 11:00:00,1.6,90,3,12,24,11,2,0,0,Overcast,0.05
2025-12-24 12:00:00,2.7,95,3,12,24,12,2,0,0,Overcast,0.03
2025-12-24 13:00:00,3.7,100,3,12,24,13,2,0,0,Overcast,0.03
2025-12-24 14:00:00,4.8,98,3,12,24,14,2,0,0,Overcast,0.02
2025-12-24 15:00:00,5.5,99,3,12,24,15,2,0,0,Overcast,0.07
2025-12-24 16:00:00,5.3,100,3,12,24,16,2,0,0,Overcast,0.04
2025-12-25 11:00:00,5.3,73,2,12,25,11,3,0,0,Partly Cloudy,0.0
2025-12-25 12:00:00,6.7,52,2,12,25,12,3,0,0,Partly Cloudy,0.01
2025-12-25 13:00:00,7.5,99,3,12,25,13,3,0,0,Overcast,0.06
2025-12-25 14:00:00,7.5,66,2,12,25,14,3,0,0,Partly Cloudy,0.05
2025-12-25 15:00:00,7.7,66,2,12,25,15,3,0,0,Partly Cloudy,0.08
2025-12-25 16:00:00,7.0,44,1,12,25,16,3,0,0,Mostly Clear,0.09
2025-12-26 11:00:00,2.2,100,51,12,26,11,4,0,0,Drizzle,0.04
2025-12-26 12:00:00,3.3,100,3,12,26,12,4,0,0,Overcast,0.03
2025-12-26 13:00:00,2.8,100,53,12,26,13,4,0,0,Drizzle,0.02
2025-12-26 14:00:00,3.4,100,53,12,26,14,4,0,0,Drizzle,0.05
2025-12-26 15:00:00,4.1,100,55,12,26,15,4,0,0,Drizzle,0.06
2025-12-26 16:00:00,5.9,100,53,12,26,16,4,0,0,Drizzle,0.07
2025-12-27 11:00:00,1.4,100,3,12,27,11,5,1,0,Overcast,0.02
2025-12-27 12:00:00,1.6,100,3,12,27,12,5,1,0,Overcast,0.07
2025-12-27 13:00:00,2.1,100,3,12,27,13,5,1,0,Overcast,0.11
2025-12-27 14:00:00,2.1,100,3,12,27,14,5,1,0,Overcast,0.11
2025-12-27 15:00:00,2.2,100,3,12,27,15,5,1,0,Overcast,0.12
2025-12-27 16:00:00,2.4,100,3,12,27,16,5,1,0,Overcast,0.12
2025-12-28 11:00:00,4.0,100,61,12,28,11,6,1,0,Rain,0.03
2025-12-28 12:00:00,6.2,100,51,12,28,12,6,1,0,Drizzle,0.06
2025-12-28 13:00:00,7.9,100,3,12,28,13,6,1,0,Overcast,0.14
2025-12-28 14:00:00,8.6,100,3,12,28,14,6,1,0,Overcast,0.1
2025-12-28 15:00:00,9.6,100,3,12,28,15,6,1,0,Overcast,0.16
2025-12-28 16:00:00,10.8,100,3,12,28,16,6,1,0,Overcast,0.19
2025-12-29 11:00:00,1.1,100,3,12,29,11,0,0,0,Overcast,0.01
2025-12-29 12:00:00,-0.7,100,3,12,29,12,0,0,0,Overcast,0.03
2025-12-29 13:00:00,-2.0,100,3,12,29,13,0,0,0,Overcast,0.01
2025-12-29 14:00:00,-2.4,100,71,12,29,14,0,0,0,Snow,0.04
2025-12-29 15:00:00,-3.8,100,3,12,29,15,0,0,0,Overcast,0.03
2025-12-29 16:00:00,-4.7,81,71,12,29,16,0,0,0,Snow,0.02
2025-12-30 11:00:00,-5.2,79,2,12,30,11,1,0,0,Partly Cloudy,0.02
2025-12-30 12:00:00,-4.7,96,3,12,30,12,1,0,0,Overcast,0.01
2025-12-30 13:00:00,-4.5,100,3,12,30,13,1,0,0,Overcast,0.01
2025-12-30 14:00:00,-4.7,100,71,12,30,14,1,0,0,Snow,0.02
2025-12-30 15:00:00,-5.2,100,71,12,30,15,1,0,0,Snow,0.0
2025-12-30 16:00:00,-5.0,100,3,12,30,16,1,0,0,Overcast,0.04
2025-12-31 11:00:00,-4.5,100,71,12,31,11,2,0,0,Snow,0.03
2025-12-31 12:00:00,-3.9,100,71,12,31,12,2,0,0,Snow,0.04
2025-12-31 13:00:00,-3.4,100,71,12,31,13,2,0,0,Snow,0.01
2025-12-31 14:00:00,-2.7,100,3,12,31,14,2,0,0,Overcast,0.03
2025-12-31 15:00:00,-2.6,100,71,12,31,15,2,0,0,Snow,0.04
2025-12-31 16:00:00,-2.4,100,71,12,31,16,2,0,0,Snow,0.03
2026-01-01 11:00:00,-9.9,94,3,1,1,11,3,0,0,Overcast,0.02
2026-01-01 12:00:00,-9.6,100,3,1,1,12,3,0,0,Overcast,0.03
2026-01-01 13:00:00,-9.3,100,3,1,1,13,3,0,0,Overcast,0.0
2026-01-01 14:00:00,-8.5,100,3,1,1,14,3,0,0,Overcast,0.04
2026-01-01 15:00:00,-8.4,97,3,1,1,15,3,0,0,Overcast,0.07
2026-01-01 16:00:00,-8.4,99,3,1,1,16,3,0,0,Overcast,0.02
2026-01-02 11:00:00,-6.0,82,3,1,2,11,4,0,0,Overcast,0.01
2026-01-02 12:00:00,-5.5,69,2,1,2,12,4,0,0,Partly Cloudy,0.05
2026-01-02 13:00:00,-5.0,52,2,1,2,13,4,0,0,Partly Cloudy,0.0
2026-01-02 14:00:00,-4.1,88,3,1,2,14,4,0,0,Overcast,0.04
2026-01-02 15:00:00,-4.4,100,3,1,2,15,4,0,0,Overcast,0.05
2026-01-02 16:00:00,-4.7,97,3,1,2,16,4,0,0,Overcast,0.04
2026-01-03 11:00:00,-7.8,100,3,1,3,11,5,1,0,Overcast,0.04
2026-01-03 12:00:00,-6.6,100,3,1,3,12,5,1,0,Overcast,0.08
2026-01-03 13:00:00,-5.8,100,3,1,3,13,5,1,0,Overcast,0.12
2026-01-03 14:00:00,-5.4,100,3,1,3,14,5,1,0,Overcast,0.11
2026-01-03 15:00:00,-5.0,100,3,1,3,15,5,1,0,Overcast,0.13
2026-01-03 16:00:00,-4.8,100,3,1,3,16,5,1,0,Overcast,0.12
2026-01-04 11:00:00,-4.1,100,3,1,4,11,6,1,0,Overcast,0.02
2026-01-04 12:00:00,-3.3,100,3,1,4,12,6,1,0,Overcast,0.07
2026-01-04 13:00:00,-2.9,100,3,1,4,13,6,1,0,Overcast,0.1
2026-01-04 14:00:00,-2.8,100,3,1,4,14,6,1,0,Overcast,0.08
2026-01-04 15:00:00,-2.6,100,3,1,4,15,6,1,0,Overcast,0.11
2026-01-04 16:00:00,-2.7,100,3,1,4,16,6,1,0,Overcast,0.15
2026-01-05 11:00:00,-2.2,63,2,1,5,11,0,0,0,Partly Cloudy,0.02
2026-01-05 12:00:00,0.7,31,1,1,5,12,0,0,0,Mostly Clear,0.04
2026-01-05 13:00:00,2.8,100,3,1,5,13,0,0,0,Overcast,0.03
2026-01-05 14:00:00,4.9,98,3,1,5,14,0,0,0,Overcast,0.02
2026-01-05 15:00:00,5.1,100,3,1,5,15,0,0,0,Overcast,0.07
2026-01-05 16:00:00,5.6,97,3,1,5,16,0,0,0,Overcast,0.05
2026-01-06 11:00:00,4.1,100,3,1,6,11,1,0,0,Overcast,0.03
2026-01-06 12:00:00,5.6,99,3,1,6,12,1,0,0,Overcast,0.02
2026-01-06 13:00:00,7.6,100,3,1,6,13,1,0,0,Overcast,0.06
2026-01-06 14:00:00,9.7,100,3,1,6,14,1,0,0,Overcast,0.03
2026-01-06 15:00:00,8.7,100,51,1,6,15,1,0,0,Drizzle,0.03
2026-01-06 16:00:00,7.8,100,51,1,6,16,1,0,0,Drizzle,0.03
2026-01-07 11:00:00,5.8,100,3,1,7,11,2,0,0,Overcast,0.04
2026-01-07 12:00:00,6.2,100,3,1,7,12,2,0,0,Overcast,0.0
2026-01-07 13:00:00,7.3,100,3,1,7,13,2,0,0,Overcast,0.05
2026-01-07 14:00:00,7.3,100,3,1,7,14,2,0,0,Overcast,0.06
2026-01-07 15:00:00,8.4,100,3,1,7,15,2,0,0,Overcast,0.07
2026-01-07 16:00:00,8.1,100,3,1,7,16,2,0,0,Overcast,0.06
2026-01-08 11:00:00,2.2,100,3,1,8,11,3,0,0,Overcast,0.03
2026-01-08 12:00:00,3.0,96,3,1,8,12,3,0,0,Overcast,0.03
2026-01-08 13:00:00,6.6,60,2,1,8,13,3,0,0,Partly Cloudy,0.04
2026-01-08 14:00:00,9.2,99,3,1,8,14,3,0,0,Overcast,0.02
2026-01-08 15:00:00,10.4,100,3,1,8,15,3,0,0,Overcast,0.11
2026-01-08 16:00:00,10.8,28,1,1,8,16,3,0,0,Mostly Clear,0.12
2026-01-09 11:00:00,14.3,100,3,1,9,11,4,0,0,Overcast,0.04
2026-01-09 12:00:00,13.5,100,63,1,9,12,4,0,0,Rain,0.04
2026-01-09 13:00:00,15.6,100,3,1,9,13,4,0,0,Overcast,0.05
2026-01-09 14:00:00,15.4,100,3,1,9,14,4,0,0,Overcast,0.05
2026-01-09 15:00:00,16.6,98,3,1,9,15,4,0,0,Overcast,0.1
2026-01-09 16:00:00,17.1,69,2,1,9,16,4,0,0,Partly Cloudy,0.15
2026-01-10 11:00:00,5.0,100,51,1,10,11,5,1,0,Drizzle,0.06
2026-01-10 12:00:00,6.9,100,51,1,10,12,5,1,0,Drizzle,0.04
2026-01-10 13:00:00,9.1,100,51,1,10,13,5,1,0,Drizzle,0.08
2026-01-10 14:00:00,8.5,100,55,1,10,14,5,1,0,Drizzle,0.1
2026-01-10 15:00:00,9.4,100,51,1,10,15,5,1,0,Drizzle,0.09
2026-01-10 16:00:00,9.9,100,53,1,10,16,5,1,0,Drizzle,0.1
2026-01-11 11:00:00,0.4,13,71,1,11,11,6,1,0,Snow,0.02
2026-01-11 12:00:00,0.3,44,71,1,11,12,6,1,0,Snow,0.05
2026-01-11 13:00:00,0.0,100,3,1,11,13,6,1,0,Overcast,0.12
2026-01-11 14:00:00,-0.1,100,3,1,11,14,6,1,0,Overcast,0.09
2026-01-11 15:00:00,-0.6,98,71,1,11,15,6,1,0,Snow,0.03
2026-01-11 16:00:00,-1.2,100,71,1,11,16,6,1,0,Snow,0.05
2026-01-12 11:00:00,-1.8,100,3,1,12,11,0,0,0,Overcast,0.03
2026-01-12 12:00:00,-1.4,97,3,1,12,12,0,0,0,Overcast,0.0
2026-01-12 13:00:00,-0.2,100,3,1,12,13,0,0,0,Overcast,0.02
2026-01-12 14:00:00,0.8,100,3,1,12,14,0,0,0,Overcast,0.04
2026-01-12 15:00:00,1.2,100,3,1,12,15,0,0,0,Overcast,0.06
2026-01-12 16:00:00,1.6,99,3,1,12,16,0,0,0,Overcast,0.04
2026-01-13 11:00:00,1.8,100,3,1,13,11,1,0,0,Overcast,0.04
2026-01-13 12:00:00,3.0,100,3,1,13,12,1,0,0,Overcast,0.01
2026-01-13 13:00:00,4.5,100,3,1,13,13,1,0,0,Overcast,0.02
2026-01-13 14:00:00,5.8,100,3,1,13,14,1,0,0,Overcast,0.05
2026-01-13 15:00:00,6.6,100,3,1,13,15,1,0,0,Overcast,0.05
2026-01-13 16:00:00,7.1,100,3,1,13,16,1,0,0,Overcast,0.07
2026-01-14 11:00:00,6.0,100,53,1,14,11,2,0,0,Drizzle,0.05
2026-01-14 12:00:00,5.8,100,53,1,14,12,2,0,0,Drizzle,0.05
2026-01-14 13:00:00,5.8,100,53,1,14,13,2,0,0,Drizzle,0.02
2026-01-14 14:00:00,5.8,100,53,1,14,14,2,0,0,Drizzle,0.05
2026-01-14 15:00:00,5.5,100,51,1,14,15,2,0,0,Drizzle,0.06
2026-01-14 16:00:00,5.2,100,53,1,14,16,2,0,0,Drizzle,0.03
2026-01-15 11:00:00,-8.2,100,3,1,15,11,3,0,0,Overcast,0.02
2026-01-15 12:00:00,-8.0,100,3,1,15,12,3,0,0,Overcast,0.0
2026-01-15 13:00:00,-7.9,100,71,1,15,13,3,0,0,Snow,0.04
2026-01-15 14:00:00,-8.0,100,71,1,15,14,3,0,0,Snow,0.04
2026-01-15 15:00:00,-7.9,100,71,1,15,15,3,0,0,Snow,0.02
2026-01-15 16:00:00,-7.9,100,71,1,15,16,3,0,0,Snow,0.04
2026-01-16 11:00:00,-5.8,100,3,1,16,11,4,0,0,Overcast,0.05
2026-01-16 12:00:00,-4.8,100,3,1,16,12,4,0,0,Overcast,0.05
2026-01-16 13:00:00,-4.0,100,3,1,16,13,4,0,0,Overcast,0.04
2026-01-16 14:00:00,-3.4,100,3,1,16,14,4,0,0,Overcast,0.04
2026-01-16 15:00:00,-3.0,100,3,1,16,15,4,0,0,Overcast,0.05
2026-01-16 16:00:00,-2.0,100,3,1,16,16,4,0,0,Overcast,0.04
2026-01-17 11:00:00,1.3,100,3,1,17,11,5,1,0,Overcast,0.05
2026-01-17 12:00:00,1.6,100,3,1,17,12,5,1,0,Overcast,0.07
2026-01-17 13:00:00,2.0,90,3,1,17,13,5,1,0,Overcast,0.11
2026-01-17 14:00:00,2.2,96,3,1,17,14,5,1,0,Overcast,0.11
2026-01-17 15:00:00,2.1,58,2,1,17,15,5,1,0,Partly Cloudy,0.16
2026-01-17 16:00:00,2.1,66,71,1,17,16,5,1,0,Snow,0.06
2026-01-18 11:00:00,-6.4,96,3,1,18,11,6,1,0,Overcast,0.01
2026-01-18 12:00:00,-5.8,100,3,1,18,12,6,1,0,Overcast,0.06
2026-01-18 13:00:00,-5.4,100,3,1,18,13,6,1,0,Overcast,0.09
2026-01-18 14:00:00,-5.2,100,3,1,18,14,6,1,0,Overcast,0.11
2026-01-18 15:00:00,-5.5,100,3,1,18,15,6,1,0,Overcast,0.13
2026-01-18 16:00:00,-5.7,100,3,1,18,16,6,1,0,Overcast,0.14
2026-01-19 11:00:00,-5.1,92,73,1,19,11,0,0,0,Snow,0.02
2026-01-19 12:00:00,-4.1,100,71,1,19,12,0,0,0,Snow,0.04
2026-01-19 13:00:00,-3.5,96,3,1,19,13,0,0,0,Overcast,0.01
2026-01-19 14:00:00,-4.3,94,3,1,19,14,0,0,0,Overcast,0.02
2026-01-19 15:00:00,-5.3,100,3,1,19,15,0,0,0,Overcast,0.04
2026-01-19 16:00:00,-6.3,100,3,1,19,16,0,0,0,Overcast,0.06
2026-01-20 11:00:00,-13.5,100,3,1,20,11,1,0,0,Overcast,0.01
2026-01-20 12:00:00,-12.7,100,3,1,20,12,1,0,0,Overcast,0.04
2026-01-20 13:00:00,-11.6,99,3,1,20,13,1,0,0,Overcast,0.0
2026-01-20 14:00:00,-9.8,63,2,1,20,14,1,0,0,Partly Cloudy,0.04
2026-01-20 15:00:00,-9.6,77,2,1,20,15,1,0,0,Partly Cloudy,0.05
2026-01-20 16:00:00,-9.3,12,0,1,20,16,1,0,1,Clear,0.08
2026-01-21 11:00:00,-4.2,100,3,1,21,11,2,0,0,Overcast,0.05
2026-01-21 12:00:00,-1.2,100,3,1,21,12,2,0,0,Overcast,0.0
2026-01-21 13:00:00,1.3,100,3,1,21,13,2,0,0,Overcast,0.03
2026-01-21 14:00:00,1.1,100,3,1,21,14,2,0,0,Overcast,0.02
2026-01-21 15:00:00,0.9,100,3,1,21,15,2,0,0,Overcast,0.05
2026-01-21 16:00:00,2.0,100,3,1,21,16,2,0,0,Overcast,0.04
2026-01-22 11:00:00,1.2,60,2,1,22,11,3,0,0,Partly Cloudy,0.04
2026-01-22 12:00:00,0.9,96,3,1,22,12,3,0,0,Overcast,0.02
2026-01-22 13:00:00,0.9,100,3,1,22,13,3,0,0,Overcast,0.01
2026-01-22 14:00:00,1.4,91,3,1,22,14,3,0,0,Overcast,0.02
2026-01-22 15:00:00,1.5,98,3,1,22,15,3,0,0,Overcast,0.05
2026-01-22 16:00:00,1.0,100,3,1,22,16,3,0,0,Overcast,0.03
2026-01-23 11:00:00,-5.5,30,1,1,23,11,4,0,0,Mostly Clear,0.03
2026-01-23 12:00:00,-5.5,25,1,1,23,12,4,0,0,Mostly Clear,0.01
2026-01-23 13:00:00,-5.5,28,1,1,23,13,4,0,0,Mostly Clear,0.02
2026-01-23 14:00:00,-4.7,55,2,1,23,14,4,0,0,Partly Cloudy,0.03
2026-01-23 15:00:00,-5.1,77,2,1,23,15,4,0,0,Partly Cloudy,0.07
2026-01-23 16:00:00,-6.4,98,3,1,23,16,4,0,0,Overcast,0.07
2026-01-24 11:00:00,-15.2,100,3,1,24,11,5,1,0,Overcast,0.0
2026-01-24 12:00:00,-13.9,100,3,1,24,12,5,1,0,Overcast,0.05
2026-01-24 13:00:00,-12.6,99,3,1,24,13,5,1,0,Overcast,0.08
2026-01-24 14:00:00,-12.2,100,3,1,24,14,5,1,0,Overcast,0.08
2026-01-24 15:00:00,-11.3,100,3,1,24,15,5,1,0,Overcast,0.12
2026-01-24 16:00:00,-11.0,100,3,1,24,16,5,1,0,Overcast,0.15
2026-01-25 11:00:00,-9.3,100,75,1,25,11,6,1,0,Snow,0.01
2026-01-25 12:00:00,-8.8,100,75,1,25,12,6,1,0,Snow,0.01
2026-01-25 13:00:00,-7.6,100,75,1,25,13,6,1,0,Snow,0.02
2026-01-25 14:00:00,-7.6,100,75,1,25,14,6,1,0,Snow,0.05
2026-01-25 15:00:00,-6.7,100,75,1,25,15,6,1,0,Snow,0.01
2026-01-25 16:00:00,-6.6,100,75,1,25,16,6,1,0,Snow,0.02
2026-01-26 11:00:00,-10.5,100,3,1,26,11,0,0,0,Overcast,0.05
2026-01-26 12:00:00,-9.9,100,3,1,26,12,0,0,0,Overcast,0.02
2026-01-26 13:00:00,-9.3,100,71,1,26,13,0,0,0,Snow,0.03
2026-01-26 14:00:00,-8.6,100,3,1,26,14,0,0,0,Overcast,0.05
2026-01-26 15:00:00,-8.4,100,3,1,26,15,0,0,0,Overcast,0.03
2026-01-26 16:00:00,-8.4,98,71,1,26,16,0,0,0,Snow,0.02
2026-01-27 11:00:00,-14.1,100,3,1,27,11,1,0,0,Overcast,0.03
2026-01-27 12:00:00,-12.7,100,71,1,27,12,1,0,0,Snow,0.02
2026-01-27 13:00:00,-12.1,100,71,1,27,13,1,0,0,Snow,0.01
2026-01-27 14:00:00,-10.6,100,71,1,27,14,1,0,0,Snow,0.04
2026-01-27 15:00:00,-10.0,100,71,1,27,15,1,0,0,Snow,0.03
2026-01-27 16:00:00,-9.7,100,3,1,27,16,1,0,0,Overcast,0.06
2026-01-28 11:00:00,-15.3,98,3,1,28,11,2,0,0,Overcast,0.01
2026-01-28 12:00:00,-14.2,100,3,1,28,12,2,0,0,Overcast,0.04
2026-01-28 13:00:00,-13.0,96,3,1,28,13,2,0,0,Overcast,0.02
2026-01-28 14:00:00,-11.1,100,3,1,28,14,2,0,0,Overcast,0.03
2026-01-28 15:00:00,-10.8,100,3,1,28,15,2,0,0,Overcast,0.05
2026-01-28 16:00:00,-10.8,100,3,1,28,16,2,0,0,Overcast,0.03
2026-01-29 11:00:00,-14.0,80,3,1,29,11,3,0,0,Overcast,0.01
2026-01-29 12:00:00,-12.5,75,2,1,29,12,3,0,0,Partly Cloudy,0.03
2026-01-29 13:00:00,-11.3,80,3,1,29,13,3,0,0,Overcast,0.04
2026-01-29 14:00:00,-10.4,100,3,1,29,14,3,0,0,Overcast,0.05
2026-01-29 15:00:00,-10.0,100,3,1,29,15,3,0,0,Overcast,0.05
2026-01-29 16:00:00,-9.8,100,3,1,29,16,3,0,0,Overcast,0.07
2026-01-30 11:00:00,-16.8,0,0,1,30,11,4,0,1,Clear,0.04
2026-01-30 12:00:00,-13.7,2,0,1,30,12,4,0,1,Clear,0.05
2026-01-30 13:00:00,-12.3,96,3,1,30,13,4,0,0,Overcast,0.03
2026-01-30 14:00:00,-11.3,100,3,1,30,14,4,0,0,Overcast,0.01
2026-01-30 15:00:00,-11.0,98,3,1,30,15,4,0,0,Overcast,0.03
2026-01-30 16:00:00,-11.0,62,2,1,30,16,4,0,0,Partly Cloudy,0.06
2026-01-31 11:00:00,-17.8,0,0,1,31,11,5,1,1,Clear,0.05
2026-01-31 12:00:00,-14.1,0,0,1,31,12,5,1,1,Clear,0.08
2026-01-31 13:00:00,-11.7,0,0,1,31,13,5,1,1,Clear,0.18
2026-01-31 14:00:00,-10.3,92,3,1,31,14,5,1,0,Overcast,0.11
2026-01-31 15:00:00,-9.8,98,3,1,31,15,5,1,0,Overcast,0.14
2026-01-31 16:00:00,-9.7,98,3,1,31,16,5,1,0,Overcast,0.11
2026-02-01 11:00:00,-12.5,100,3,2,1,11,6,1,0,Overcast,0.03
2026-02-01 12:00:00,-12.2,100,3,2,1,12,6,1,0,Overcast,0.07
2026-02-01 13:00:00,-11.2,89,3,2,1,13,6,1,0,Overcast,0.11
2026-02-01 14:00:00,-9.1,0,0,2,1,14,6,1,1,Clear,0.17
2026-02-01 15:00:00,-8.1,0,0,2,1,15,6,1,1,Clear,0.2
2026-02-01 16:00:00,-8.0,0,0,2,1,16,6,1,1,Clear,0.21
2026-02-02 11:00:00,-10.7,3,0,2,2,11,0,0,1,Clear,0.02
2026-02-02 12:00:00,-9.5,0,0,2,2,12,0,0,1,Clear,0.03
2026-02-02 13:00:00,-8.1,27,1,2,2,13,0,0,0,Mostly Clear,0.03
2026-02-02 14:00:00,-5.7,0,0,2,2,14,0,0,1,Clear,0.02
2026-02-02 15:00:00,-4.8,0,0,2,2,15,0,0,1,Clear,0.08
2026-02-02 16:00:00,-4.2,74,2,2,2,16,0,0,0,Partly Cloudy,0.06
2026-02-03 11:00:00,-3.8,100,3,2,3,11,1,0,0,Overcast,0.03
2026-02-03 12:00:00,-3.0,100,3,2,3,12,1,0,0,Overcast,0.03
2026-02-03 13:00:00,-2.4,99,3,2,3,13,1,0,0,Overcast,0.03
2026-02-03 14:00:00,-2.0,100,3,2,3,14,1,0,0,Overcast,0.03
2026-02-03 15:00:00,-1.7,100,3,2,3,15,1,0,0,Overcast,0.07
2026-02-03 16:00:00,-1.4,100,3,2,3,16,1,0,0,Overcast,0.05
2026-02-04 11:00:00,-10.2,100,3,2,4,11,2,0,0,Overcast,0.0
2026-02-04 12:00:00,-8.9,83,3,2,4,12,2,0,0,Overcast,0.02
2026-02-04 13:00:00,-7.7,99,3,2,4,13,2,0,0,Overcast,0.01
2026-02-04 14:00:00,-5.3,100,3,2,4,14,2,0,0,Overcast,0.03
2026-02-04 15:00:00,-4.9,99,3,2,4,15,2,0,0,Overcast,0.02
2026-02-04 16:00:00,-4.9,100,3,2,4,16,2,0,0,Overcast,0.07
2026-02-05 11:00:00,-10.1,100,3,2,5,11,3,0,0,Overcast,0.05
2026-02-05 12:00:00,-9.4,100,3,2,5,12,3,0,0,Overcast,0.01
2026-02-05 13:00:00,-8.8,100,3,2,5,13,3,0,0,Overcast,0.04
2026-02-05 14:00:00,-7.4,100,3,2,5,14,3,0,0,Overcast,0.01
2026-02-05 15:00:00,-6.8,100,3,2,5,15,3,0,0,Overcast,0.04
2026-02-05 16:00:00,-6.4,100,3,2,5,16,3,0,0,Overcast,0.05
2026-02-06 11:00:00,-5.4,100,71,2,6,11,4,0,0,Snow,0.04
2026-02-06 12:00:00,-5.1,100,73,2,6,12,4,0,0,Snow,0.03
2026-02-06 13:00:00,-4.7,100,73,2,6,13,4,0,0,Snow,0.0
2026-02-06 14:00:00,-4.1,100,73,2,6,14,4,0,0,Snow,0.03
2026-02-06 15:00:00,-3.7,100,71,2,6,15,4,0,0,Snow,0.03
2026-02-06 16:00:00,-3.2,100,71,2,6,16,4,0,0,Snow,0.02
2026-02-07 11:00:00,-14.4,100,3,2,7,11,5,1,0,Overcast,0.03
2026-02-07 12:00:00,-13.1,100,71,2,7,12,5,1,0,Snow,0.01
2026-02-07 13:00:00,-12.0,100,71,2,7,13,5,1,0,Snow,0.02
2026-02-07 14:00:00,-11.3,100,71,2,7,14,5,1,0,Snow,0.05
2026-02-07 15:00:00,-11.2,100,3,2,7,15,5,1,0,Overcast,0.11
2026-02-07 16:00:00,-11.1,100,3,2,7,16,5,1,0,Overcast,0.14
2026-02-08 11:00:00,-15.0,1,0,2,8,11,6,1,1,Clear,0.05
2026-02-08 12:00:00,-12.6,0,0,2,8,12,6,1,1,Clear,0.06
2026-02-08 13:00:00,-10.8,65,2,2,8,13,6,1,0,Partly Cloudy,0.13
2026-02-08 14:00:00,-8.8,0,0,2,8,14,6,1,1,Clear,0.17
2026-02-08 15:00:00,-8.4,0,0,2,8,15,6,1,1,Clear,0.2
2026-02-08 16:00:00,-8.4,0,0,2,8,16,6,1,1,Clear,0.17
2026-02-09 11:00:00,-14.7,93,3,2,9,11,0,0,0,Overcast,0.04
2026-02-09 12:00:00,-11.1,41,1,2,9,12,0,0,0,Mostly Clear,0.03
2026-02-09 13:00:00,-8.1,99,3,2,9,13,0,0,0,Overcast,0.0
2026-02-09 14:00:00,-5.2,98,3,2,9,14,0,0,0,Overcast,0.0
2026-02-09 15:00:00,-3.5,100,3,2,9,15,0,0,0,Overcast,0.05
2026-02-09 16:00:00,-2.3,100,3,2,9,16,0,0,0,Overcast,0.04
2026-02-10 11:00:00,1.2,100,3,2,10,11,1,0,0,Overcast,0.05
2026-02-10 12:00:00,2.6,91,3,2,10,12,1,0,0,Overcast,0.04
2026-02-10 13:00:00,4.4,70,2,2,10,13,1,0,0,Partly Cloudy,0.01
2026-02-10 14:00:00,7.2,80,3,2,10,14,1,0,0,Overcast,0.04
2026-02-10 15:00:00,8.1,78,2,2,10,15,1,0,0,Partly Cloudy,0.1
2026-02-10 16:00:00,8.0,88,3,2,10,16,1,0,0,Overcast,0.06
2026-02-11 11:00:00,1.0,100,3,2,11,11,2,0,0,Overcast,0.03
2026-02-11 12:00:00,1.3,100,3,2,11,12,2,0,0,Overcast,0.03
2026-02-11 13:00:00,1.2,100,3,2,11,13,2,0,0,Overcast,0.0
2026-02-11 14:00:00,1.0,100,3,2,11,14,2,0,0,Overcast,0.04
2026-02-11 15:00:00,0.8,100,3,2,11,15,2,0,0,Overcast,0.05
2026-02-11 16:00:00,0.2,100,3,2,11,16,2,0,0,Overcast,0.05
2026-02-12 11:00:00,-3.9,100,3,2,12,11,3,0,0,Overcast,0.04
2026-02-12 12:00:00,-3.7,100,3,2,12,12,3,0,0,Overcast,0.0
2026-02-12 13:00:00,-3.5,100,3,2,12,13,3,0,0,Overcast,0.03
2026-02-12 14:00:00,-2.9,100,3,2,12,14,3,0,0,Overcast,0.01
2026-02-12 15:00:00,-3.1,100,3,2,12,15,3,0,0,Overcast,0.05
2026-02-12 16:00:00,-3.0,100,3,2,12,16,3,0,0,Overcast,0.07
2026-02-13 11:00:00,-3.8,0,0,2,13,11,4,0,1,Clear,0.05
2026-02-13 12:00:00,-2.8,0,0,2,13,12,4,0,1,Clear,0.01
2026-02-13 13:00:00,-1.9,0,0,2,13,13,4,0,1,Clear,0.05
2026-02-13 14:00:00,-0.4,9,0,2,13,14,4,0,1,Clear,0.03
2026-02-13 15:00:00,0.1,25,1,2,13,15,4,0,0,Mostly Clear,0.08
2026-02-13 16:00:00,0.5,28,1,2,13,16,4,0,0,Mostly Clear,0.05
2026-02-14 11:00:00,2.0,88,3,2,14,11,5,1,0,Overcast,0.04
2026-02-14 12:00:00,3.3,47,1,2,14,12,5,1,0,Mostly Clear,0.05
2026-02-14 13:00:00,4.7,89,3,2,14,13,5,1,0,Overcast,0.09
2026-02-14 14:00:00,7.1,97,3,2,14,14,5,1,0,Overcast,0.12
2026-02-14 15:00:00,7.0,57,2,2,14,15,5,1,0,Partly Cloudy,0.17
2026-02-14 16:00:00,7.2,85,3,2,14,16,5,1,0,Overcast,0.17
2026-02-15 11:00:00,3.2,100,51,2,15,11,6,1,0,Drizzle,0.04
2026-02-15 12:00:00,3.3,100,51,2,15,12,6,1,0,Drizzle,0.05
2026-02-15 13:00:00,3.3,100,53,2,15,13,6,1,0,Drizzle,0.06
2026-02-15 14:00:00,4.5,100,53,2,15,14,6,1,0,Drizzle,0.06
2026-02-15 15:00:00,4.2,100,53,2,15,15,6,1,0,Drizzle,0.07
2026-02-15 16:00:00,4.7,100,53,2,15,16,6,1,0,Drizzle,0.07
2026-02-16 11:00:00,1.7,100,3,2,16,11,0,0,0,Overcast,0.01
2026-02-16 12:00:00,3.2,100,3,2,16,12,0,0,0,Overcast,0.01
2026-02-16 13:00:00,4.0,100,3,2,16,13,0,0,0,Overcast,0.04
2026-02-16 14:00:00,4.9,100,3,2,16,14,0,0,0,Overcast,0.01
2026-02-16 15:00:00,6.4,100,3,2,16,15,0,0,0,Overcast,0.07
2026-02-16 16:00:00,7.0,100,3,2,16,16,0,0,0,Overcast,0.04
2026-02-17 11:00:00,5.4,100,3,2,17,11,1,0,0,Overcast,0.0
2026-02-17 12:00:00,7.4,95,3,2,17,12,1,0,0,Overcast,0.01
2026-02-17 13:00:00,9.9,67,2,2,17,13,1,0,0,Partly Cloudy,0.05
2026-02-17 14:00:00,12.1,50,2,2,17,14,1,0,0,Partly Cloudy,0.1
2026-02-17 15:00:00,13.5,100,3,2,17,15,1,0,0,Overcast,0.1
2026-02-17 16:00:00,13.9,100,3,2,17,16,1,0,0,Overcast,0.08
2026-02-18 11:00:00,10.6,100,53,2,18,11,2,0,0,Drizzle,0.05
2026-02-18 12:00:00,11.0,100,51,2,18,12,2,0,0,Drizzle,0.04
2026-02-18 13:00:00,12.1,100,51,2,18,13,2,0,0,Drizzle,0.06
2026-02-18 14:00:00,10.0,100,51,2,18,14,2,0,0,Drizzle,0.03
2026-02-18 15:00:00,11.6,100,55,2,18,15,2,0,0,Drizzle,0.09
2026-02-18 16:00:00,12.8,100,51,2,18,16,2,0,0,Drizzle,0.07
2026-02-19 11:00:00,11.3,100,3,2,19,11,3,0,0,Overcast,0.01
2026-02-19 12:00:00,12.0,100,3,2,19,12,3,0,0,Overcast,0.01
2026-02-19 13:00:00,13.6,100,3,2,19,13,3,0,0,Overcast,0.06
2026-02-19 14:00:00,15.6,100,3,2,19,14,3,0,0,Overcast,0.06
2026-02-19 15:00:00,14.2,100,3,2,19,15,3,0,0,Overcast,0.09
2026-02-19 16:00:00,12.5,100,61,2,19,16,3,0,0,Rain,0.03
2026-02-20 11:00:00,13.0,9,0,2,20,11,4,0,1,Clear,0.02
2026-02-20 12:00:00,16.1,2,0,2,20,12,4,0,1,Clear,0.03
2026-02-20 13:00:00,16.7,0,0,2,20,13,4,0,1,Clear,0.08
2026-02-20 14:00:00,16.7,0,0,2,20,14,4,0,1,Clear,0.08
2026-02-20 15:00:00,15.2,4,0,2,20,15,4,0,1,Clear,0.13
2026-02-20 16:00:00,13.9,1,0,2,20,16,4,0,1,Clear,0.14
2026-02-21 11:00:00,2.3,100,3,2,21,11,5,1,0,Overcast,0.04
2026-02-21 12:00:00,3.2,98,3,2,21,12,5,1,0,Overcast,0.04
2026-02-21 13:00:00,4.4,93,3,2,21,13,5,1,0,Overcast,0.12
2026-02-21 14:00:00,6.0,84,3,2,21,14,5,1,0,Overcast,0.12
2026-02-21 15:00:00,6.9,4,0,2,21,15,5,1,1,Clear,0.22
2026-02-21 16:00:00,7.1,0,0,2,21,16,5,1,1,Clear,0.25
2026-02-22 11:00:00,0.2,100,3,2,22,11,6,1,0,Overcast,0.04
2026-02-22 12:00:00,0.5,100,71,2,22,12,6,1,0,Snow,0.02
2026-02-22 13:00:00,0.7,100,71,2,22,13,6,1,0,Snow,0.01
2026-02-22 14:00:00,0.4,100,71,2,22,14,6,1,0,Snow,0.02
2026-02-22 15:00:00,0.2,100,71,2,22,15,6,1,0,Snow,0.04
2026-02-22 16:00:00,0.6,100,3,2,22,16,6,1,0,Overcast,0.13
2026-02-23 11:00:00,-0.7,100,71,2,23,11,0,0,0,Snow,0.04
2026-02-23 12:00:00,0.1,96,71,2,23,12,0,0,0,Snow,0.02
2026-02-23 13:00:00,0.5,100,71,2,23,13,0,0,0,Snow,0.0
2026-02-23 14:00:00,-0.1,100,3,2,23,14,0,0,0,Overcast,0.0
2026-02-23 15:00:00,-0.9,100,3,2,23,15,0,0,0,Overcast,0.07
2026-02-23 16:00:00,-1.7,100,3,2,23,16,0,0,0,Overcast,0.04
2026-02-24 11:00:00,-5.1,100,3,2,24,11,1,0,0,Overcast,0.04
2026-02-24 12:00:00,-4.8,100,3,2,24,12,1,0,0,Overcast,0.04
2026-02-24 13:00:00,-4.4,100,3,2,24,13,1,0,0,Overcast,0.03
2026-02-24 14:00:00,-2.9,100,3,2,24,14,1,0,0,Overcast,0.02
2026-02-24 15:00:00,-2.9,100,3,2,24,15,1,0,0,Overcast,0.03
2026-02-24 16:00:00,-2.3,92,3,2,24,16,1,0,0,Overcast,0.03
2026-02-25 11:00:00,2.8,49,1,2,25,11,2,0,0,Mostly Clear,0.05
2026-02-25 12:00:00,4.0,38,1,2,25,12,2,0,0,Mostly Clear,0.01
2026-02-25 13:00:00,6.3,15,0,2,25,13,2,0,1,Clear,0.08
2026-02-25 14:00:00,7.2,47,1,2,25,14,2,0,0,Mostly Clear,0.06
2026-02-25 15:00:00,8.1,46,51,2,25,15,2,0,0,Drizzle,0.06
2026-02-25 16:00:00,9.5,33,51,2,25,16,2,0,0,Drizzle,0.04
2026-02-26 11:00:00,-0.4,100,3,2,26,11,3,0,0,Overcast,0.03
2026-02-26 12:00:00,0.4,100,3,2,26,12,3,0,0,Overcast,0.02
2026-02-26 13:00:00,2.2,2,0,2,26,13,3,0,1,Clear,0.0
2026-02-26 14:00:00,3.4,0,0,2,26,14,3,0,1,Clear,0.03
2026-02-26 15:00:00,4.6,20,1,2,26,15,3,0,0,Mostly Clear,0.07
2026-02-26 16:00:00,5.2,50,2,2,26,16,3,0,0,Partly Cloudy,0.06
2026-02-27 11:00:00,4.5,2,0,2,27,11,4,0,1,Clear,0.04
2026-02-27 12:00:00,6.7,5,0,2,27,12,4,0,1,Clear,0.03
2026-02-27 13:00:00,8.5,0,0,2,27,13,4,0,1,Clear,0.06
2026-02-27 14:00:00,9.9,0,0,2,27,14,4,0,1,Clear,0.05
2026-02-27 15:00:00,11.2,42,1,2,27,15,4,0,0,Mostly Clear,0.14
2026-02-27 16:00:00,11.7,48,1,2,27,16,4,0,0,Mostly Clear,0.1
2026-02-28 11:00:00,10.2,0,0,2,28,11,5,1,1,Clear,0.08
2026-02-28 12:00:00,11.9,0,0,2,28,12,5,1,1,Clear,0.13
2026-02-28 13:00:00,13.1,0,0,2,28,13,5,1,1,Clear,0.21
2026-02-28 14:00:00,14.9,0,0,2,28,14,5,1,1,Clear,0.23
2026-02-28 15:00:00,15.6,0,0,2,28,15,5,1,1,Clear,0.27
2026-02-28 16:00:00,15.6,80,3,2,28,16,5,1,0,Overcast,0.15
2026-03-01 11:00:00,-1.2,63,2,3,1,11,6,1,0,Partly Cloudy,0.05
2026-03-01 12:00:00,-0.7,17,0,3,1,12,6,1,1,Clear,0.1
2026-03-01 13:00:00,0.6,0,0,3,1,13,6,1,1,Clear,0.22
2026-03-01 14:00:00,2.0,2,0,3,1,14,6,1,1,Clear,0.23
2026-03-01 15:00:00,2.7,0,0,3,1,15,6,1,1,Clear,0.26
2026-03-01 16:00:00,2.9,35,1,3,1,16,6,1,0,Mostly Clear,0.24
2026-03-01 17:00:00,2.6,5,0,3,1,17,6,1,1,Clear,0.25
2026-03-01 18:00:00,1.4,0,0,3,1,18,6,1,1,Clear,0.27
2026-03-02 11:00:00,-2.0,100,3,3,2,11,0,0,0,Overcast,0.04
2026-03-02 12:00:00,0.4,100,3,3,2,12,0,0,0,Overcast,0.02
2026-03-02 13:00:00,2.2,100,3,3,2,13,0,0,0,Overcast,0.05
2026-03-02 14:00:00,1.4,100,3,3,2,14,0,0,0,Overcast,0.05
2026-03-02 15:00:00,2.3,100,3,3,2,15,0,0,0,Overcast,0.08
2026-03-02 16:00:00,2.2,100,3,3,2,16,0,0,0,Overcast,0.06
2026-03-02 17:00:00,2.4,100,3,3,2,17,0,0,0,Overcast,0.09
2026-03-02 18:00:00,2.5,100,3,3,2,18,0,0,0,Overcast,0.1
2026-03-03 11:00:00,3.9,100,53,3,3,11,1,0,0,Drizzle,0.01
2026-03-03 12:00:00,6.0,100,53,3,3,12,1,0,0,Drizzle,0.0
2026-03-03 13:00:00,7.1,100,51,3,3,13,1,0,0,Drizzle,0.05
2026-03-03 14:00:00,7.6,100,3,3,3,14,1,0,0,Overcast,0.07
2026-03-03 15:00:00,8.3,100,53,3,3,15,1,0,0,Drizzle,0.05
2026-03-03 16:00:00,9.1,100,63,3,3,16,1,0,0,Rain,0.04
2026-03-03 17:00:00,8.0,100,61,3,3,17,1,0,0,Rain,0.03
2026-03-03 18:00:00,7.6,100,63,3,3,18,1,0,0,Rain,0.04
2026-03-04 11:00:00,7.3,100,51,3,4,11,2,0,0,Drizzle,0.02
2026-03-04 12:00:00,8.0,100,51,3,4,12,2,0,0,Drizzle,0.01
2026-03-04 13:00:00,9.5,100,3,3,4,13,2,0,0,Overcast,0.05
2026-03-04 14:00:00,9.3,100,3,3,4,14,2,0,0,Overcast,0.1
2026-03-04 15:00:00,10.7,100,3,3,4,15,2,0,0,Overcast,0.14
2026-03-04 16:00:00,11.9,100,3,3,4,16,2,0,0,Overcast,0.11
2026-03-04 17:00:00,12.3,100,3,3,4,17,2,0,0,Overcast,0.14
2026-03-04 18:00:00,11.7,100,3,3,4,18,2,0,0,Overcast,0.14
2026-03-05 11:00:00,12.5,100,53,3,5,11,3,0,0,Drizzle,0.03
2026-03-05 12:00:00,15.0,100,51,3,5,12,3,0,0,Drizzle,0.02
2026-03-05 13:00:00,15.8,100,61,3,5,13,3,0,0,Rain,0.07
2026-03-05 14:00:00,15.6,100,55,3,5,14,3,0,0,Drizzle,0.06
2026-03-05 15:00:00,16.6,100,3,3,5,15,3,0,0,Overcast,0.14
2026-03-05 16:00:00,16.7,100,51,3,5,16,3,0,0,Drizzle,0.08
2026-03-05 17:00:00,16.7,100,53,3,5,17,3,0,0,Drizzle,0.09
2026-03-05 18:00:00,15.2,100,61,3,5,18,3,0,0,Rain,0.07
2026-03-06 11:00:00,16.1,99,3,3,6,11,4,0,0,Overcast,0.04
2026-03-06 12:00:00,17.9,100,3,3,6,12,4,0,0,Overcast,0.09
2026-03-06 13:00:00,18.6,36,51,3,6,13,4,0,0,Drizzle,0.11
2026-03-06 14:00:00,18.9,80,51,3,6,14,4,0,0,Drizzle,0.06
2026-03-06 15:00:00,19.9,81,3,3,6,15,4,0,0,Overcast,0.14
2026-03-06 16:00:00,20.8,27,1,3,6,16,4,0,0,Mostly Clear,0.23
2026-03-06 17:00:00,21.3,47,1,3,6,17,4,0,0,Mostly Clear,0.21
2026-03-06 18:00:00,20.4,20,1,3,6,18,4,0,0,Mostly Clear,0.23
2026-03-07 11:00:00,21.3,0,0,3,7,11,5,1,1,Clear,0.2
2026-03-07 12:00:00,22.7,15,0,3,7,12,5,1,1,Clear,0.32
2026-03-07 13:00:00,23.8,100,3,3,7,13,5,1,0,Overcast,0.24
2026-03-07 14:00:00,24.0,100,3,3,7,14,5,1,0,Overcast,0.27
2026-03-07 15:00:00,23.3,100,51,3,7,15,5,1,0,Drizzle,0.17
2026-03-07 16:00:00,23.4,100,3,3,7,16,5,1,0,Overcast,0.29
2026-03-07 17:00:00,21.1,100,53,3,7,17,5,1,0,Drizzle,0.14
2026-03-07 18:00:00,18.5,100,53,3,7,18,5,1,0,Drizzle,0.14
2026-03-08 11:00:00,10.9,67,2,3,8,11,6,1,0,Partly Cloudy,0.1
2026-03-08 12:00:00,12.6,95,3,3,8,12,6,1,0,Overcast,0.1
2026-03-08 13:00:00,13.3,83,3,3,8,13,6,1,0,Overcast,0.17
2026-03-08 14:00:00,14.7,14,0,3,8,14,6,1,1,Clear,0.3
2026-03-08 15:00:00,15.3,0,0,3,8,15,6,1,1,Clear,0.29
2026-03-08 16:00:00,15.3,0,0,3,8,16,6,1,1,Clear,0.33
2026-03-08 17:00:00,15.1,0,0,3,8,17,6,1,1,Clear,0.32
2026-03-08 18:00:00,14.5,0,0,3,8,18,6,1,1,Clear,0.32
2026-03-09 11:00:00,12.5,0,0,3,9,11,0,0,1,Clear,0.04
2026-03-09 12:00:00,14.7,0,0,3,9,12,0,0,1,Clear,0.05
2026-03-09 13:00:00,16.5,0,0,3,9,13,0,0,1,Clear,0.17
2026-03-09 14:00:00,18.2,0,0,3,9,14,0,0,1,Clear,0.22
2026-03-09 15:00:00,19.0,0,0,3,9,15,0,0,1,Clear,0.23
2026-03-09 16:00:00,19.4,0,0,3,9,16,0,0,1,Clear,0.27
2026-03-09 17:00:00,19.3,0,0,3,9,17,0,0,1,Clear,0.26
2026-03-09 18:00:00,18.5,0,0,3,9,18,0,0,1,Clear,0.22
2026-03-10 11:00:00,16.3,100,3,3,10,11,1,0,0,Overcast,0.04
2026-03-10 12:00:00,17.6,100,3,3,10,12,1,0,0,Overcast,0.06
2026-03-10 13:00:00,19.5,100,3,3,10,13,1,0,0,Overcast,0.15
2026-03-10 14:00:00,20.4,100,3,3,10,14,1,0,0,Overcast,0.14
2026-03-10 15:00:00,20.5,100,3,3,10,15,1,0,0,Overcast,0.13
2026-03-10 16:00:00,19.3,100,51,3,10,16,1,0,0,Drizzle,0.1
2026-03-10 17:00:00,19.0,92,51,3,10,17,1,0,0,Drizzle,0.09
2026-03-10 18:00:00,18.9,8,0,3,10,18,1,0,1,Clear,0.22
2026-03-11 11:00:00,18.6,100,51,3,11,11,2,0,0,Drizzle,0.04
2026-03-11 12:00:00,18.9,100,53,3,11,12,2,0,0,Drizzle,0.07
2026-03-11 13:00:00,19.0,100,55,3,11,13,2,0,0,Drizzle,0.11
2026-03-11 14:00:00,19.8,100,55,3,11,14,2,0,0,Drizzle,0.11
2026-03-11 15:00:00,18.0,100,63,3,11,15,2,0,0,Rain,0.07
2026-03-11 16:00:00,17.9,100,63,3,11,16,2,0,0,Rain,0.06
2026-03-11 17:00:00,18.5,98,53,3,11,17,2,0,0,Drizzle,0.08
2026-03-11 18:00:00,19.0,100,51,3,11,18,2,0,0,Drizzle,0.1
2026-03-12 11:00:00,1.1,100,3,3,12,11,3,0,0,Overcast,0.03
2026-03-12 12:00:00,1.9,100,3,3,12,12,3,0,0,Overcast,0.03
2026-03-12 13:00:00,2.9,100,3,3,12,13,3,0,0,Overcast,0.05
2026-03-12 14:00:00,4.3,100,3,3,12,14,3,0,0,Overcast,0.05
2026-03-12 15:00:00,4.6,40,1,3,12,15,3,0,0,Mostly Clear,0.1
2026-03-12 16:00:00,4.1,45,1,3,12,16,3,0,0,Mostly Clear,0.09
2026-03-12 17:00:00,4.2,34,71,3,12,17,3,0,0,Snow,0.01
2026-03-12 18:00:00,4.1,52,2,3,12,18,3,0,0,Partly Cloudy,0.11
2026-03-13 11:00:00,3.3,100,3,3,13,11,4,0,0,Overcast,0.01
2026-03-13 12:00:00,6.4,93,3,3,13,12,4,0,0,Overcast,0.01
2026-03-13 13:00:00,10.2,13,0,3,13,13,4,0,1,Clear,0.16
2026-03-13 14:00:00,11.4,23,1,3,13,14,4,0,0,Mostly Clear,0.13
2026-03-13 15:00:00,12.7,45,1,3,13,15,4,0,0,Mostly Clear,0.15
2026-03-13 16:00:00,13.7,52,2,3,13,16,4,0,0,Partly Cloudy,0.13
2026-03-13 17:00:00,11.7,84,51,3,13,17,4,0,0,Drizzle,0.08
2026-03-13 18:00:00,12.3,78,2,3,13,18,4,0,0,Partly Cloudy,0.18
2026-03-14 11:00:00,3.2,48,1,3,14,11,5,1,0,Mostly Clear,0.07
2026-03-14 12:00:00,4.5,69,2,3,14,12,5,1,0,Partly Cloudy,0.09
2026-03-14 13:00:00,5.7,61,2,3,14,13,5,1,0,Partly Cloudy,0.2
2026-03-14 14:00:00,6.7,100,3,3,14,14,5,1,0,Overcast,0.16
2026-03-14 15:00:00,7.6,100,3,3,14,15,5,1,0,Overcast,0.15
2026-03-14 16:00:00,7.8,100,3,3,14,16,5,1,0,Overcast,0.16
2026-03-14 17:00:00,7.6,100,3,3,14,17,5,1,0,Overcast,0.18
2026-03-14 18:00:00,7.1,100,3,3,14,18,5,1,0,Overcast,0.17
2026-03-15 11:00:00,12.7,100,3,3,15,11,6,1,0,Overcast,0.08
2026-03-15 12:00:00,15.2,38,1,3,15,12,6,1,0,Mostly Clear,0.16
2026-03-15 13:00:00,16.8,50,2,3,15,13,6,1,0,Partly Cloudy,0.24
2026-03-15 14:00:00,18.2,100,3,3,15,14,6,1,0,Overcast,0.23
2026-03-15 15:00:00,18.1,100,3,3,15,15,6,1,0,Overcast,0.22
2026-03-15 16:00:00,18.1,100,3,3,15,16,6,1,0,Overcast,0.24
2026-03-15 17:00:00,17.3,99,3,3,15,17,6,1,0,Overcast,0.22
2026-03-15 18:00:00,16.4,88,3,3,15,18,6,1,0,Overcast,0.19
2026-03-16 11:00:00,15.9,100,51,3,16,11,0,0,0,Drizzle,0.03
2026-03-16 12:00:00,12.2,100,53,3,16,12,0,0,0,Drizzle,0.04
2026-03-16 13:00:00,9.6,100,51,3,16,13,0,0,0,Drizzle,0.07
2026-03-16 14:00:00,7.8,100,3,3,16,14,0,0,0,Overcast,0.1
2026-03-16 15:00:00,5.9,100,51,3,16,15,0,0,0,Drizzle,0.06
2026-03-16 16:00:00,4.7,100,51,3,16,16,0,0,0,Drizzle,0.08
2026-03-16 17:00:00,2.2,100,73,3,16,17,0,0,0,Snow,0.03
2026-03-16 18:00:00,0.8,100,75,3,16,18,0,0,0,Snow,0.05
2026-03-17 11:00:00,-4.1,94,71,3,17,11,1,0,0,Snow,0.04
2026-03-17 12:00:00,-3.9,100,71,3,17,12,1,0,0,Snow,0.03
2026-03-17 13:00:00,-3.4,90,71,3,17,13,1,0,0,Snow,0.02
2026-03-17 14:00:00,-3.9,84,71,3,17,14,1,0,0,Snow,0.03
2026-03-17 15:00:00,-3.5,99,71,3,17,15,1,0,0,Snow,0.02
2026-03-17 16:00:00,-3.8,49,73,3,17,16,1,0,0,Snow,0.04
2026-03-17 17:00:00,-3.9,54,71,3,17,17,1,0,0,Snow,0.01
2026-03-17 18:00:00,-4.4,13,0,3,17,18,1,0,1,Clear,0.13
2026-03-18 11:00:00,-3.9,12,0,3,18,11,2,0,1,Clear,0.02
2026-03-18 12:00:00,-2.8,59,2,3,18,12,2,0,0,Partly Cloudy,0.02
2026-03-18 13:00:00,-1.7,100,3,3,18,13,2,0,0,Overcast,0.05
2026-03-18 14:00:00,-0.4,38,1,3,18,14,2,0,0,Mostly Clear,0.09
2026-03-18 15:00:00,-0.1,94,3,3,18,15,2,0,0,Overcast,0.09
2026-03-18 16:00:00,0.7,88,3,3,18,16,2,0,0,Overcast,0.07
2026-03-18 17:00:00,1.1,98,3,3,18,17,2,0,0,Overcast,0.09
2026-03-18 18:00:00,1.1,100,3,3,18,18,2,0,0,Overcast,0.08
2026-03-19 11:00:00,4.4,99,3,3,19,11,3,0,0,Overcast,0.0
2026-03-19 12:00:00,5.4,10,0,3,19,12,3,0,1,Clear,0.04
2026-03-19 13:00:00,7.0,6,0,3,19,13,3,0,1,Clear,0.08
2026-03-19 14:00:00,10.9,0,0,3,19,14,3,0,1,Clear,0.14
2026-03-19 15:00:00,12.4,1,0,3,19,15,3,0,1,Clear,0.17
2026-03-19 16:00:00,12.9,24,1,3,19,16,3,0,0,Mostly Clear,0.15
2026-03-19 17:00:00,13.1,75,2,3,19,17,3,0,0,Partly Cloudy,0.16
2026-03-19 18:00:00,12.6,81,3,3,19,18,3,0,0,Overcast,0.1
2026-03-20 11:00:00,12.7,100,3,3,20,11,4,0,0,Overcast,0.02
2026-03-20 12:00:00,13.4,100,3,3,20,12,4,0,0,Overcast,0.06
2026-03-20 13:00:00,14.4,100,3,3,20,13,4,0,0,Overcast,0.11
2026-03-20 14:00:00,15.5,100,51,3,20,14,4,0,0,Drizzle,0.08
2026-03-20 15:00:00,13.0,98,53,3,20,15,4,0,0,Drizzle,0.07
2026-03-20 16:00:00,14.3,96,51,3,20,16,4,0,0,Drizzle,0.1
2026-03-20 17:00:00,15.3,100,55,3,20,17,4,0,0,Drizzle,0.1
2026-03-20 18:00:00,14.6,75,2,3,20,18,4,0,0,Partly Cloudy,0.14
2026-03-21 11:00:00,6.8,100,3,3,21,11,5,1,0,Overcast,0.08
2026-03-21 12:00:00,7.8,100,3,3,21,12,5,1,0,Overcast,0.12
2026-03-21 13:00:00,9.4,64,2,3,21,13,5,1,0,Partly Cloudy,0.17
2026-03-21 14:00:00,11.1,53,2,3,21,14,5,1,0,Partly Cloudy,0.22
2026-03-21 15:00:00,12.7,31,1,3,21,15,5,1,0,Mostly Clear,0.31
2026-03-21 16:00:00,13.5,7,0,3,21,16,5,1,1,Clear,0.33
2026-03-21 17:00:00,13.9,90,3,3,21,17,5,1,0,Overcast,0.22
2026-03-21 18:00:00,13.6,99,3,3,21,18,5,1,0,Overcast,0.2
2026-03-22 11:00:00,19.5,17,0,3,22,11,6,1,1,Clear,0.22
2026-03-22 12:00:00,21.3,87,3,3,22,12,6,1,0,Overcast,0.19
2026-03-22 13:00:00,22.0,96,3,3,22,13,6,1,0,Overcast,0.23
2026-03-22 14:00:00,26.8,94,3,3,22,14,6,1,0,Overcast,0.25
2026-03-22 15:00:00,23.8,98,53,3,22,15,6,1,0,Drizzle,0.19
2026-03-22 16:00:00,24.5,83,3,3,22,16,6,1,0,Overcast,0.29
2026-03-22 17:00:00,24.4,99,3,3,22,17,6,1,0,Overcast,0.29
2026-03-22 18:00:00,19.0,99,51,3,22,18,6,1,0,Drizzle,0.13
2026-03-23 11:00:00,4.2,100,3,3,23,11,0,0,0,Overcast,0.01
2026-03-23 12:00:00,4.2,100,3,3,23,12,0,0,0,Overcast,0.03
2026-03-23 13:00:00,4.2,100,51,3,23,13,0,0,0,Drizzle,0.02
2026-03-23 14:00:00,4.0,100,51,3,23,14,0,0,0,Drizzle,0.03
2026-03-23 15:00:00,3.5,100,3,3,23,15,0,0,0,Overcast,0.08
2026-03-23 16:00:00,2.9,100,3,3,23,16,0,0,0,Overcast,0.09
2026-03-23 17:00:00,2.3,100,3,3,23,17,0,0,0,Overcast,0.07
2026-03-23 18:00:00,1.8,100,3,3,23,18,0,0,0,Overcast,0.08
2026-03-24 11:00:00,0.6,0,0,3,24,11,1,0,1,Clear,0.02
2026-03-24 12:00:00,2.1,0,0,3,24,12,1,0,1,Clear,0.02
2026-03-24 13:00:00,3.6,0,0,3,24,13,1,0,1,Clear,0.07
2026-03-24 14:00:00,4.4,0,0,3,24,14,1,0,1,Clear,0.1
2026-03-24 15:00:00,5.8,100,3,3,24,15,1,0,0,Overcast,0.09
2026-03-24 16:00:00,6.7,100,3,3,24,16,1,0,0,Overcast,0.1
2026-03-24 17:00:00,6.9,100,3,3,24,17,1,0,0,Overcast,0.11
2026-03-24 18:00:00,6.6,100,3,3,24,18,1,0,0,Overcast,0.11
2026-03-25 11:00:00,7.0,40,1,3,25,11,2,0,0,Mostly Clear,0.04
2026-03-25 12:00:00,11.0,99,3,3,25,12,2,0,0,Overcast,0.06
2026-03-25 13:00:00,13.4,100,3,3,25,13,2,0,0,Overcast,0.11
2026-03-25 14:00:00,14.6,100,3,3,25,14,2,0,0,Overcast,0.09
2026-03-25 15:00:00,16.0,100,3,3,25,15,2,0,0,Overcast,0.12
2026-03-25 16:00:00,16.4,100,3,3,25,16,2,0,0,Overcast,0.14
2026-03-25 17:00:00,15.8,100,3,3,25,17,2,0,0,Overcast,0.13
2026-03-25 18:00:00,14.4,100,3,3,25,18,2,0,0,Overcast,0.13
2026-03-26 11:00:00,18.7,33,1,3,26,11,3,0,0,Mostly Clear,0.07
2026-03-26 12:00:00,20.3,30,1,3,26,12,3,0,0,Mostly Clear,0.13
2026-03-26 13:00:00,21.6,0,0,3,26,13,3,0,1,Clear,0.2
2026-03-26 14:00:00,22.8,34,1,3,26,14,3,0,0,Mostly Clear,0.25
2026-03-26 15:00:00,23.5,100,3,3,26,15,3,0,0,Overcast,0.2
2026-03-26 16:00:00,21.5,94,3,3,26,16,3,0,0,Overcast,0.15
2026-03-26 17:00:00,22.1,100,3,3,26,17,3,0,0,Overcast,0.19
2026-03-26 18:00:00,21.7,100,3,3,26,18,3,0,0,Overcast,0.14
2026-03-27 11:00:00,3.3,100,3,3,27,11,4,0,0,Overcast,0.02
2026-03-27 12:00:00,3.8,100,3,3,27,12,4,0,0,Overcast,0.0
2026-03-27 13:00:00,4.7,99,3,3,27,13,4,0,0,Overcast,0.04
2026-03-27 14:00:00,4.6,90,3,3,27,14,4,0,0,Overcast,0.05
2026-03-27 15:00:00,6.5,52,2,3,27,15,4,0,0,Partly Cloudy,0.11
2026-03-27 16:00:00,7.6,22,1,3,27,16,4,0,0,Mostly Clear,0.12
2026-03-27 17:00:00,8.0,5,0,3,27,17,4,0,1,Clear,0.16
2026-03-27 18:00:00,7.5,5,0,3,27,18,4,0,1,Clear,0.14
2026-03-28 11:00:00,1.6,49,1,3,28,11,5,1,0,Mostly Clear,0.06
2026-03-28 12:00:00,2.7,81,3,3,28,12,5,1,0,Overcast,0.07
2026-03-28 13:00:00,3.4,93,3,3,28,13,5,1,0,Overcast,0.11
2026-03-28 14:00:00,3.5,70,2,3,28,14,5,1,0,Partly Cloudy,0.15
2026-03-28 15:00:00,4.6,44,1,3,28,15,5,1,0,Mostly Clear,0.21
2026-03-28 16:00:00,5.3,6,0,3,28,16,5,1,1,Clear,0.29
2026-03-28 17:00:00,5.4,5,0,3,28,17,5,1,1,Clear,0.26
2026-03-28 18:00:00,4.9,1,0,3,28,18,5,1,1,Clear,0.25
2026-03-29 11:00:00,7.9,100,3,3,29,11,6,1,0,Overcast,0.08
2026-03-29 12:00:00,10.1,91,3,3,29,12,6,1,0,Overcast,0.15
2026-03-29 13:00:00,12.3,73,2,3,29,13,6,1,0,Partly Cloudy,0.23
2026-03-29 14:00:00,13.9,73,2,3,29,14,6,1,0,Partly Cloudy,0.21
2026-03-29 15:00:00,15.3,91,3,3,29,15,6,1,0,Overcast,0.21
2026-03-29 16:00:00,15.5,100,3,3,29,16,6,1,0,Overcast,0.17
2026-03-29 17:00:00,14.6,100,3,3,29,17,6,1,0,Overcast,0.19
2026-03-29 18:00:00,13.6,100,3,3,29,18,6,1,0,Overcast,0.19
2026-03-30 11:00:00,15.8,86,3,3,30,11,0,0,0,Overcast,0.04
2026-03-30 12:00:00,17.9,55,2,3,30,12,0,0,0,Partly Cloudy,0.1
2026-03-30 13:00:00,19.2,73,2,3,30,13,0,0,0,Partly Cloudy,0.19
2026-03-30 14:00:00,19.1,100,3,3,30,14,0,0,0,Overcast,0.13
2026-03-30 15:00:00,19.1,100,3,3,30,15,0,0,0,Overcast,0.14
2026-03-30 16:00:00,19.5,100,3,3,30,16,0,0,0,Overcast,0.18
2026-03-30 17:00:00,18.9,100,3,3,30,17,0,0,0,Overcast,0.18
2026-03-30 18:00:00,18.4,100,3,3,30,18,0,0,0,Overcast,0.18
2026-03-31 11:00:00,20.3,100,51,3,31,11,1,0,0,Drizzle,0.07
2026-03-31 12:00:00,21.6,100,3,3,31,12,1,0,0,Overcast,0.06
2026-03-31 13:00:00,21.7,47,51,3,31,13,1,0,0,Drizzle,0.09
2026-03-31 14:00:00,22.2,66,2,3,31,14,1,0,0,Partly Cloudy,0.22
2026-03-31 15:00:00,24.1,100,3,3,31,15,1,0,0,Overcast,0.18
2026-03-31 16:00:00,24.4,99,3,3,31,16,1,0,0,Overcast,0.19
2026-03-31 17:00:00,23.7,100,3,3,31,17,1,0,0,Overcast,0.21
2026-03-31 18:00:00,24.1,100,3,3,31,18,1,0,0,Overcast,0.19
2026-04-01 11:00:00,15.1,100,55,4,1,11,2,0,0,Drizzle,0.04
2026-04-01 12:00:00,13.9,96,51,4,1,12,2,0,0,Drizzle,0.05
2026-04-01 13:00:00,16.7,100,3,4,1,13,2,0,0,Overcast,0.16
2026-04-01 14:00:00,17.1,100,3,4,1,14,2,0,0,Overcast,0.2
2026-04-01 15:00:00,20.1,92,3,4,1,15,2,0,0,Overcast,0.21
2026-04-01 16:00:00,20.4,79,2,4,1,16,2,0,0,Partly Cloudy,0.29
2026-04-01 17:00:00,19.7,100,3,4,1,17,2,0,0,Overcast,0.23
2026-04-01 18:00:00,17.3,100,53,4,1,18,2,0,0,Drizzle,0.11
2026-04-02 11:00:00,17.9,81,3,4,2,11,3,0,0,Overcast,0.12
2026-04-02 12:00:00,20.7,73,2,4,2,12,3,0,0,Partly Cloudy,0.2
2026-04-02 13:00:00,23.3,27,1,4,2,13,3,0,0,Mostly Clear,0.33
2026-04-02 14:00:00,24.5,100,3,4,2,14,3,0,0,Overcast,0.24
2026-04-02 15:00:00,25.8,98,3,4,2,15,3,0,0,Overcast,0.25
2026-04-02 16:00:00,25.8,100,3,4,2,16,3,0,0,Overcast,0.26
2026-04-02 17:00:00,26.3,100,3,4,2,17,3,0,0,Overcast,0.27
2026-04-02 18:00:00,24.7,100,3,4,2,18,3,0,0,Overcast,0.24
2026-04-03 11:00:00,21.0,100,3,4,3,11,4,0,0,Overcast,0.13
2026-04-03 12:00:00,22.4,100,3,4,3,12,4,0,0,Overcast,0.2
2026-04-03 13:00:00,23.0,100,51,4,3,13,4,0,0,Drizzle,0.13
2026-04-03 14:00:00,22.8,100,3,4,3,14,4,0,0,Overcast,0.23
2026-04-03 15:00:00,24.0,99,3,4,3,15,4,0,0,Overcast,0.28
2026-04-03 16:00:00,24.1,100,3,4,3,16,4,0,0,Overcast,0.26
2026-04-03 17:00:00,23.1,98,3,4,3,17,4,0,0,Overcast,0.24
2026-04-03 18:00:00,22.7,23,1,4,3,18,4,0,0,Mostly Clear,0.39
2026-04-04 11:00:00,22.2,73,2,4,4,11,5,1,0,Partly Cloudy,0.31
2026-04-04 12:00:00,24.4,49,1,4,4,12,5,1,0,Mostly Clear,0.39
2026-04-04 13:00:00,25.7,77,2,4,4,13,5,1,0,Partly Cloudy,0.4
2026-04-04 14:00:00,26.2,100,3,4,4,14,5,1,0,Overcast,0.33
2026-04-04 15:00:00,26.8,99,3,4,4,15,5,1,0,Overcast,0.31
2026-04-04 16:00:00,27.0,98,3,4,4,16,5,1,0,Overcast,0.32
2026-04-04 17:00:00,26.9,99,3,4,4,17,5,1,0,Overcast,0.36
2026-04-04 18:00:00,26.1,100,3,4,4,18,5,1,0,Overcast,0.36
2026-04-05 11:00:00,7.8,99,3,4,5,11,6,1,0,Overcast,0.12
2026-04-05 12:00:00,9.3,100,3,4,5,12,6,1,0,Overcast,0.17
2026-04-05 13:00:00,9.4,98,3,4,5,13,6,1,0,Overcast,0.21
2026-04-05 14:00:00,8.0,100,3,4,5,14,6,1,0,Overcast,0.22
2026-04-05 15:00:00,8.1,100,3,4,5,15,6,1,0,Overcast,0.23
2026-04-05 16:00:00,8.2,100,3,4,5,16,6,1,0,Overcast,0.26
2026-04-05 17:00:00,8.3,100,3,4,5,17,6,1,0,Overcast,0.23
2026-04-05 18:00:00,7.7,85,3,4,5,18,6,1,0,Overcast,0.25
2026-04-06 11:00:00,6.4,100,3,4,6,11,0,0,0,Overcast,0.08
2026-04-06 12:00:00,7.1,100,3,4,6,12,0,0,0,Overcast,0.09
2026-04-06 13:00:00,8.0,88,3,4,6,13,0,0,0,Overcast,0.14
2026-04-06 14:00:00,10.1,43,51,4,6,14,0,0,0,Drizzle,0.08
2026-04-06 15:00:00,8.2,98,51,4,6,15,0,0,0,Drizzle,0.11
2026-04-06 16:00:00,9.3,85,51,4,6,16,0,0,0,Drizzle,0.08
2026-04-06 17:00:00,10.2,26,1,4,6,17,0,0,0,Mostly Clear,0.24
2026-04-06 18:00:00,11.0,41,1,4,6,18,0,0,0,Mostly Clear,0.24
2026-04-07 11:00:00,0.0,58,2,4,7,11,1,0,0,Partly Cloudy,0.06
2026-04-07 12:00:00,0.6,81,3,4,7,12,1,0,0,Overcast,0.05
2026-04-07 13:00:00,1.5,43,1,4,7,13,1,0,0,Mostly Clear,0.18
2026-04-07 14:00:00,3.2,28,1,4,7,14,1,0,0,Mostly Clear,0.14
2026-04-07 15:00:00,4.0,20,1,4,7,15,1,0,0,Mostly Clear,0.18
2026-04-07 16:00:00,4.3,2,0,4,7,16,1,0,1,Clear,0.2
2026-04-07 17:00:00,4.2,0,0,4,7,17,1,0,1,Clear,0.24
2026-04-07 18:00:00,3.5,0,0,4,7,18,1,0,1,Clear,0.2
2026-04-08 11:00:00,6.3,0,0,4,8,11,2,0,1,Clear,0.07
2026-04-08 12:00:00,8.8,9,0,4,8,12,2,0,1,Clear,0.11
2026-04-08 13:00:00,10.7,0,0,4,8,13,2,0,1,Clear,0.26
2026-04-08 14:00:00,12.2,0,0,4,8,14,2,0,1,Clear,0.24
2026-04-08 15:00:00,13.5,0,0,4,8,15,2,0,1,Clear,0.27
2026-04-08 16:00:00,14.3,0,0,4,8,16,2,0,1,Clear,0.31
2026-04-08 17:00:00,14.6,0,0,4,8,17,2,0,1,Clear,0.26
2026-04-08 18:00:00,14.3,0,0,4,8,18,2,0,1,Clear,0.27
2026-04-09 11:00:00,14.8,59,2,4,9,11,3,0,0,Partly Cloudy,0.11
2026-04-09 12:00:00,17.3,34,1,4,9,12,3,0,0,Mostly Clear,0.22
2026-04-09 13:00:00,19.4,0,0,4,9,13,3,0,1,Clear,0.29
2026-04-09 14:00:00,21.6,2,0,4,9,14,3,0,1,Clear,0.29
2026-04-09 15:00:00,22.3,24,1,4,9,15,3,0,0,Mostly Clear,0.4
2026-04-09 16:00:00,22.4,30,1,4,9,16,3,0,0,Mostly Clear,0.38
2026-04-09 17:00:00,22.2,11,0,4,9,17,3,0,1,Clear,0.42
2026-04-09 18:00:00,21.6,23,1,4,9,18,3,0,0,Mostly Clear,0.31
2026-04-10 11:00:00,19.2,99,3,4,10,11,4,0,0,Overcast,0.13
2026-04-10 12:00:00,21.2,69,2,4,10,12,4,0,0,Partly Cloudy,0.19
2026-04-10 13:00:00,22.4,86,3,4,10,13,4,0,0,Overcast,0.25
2026-04-10 14:00:00,23.6,95,3,4,10,14,4,0,0,Overcast,0.23
2026-04-10 15:00:00,23.8,85,3,4,10,15,4,0,0,Overcast,0.25
2026-04-10 16:00:00,23.3,89,3,4,10,16,4,0,0,Overcast,0.23
2026-04-10 17:00:00,21.2,100,3,4,10,17,4,0,0,Overcast,0.21
2026-04-10 18:00:00,16.6,100,51,4,10,18,4,0,0,Drizzle,0.12
2026-04-11 11:00:00,8.8,71,2,4,11,11,5,1,0,Partly Cloudy,0.15
2026-04-11 12:00:00,10.2,25,1,4,11,12,5,1,0,Mostly Clear,0.25
2026-04-11 13:00:00,11.5,27,1,4,11,13,5,1,0,Mostly Clear,0.35
2026-04-11 14:00:00,12.5,7,0,4,11,14,5,1,1,Clear,0.35
2026-04-11 15:00:00,13.5,5,0,4,11,15,5,1,1,Clear,0.41
2026-04-11 16:00:00,13.8,2,0,4,11,16,5,1,1,Clear,0.44
2026-04-11 17:00:00,13.9,1,0,4,11,17,5,1,1,Clear,0.41
2026-04-11 18:00:00,13.4,0,0,4,11,18,5,1,1,Clear,0.41
2026-04-12 11:00:00,16.7,100,3,4,12,11,6,1,0,Overcast,0.16
2026-04-12 12:00:00,19.5,100,3,4,12,12,6,1,0,Overcast,0.24
2026-04-12 13:00:00,22.2,100,3,4,12,13,6,1,0,Overcast,0.29
2026-04-12 14:00:00,23.9,100,3,4,12,14,6,1,0,Overcast,0.33
2026-04-12 15:00:00,24.2,100,3,4,12,15,6,1,0,Overcast,0.34
2026-04-12 16:00:00,24.4,99,3,4,12,16,6,1,0,Overcast,0.34
2026-04-12 17:00:00,24.6,75,2,4,12,17,6,1,0,Partly Cloudy,0.43
2026-04-12 18:00:00,24.2,78,2,4,12,18,6,1,0,Partly Cloudy,0.45
2026-04-13 11:00:00,22.6,74,2,4,13,11,0,0,0,Partly Cloudy,0.19
2026-04-13 12:00:00,24.3,100,3,4,13,12,0,0,0,Overcast,0.2
2026-04-13 13:00:00,25.4,12,0,4,13,13,0,0,1,Clear,0.38
2026-04-13 14:00:00,25.6,44,1,4,13,14,0,0,0,Mostly Clear,0.35
2026-04-13 15:00:00,25.7,93,3,4,13,15,0,0,0,Overcast,0.25
2026-04-13 16:00:00,25.7,23,1,4,13,16,0,0,0,Mostly Clear,0.37
2026-04-13 17:00:00,23.8,41,1,4,13,17,0,0,0,Mostly Clear,0.36
2026-04-13 18:00:00,23.7,41,1,4,13,18,0,0,0,Mostly Clear,0.36
2026-04-14 11:00:00,21.8,100,3,4,14,11,1,0,0,Overcast,0.11
2026-04-14 12:00:00,22.5,89,53,4,14,12,1,0,0,Drizzle,0.13
2026-04-14 13:00:00,24.2,67,61,4,14,13,1,0,0,Rain,0.11
2026-04-14 14:00:00,24.2,100,51,4,14,14,1,0,0,Drizzle,0.16
2026-04-14 15:00:00,19.5,100,63,4,14,15,1,0,0,Rain,0.1
2026-04-14 16:00:00,21.2,90,51,4,14,16,1,0,0,Drizzle,0.12
2026-04-14 17:00:00,23.4,98,3,4,14,17,1,0,0,Overcast,0.26
2026-04-14 18:00:00,24.0,100,3,4,14,18,1,0,0,Overcast,0.25
2026-04-15 11:00:00,22.9,98,3,4,15,11,2,0,0,Overcast,0.14
2026-04-15 12:00:00,24.9,78,2,4,15,12,2,0,0,Partly Cloudy,0.26
2026-04-15 13:00:00,25.8,100,3,4,15,13,2,0,0,Overcast,0.26
2026-04-15 14:00:00,25.9,100,51,4,15,14,2,0,0,Drizzle,0.13
2026-04-15 15:00:00,26.1,100,3,4,15,15,2,0,0,Overcast,0.26
2026-04-15 16:00:00,27.7,98,3,4,15,16,2,0,0,Overcast,0.26
2026-04-15 17:00:00,27.3,100,3,4,15,17,2,0,0,Overcast,0.26
2026-04-15 18:00:00,25.5,100,3,4,15,18,2,0,0,Overcast,0.27
2026-04-16 11:00:00,24.0,100,3,4,16,11,3,0,0,Overcast,0.17
2026-04-16 12:00:00,25.2,94,3,4,16,12,3,0,0,Overcast,0.17
2026-04-16 13:00:00,26.2,33,1,4,16,13,3,0,0,Mostly Clear,0.36
2026-04-16 14:00:00,26.9,63,2,4,16,14,3,0,0,Partly Cloudy,0.3
2026-04-16 15:00:00,27.0,43,1,4,16,15,3,0,0,Mostly Clear,0.36
2026-04-16 16:00:00,27.5,99,3,4,16,16,3,0,0,Overcast,0.28
2026-04-16 17:00:00,25.1,100,51,4,16,17,3,0,0,Drizzle,0.17
2026-04-16 18:00:00,19.2,98,61,4,16,18,3,0,0,Rain,0.09
2026-04-17 11:00:00,17.4,100,51,4,17,11,4,0,0,Drizzle,0.05
2026-04-17 12:00:00,19.2,38,1,4,17,12,4,0,0,Mostly Clear,0.21
2026-04-17 13:00:00,20.9,4,0,4,17,13,4,0,1,Clear,0.29
2026-04-17 14:00:00,21.4,9,0,4,17,14,4,0,1,Clear,0.31
2026-04-17 15:00:00,22.8,3,0,4,17,15,4,0,1,Clear,0.43
2026-04-17 16:00:00,23.6,2,0,4,17,16,4,0,1,Clear,0.4
2026-04-17 17:00:00,24.0,23,1,4,17,17,4,0,0,Mostly Clear,0.37
2026-04-17 18:00:00,23.9,60,2,4,17,18,4,0,0,Partly Cloudy,0.35
2026-04-18 11:00:00,22.2,100,3,4,18,11,5,1,0,Overcast,0.24
2026-04-18 12:00:00,24.3,100,3,4,18,12,5,1,0,Overcast,0.27
2026-04-18 13:00:00,26.2,100,3,4,18,13,5,1,0,Overcast,0.32
2026-04-18 14:00:00,26.8,100,3,4,18,14,5,1,0,Overcast,0.33
2026-04-18 15:00:00,27.5,100,3,4,18,15,5,1,0,Overcast,0.32
2026-04-18 16:00:00,26.3,100,51,4,18,16,5,1,0,Drizzle,0.19
2026-04-18 17:00:00,18.9,100,63,4,18,17,5,1,0,Rain,0.13
2026-04-18 18:00:00,18.8,100,61,4,18,18,5,1,0,Rain,0.1
2026-04-19 11:00:00,8.3,0,51,4,19,11,6,1,0,Drizzle,0.1
2026-04-19 12:00:00,9.2,1,0,4,19,12,6,1,1,Clear,0.27
2026-04-19 13:00:00,10.0,27,1,4,19,13,6,1,0,Mostly Clear,0.36
2026-04-19 14:00:00,9.4,46,1,4,19,14,6,1,0,Mostly Clear,0.29
2026-04-19 15:00:00,9.3,59,2,4,19,15,6,1,0,Partly Cloudy,0.29
2026-04-19 16:00:00,10.1,45,1,4,19,16,6,1,0,Mostly Clear,0.37
2026-04-19 17:00:00,10.2,84,3,4,19,17,6,1,0,Overcast,0.25
2026-04-19 18:00:00,9.9,73,2,4,19,18,6,1,0,Partly Cloudy,0.32
2026-04-20 11:00:00,4.3,66,2,4,20,11,0,0,0,Partly Cloudy,0.03
2026-04-20 12:00:00,4.9,91,3,4,20,12,0,0,0,Overcast,0.08
2026-04-20 13:00:00,5.2,100,3,4,20,13,0,0,0,Overcast,0.11
2026-04-20 14:00:00,5.7,61,2,4,20,14,0,0,0,Partly Cloudy,0.19
2026-04-20 15:00:00,6.1,100,3,4,20,15,0,0,0,Overcast,0.17
2026-04-20 16:00:00,5.9,80,3,4,20,16,0,0,0,Overcast,0.16
2026-04-20 17:00:00,6.3,100,3,4,20,17,0,0,0,Overcast,0.15
2026-04-20 18:00:00,6.3,65,2,4,20,18,0,0,0,Partly Cloudy,0.19
2026-04-21 11:00:00,10.1,22,1,4,21,11,1,0,0,Mostly Clear,0.09
2026-04-21 12:00:00,12.2,27,1,4,21,12,1,0,0,Mostly Clear,0.17
2026-04-21 13:00:00,14.1,25,1,4,21,13,1,0,0,Mostly Clear,0.24
2026-04-21 14:00:00,15.9,42,1,4,21,14,1,0,0,Mostly Clear,0.22
2026-04-21 15:00:00,17.4,0,0,4,21,15,1,0,1,Clear,0.33
2026-04-21 16:00:00,18.9,54,2,4,21,16,1,0,0,Partly Cloudy,0.31
2026-04-21 17:00:00,19.3,100,3,4,21,17,1,0,0,Overcast,0.22
2026-04-21 18:00:00,18.4,100,3,4,21,18,1,0,0,Overcast,0.22
2026-04-22 11:00:00,18.9,35,1,4,22,11,2,0,0,Mostly Clear,0.14
2026-04-22 12:00:00,20.5,9,0,4,22,12,2,0,1,Clear,0.24
2026-04-22 13:00:00,21.8,14,0,4,22,13,2,0,1,Clear,0.28
2026-04-22 14:00:00,22.8,23,1,4,22,14,2,0,0,Mostly Clear,0.36
2026-04-22 15:00:00,23.4,20,1,4,22,15,2,0,0,Mostly Clear,0.36
2026-04-22 16:00:00,23.3,18,0,4,22,16,2,0,1,Clear,0.44
2026-04-22 17:00:00,22.6,13,0,4,22,17,2,0,1,Clear,0.43
2026-04-22 18:00:00,21.9,33,1,4,22,18,2,0,0,Mostly Clear,0.34
2026-04-23 11:00:00,19.5,1,0,4,23,11,3,0,1,Clear,0.19
2026-04-23 12:00:00,21.4,62,2,4,23,12,3,0,0,Partly Cloudy,0.19
2026-04-23 13:00:00,22.8,73,2,4,23,13,3,0,0,Partly Cloudy,0.32
2026-04-23 14:00:00,23.2,90,3,4,23,14,3,0,0,Overcast,0.26
2026-04-23 15:00:00,24.3,64,2,4,23,15,3,0,0,Partly Cloudy,0.32
2026-04-23 16:00:00,24.6,23,1,4,23,16,3,0,0,Mostly Clear,0.37
2026-04-23 17:00:00,24.5,25,1,4,23,17,3,0,0,Mostly Clear,0.39
2026-04-23 18:00:00,23.5,29,1,4,23,18,3,0,0,Mostly Clear,0.38
2026-04-24 11:00:00,23.1,7,0,4,24,11,4,0,1,Clear,0.26
2026-04-24 12:00:00,25.0,15,0,4,24,12,4,0,1,Clear,0.29
2026-04-24 13:00:00,25.6,33,1,4,24,13,4,0,0,Mostly Clear,0.35
2026-04-24 14:00:00,25.5,98,3,4,24,14,4,0,0,Overcast,0.21
2026-04-24 15:00:00,26.0,94,3,4,24,15,4,0,0,Overcast,0.26
2026-04-24 16:00:00,26.2,100,3,4,24,16,4,0,0,Overcast,0.24
2026-04-24 17:00:00,26.0,100,3,4,24,17,4,0,0,Overcast,0.24
2026-04-24 18:00:00,23.4,100,51,4,24,18,4,0,0,Drizzle,0.14
2026-04-25 11:00:00,16.3,100,53,4,25,11,5,1,0,Drizzle,0.09
2026-04-25 12:00:00,15.7,100,61,4,25,12,5,1,0,Rain,0.07
2026-04-25 13:00:00,17.9,100,51,4,25,13,5,1,0,Drizzle,0.18
2026-04-25 14:00:00,16.1,100,61,4,25,14,5,1,0,Rain,0.09
2026-04-25 15:00:00,16.8,100,51,4,25,15,5,1,0,Drizzle,0.14
2026-04-25 16:00:00,15.6,100,3,4,25,16,5,1,0,Overcast,0.25
2026-04-25 17:00:00,13.9,100,3,4,25,17,5,1,0,Overcast,0.25
2026-04-25 18:00:00,13.7,86,3,4,25,18,5,1,0,Overcast,0.25
2026-04-26 11:00:00,11.3,100,3,4,26,11,6,1,0,Overcast,0.17
2026-04-26 12:00:00,12.9,100,3,4,26,12,6,1,0,Overcast,0.19
2026-04-26 13:00:00,13.7,100,3,4,26,13,6,1,0,Overcast,0.24
2026-04-26 14:00:00,13.2,100,3,4,26,14,6,1,0,Overcast,0.24
2026-04-26 15:00:00,13.9,100,3,4,26,15,6,1,0,Overcast,0.24
2026-04-26 16:00:00,14.5,100,3,4,26,16,6,1,0,Overcast,0.26
2026-04-26 17:00:00,14.9,61,2,4,26,17,6,1,0,Partly Cloudy,0.31
2026-04-26 18:00:00,15.2,0,0,4,26,18,6,1,1,Clear,0.42
2026-04-27 11:00:00,16.0,98,3,4,27,11,0,0,0,Overcast,0.1
2026-04-27 12:00:00,18.2,100,3,4,27,12,0,0,0,Overcast,0.12
2026-04-27 13:00:00,19.8,93,3,4,27,13,0,0,0,Overcast,0.17
2026-04-27 14:00:00,21.1,70,2,4,27,14,0,0,0,Partly Cloudy,0.24
2026-04-27 15:00:00,22.0,97,3,4,27,15,0,0,0,Overcast,0.27
2026-04-27 16:00:00,22.3,99,3,4,27,16,0,0,0,Overcast,0.27
2026-04-27 17:00:00,22.1,100,3,4,27,17,0,0,0,Overcast,0.28
2026-04-27 18:00:00,21.5,100,3,4,27,18,0,0,0,Overcast,0.2
2026-04-28 11:00:00,14.3,100,3,4,28,11,1,0,0,Overcast,0.09
2026-04-28 12:00:00,15.3,100,51,4,28,12,1,0,0,Drizzle,0.06
2026-04-28 13:00:00,15.9,100,51,4,28,13,1,0,0,Drizzle,0.11
2026-04-28 14:00:00,16.8,100,3,4,28,14,1,0,0,Overcast,0.15
2026-04-28 15:00:00,18.5,71,51,4,28,15,1,0,0,Drizzle,0.14
2026-04-28 16:00:00,21.1,73,2,4,28,16,1,0,0,Partly Cloudy,0.29
2026-04-28 17:00:00,21.9,60,51,4,28,17,1,0,0,Drizzle,0.12
2026-04-28 18:00:00,21.9,69,2,4,28,18,1,0,0,Partly Cloudy,0.26
2026-04-29 11:00:00,16.6,100,55,4,29,11,2,0,0,Drizzle,0.05
2026-04-29 12:00:00,15.4,99,53,4,29,12,2,0,0,Drizzle,0.06
2026-04-29 13:00:00,17.9,99,61,4,29,13,2,0,0,Rain,0.08
2026-04-29 14:00:00,15.6,100,51,4,29,14,2,0,0,Drizzle,0.11
2026-04-29 15:00:00,15.4,99,63,4,29,15,2,0,0,Rain,0.08
2026-04-29 16:00:00,15.3,100,53,4,29,16,2,0,0,Drizzle,0.09
2026-04-29 17:00:00,15.1,100,51,4,29,17,2,0,0,Drizzle,0.12
2026-04-29 18:00:00,14.7,91,51,4,29,18,2,0,0,Drizzle,0.14
2026-04-30 11:00:00,9.2,79,51,4,30,11,3,0,0,Drizzle,0.06
2026-04-30 12:00:00,10.1,98,3,4,30,12,3,0,0,Overcast,0.09
2026-04-30 13:00:00,10.4,100,3,4,30,13,3,0,0,Overcast,0.15
2026-04-30 14:00:00,8.6,100,3,4,30,14,3,0,0,Overcast,0.14
2026-04-30 15:00:00,9.5,38,1,4,30,15,3,0,0,Mostly Clear,0.22
2026-04-30 16:00:00,10.9,59,51,4,30,16,3,0,0,Drizzle,0.1
2026-04-30 17:00:00,10.8,45,1,4,30,17,3,0,0,Mostly Clear,0.24
2026-04-30 18:00:00,10.4,45,51,4,30,18,3,0,0,Drizzle,0.11
2026-05-01 11:00:00,10.7,89,3,5,1,11,4,0,0,Overcast,0.15
2026-05-01 12:00:00,13.0,100,3,5,1,12,4,0,0,Overcast,0.22
2026-05-01 13:00:00,11.9,100,51,5,1,13,4,0,0,Drizzle,0.16
2026-05-01 14:00:00,11.6,99,51,5,1,14,4,0,0,Drizzle,0.13
2026-05-01 15:00:00,10.7,92,51,5,1,15,4,0,0,Drizzle,0.16
2026-05-01 16:00:00,10.0,85,51,5,1,16,4,0,0,Drizzle,0.17
2026-05-01 17:00:00,8.0,100,63,5,1,17,4,0,0,Rain,0.09
2026-05-01 18:00:00,8.2,38,51,5,1,18,4,0,0,Drizzle,0.13
2026-05-02 11:00:00,7.9,100,51,5,2,11,5,1,0,Drizzle,0.14
2026-05-02 12:00:00,7.6,100,51,5,2,12,5,1,0,Drizzle,0.17
2026-05-02 13:00:00,7.6,76,53,5,2,13,5,1,0,Drizzle,0.18
2026-05-02 14:00:00,7.7,68,51,5,2,14,5,1,0,Drizzle,0.17
2026-05-02 15:00:00,8.4,100,51,5,2,15,5,1,0,Drizzle,0.21
2026-05-02 16:00:00,6.8,57,51,5,2,16,5,1,0,Drizzle,0.22
2026-05-02 17:00:00,7.4,40,51,5,2,17,5,1,0,Drizzle,0.2
2026-05-02 18:00:00,7.5,34,1,5,2,18,5,1,0,Mostly Clear,0.48
2026-05-03 11:00:00,10.0,0,0,5,3,11,6,1,1,Clear,0.38
2026-05-03 12:00:00,11.4,8,0,5,3,12,6,1,1,Clear,0.42
2026-05-03 13:00:00,13.0,84,3,5,3,13,6,1,0,Overcast,0.32
2026-05-03 14:00:00,13.3,100,3,5,3,14,6,1,0,Overcast,0.34
2026-05-03 15:00:00,13.5,99,3,5,3,15,6,1,0,Overcast,0.37
2026-05-03 16:00:00,13.9,100,3,5,3,16,6,1,0,Overcast,0.36
2026-05-03 17:00:00,14.0,100,3,5,3,17,6,1,0,Overcast,0.35
2026-05-03 18:00:00,13.6,100,3,5,3,18,6,1,0,Overcast,0.36
2026-05-04 11:00:00,16.9,0,0,5,4,11,0,0,1,Clear,0.25
2026-05-04 12:00:00,18.2,54,2,5,4,12,0,0,0,Partly Cloudy,0.33
2026-05-04 13:00:00,19.4,21,1,5,4,13,0,0,0,Mostly Clear,0.4
2026-05-04 14:00:00,20.5,20,1,5,4,14,0,0,0,Mostly Clear,0.43
2026-05-04 15:00:00,20.7,48,51,5,4,15,0,0,0,Drizzle,0.2
2026-05-04 16:00:00,20.8,30,1,5,4,16,0,0,0,Mostly Clear,0.43
2026-05-04 17:00:00,21.2,34,1,5,4,17,0,0,0,Mostly Clear,0.45
2026-05-04 18:00:00,19.5,19,51,5,4,18,0,0,0,Drizzle,0.19
2026-05-05 11:00:00,21.1,100,3,5,5,11,1,0,0,Overcast,0.2
2026-05-05 12:00:00,22.0,100,3,5,5,12,1,0,0,Overcast,0.28
2026-05-05 13:00:00,23.0,100,3,5,5,13,1,0,0,Overcast,0.31
2026-05-05 14:00:00,23.4,100,3,5,5,14,1,0,0,Overcast,0.31
2026-05-05 15:00:00,23.3,100,3,5,5,15,1,0,0,Overcast,0.37
2026-05-05 16:00:00,23.4,100,3,5,5,16,1,0,0,Overcast,0.35
2026-05-05 17:00:00,21.6,100,3,5,5,17,1,0,0,Overcast,0.32
2026-05-05 18:00:00,22.0,100,3,5,5,18,1,0,0,Overcast,0.34
2026-05-06 11:00:00,11.0,100,3,5,6,11,2,0,0,Overcast,0.18
2026-05-06 12:00:00,12.0,100,3,5,6,12,2,0,0,Overcast,0.22
2026-05-06 13:00:00,14.2,100,3,5,6,13,2,0,0,Overcast,0.23
2026-05-06 14:00:00,13.4,100,3,5,6,14,2,0,0,Overcast,0.25
2026-05-06 15:00:00,13.9,100,3,5,6,15,2,0,0,Overcast,0.28
2026-05-06 16:00:00,13.5,100,3,5,6,16,2,0,0,Overcast,0.27
2026-05-06 17:00:00,13.0,100,3,5,6,17,2,0,0,Overcast,0.29
2026-05-06 18:00:00,12.8,85,3,5,6,18,2,0,0,Overcast,0.25
2026-05-07 11:00:00,13.2,99,3,5,7,11,3,0,0,Overcast,0.17
2026-05-07 12:00:00,13.2,91,3,5,7,12,3,0,0,Overcast,0.18
2026-05-07 13:00:00,14.4,80,3,5,7,13,3,0,0,Overcast,0.23
2026-05-07 14:00:00,15.2,52,2,5,7,14,3,0,0,Partly Cloudy,0.3
2026-05-07 15:00:00,15.6,98,3,5,7,15,3,0,0,Overcast,0.29
2026-05-07 16:00:00,15.4,86,3,5,7,16,3,0,0,Overcast,0.28
2026-05-07 17:00:00,14.5,93,3,5,7,17,3,0,0,Overcast,0.26
2026-05-07 18:00:00,13.8,83,3,5,7,18,3,0,0,Overcast,0.28
2026-05-08 11:00:00,13.9,23,1,5,8,11,4,0,0,Mostly Clear,0.26
2026-05-08 12:00:00,15.4,100,3,5,8,12,4,0,0,Overcast,0.2
2026-05-08 13:00:00,15.1,100,51,5,8,13,4,0,0,Drizzle,0.14
2026-05-08 14:00:00,15.6,100,3,5,8,14,4,0,0,Overcast,0.23
2026-05-08 15:00:00,12.0,100,51,5,8,15,4,0,0,Drizzle,0.18
2026-05-08 16:00:00,11.6,100,61,5,8,16,4,0,0,Rain,0.08
2026-05-08 17:00:00,14.8,98,3,5,8,17,4,0,0,Overcast,0.28
2026-05-08 18:00:00,15.6,100,3,5,8,18,4,0,0,Overcast,0.29
2026-05-09 11:00:00,12.6,100,51,5,9,11,5,1,0,Drizzle,0.14
2026-05-09 12:00:00,13.4,25,51,5,9,12,5,1,0,Drizzle,0.16
2026-05-09 13:00:00,15.9,23,51,5,9,13,5,1,0,Drizzle,0.18
2026-05-09 14:00:00,16.7,30,1,5,9,14,5,1,0,Mostly Clear,0.46
2026-05-09 15:00:00,17.5,37,51,5,9,15,5,1,0,Drizzle,0.23
2026-05-09 16:00:00,18.2,44,1,5,9,16,5,1,0,Mostly Clear,0.56
2026-05-09 17:00:00,18.7,48,51,5,9,17,5,1,0,Drizzle,0.25
2026-05-09 18:00:00,18.6,34,1,5,9,18,5,1,0,Mostly Clear,0.57
2026-05-10 11:00:00,14.3,92,3,5,10,11,6,1,0,Overcast,0.23
2026-05-10 12:00:00,14.6,100,3,5,10,12,6,1,0,Overcast,0.29
2026-05-10 13:00:00,14.7,92,3,5,10,13,6,1,0,Overcast,0.31
2026-05-10 14:00:00,14.9,68,2,5,10,14,6,1,0,Partly Cloudy,0.4
2026-05-10 15:00:00,16.0,2,0,5,10,15,6,1,1,Clear,0.57
2026-05-10 16:00:00,16.7,5,0,5,10,16,6,1,1,Clear,0.55
2026-05-10 17:00:00,16.9,29,1,5,10,17,6,1,0,Mostly Clear,0.5
2026-05-10 18:00:00,15.9,1,0,5,10,18,6,1,1,Clear,0.55
2026-05-11 11:00:00,14.6,2,0,5,11,11,0,0,1,Clear,0.27
2026-05-11 12:00:00,15.2,23,1,5,11,12,0,0,0,Mostly Clear,0.29
2026-05-11 13:00:00,16.0,89,3,5,11,13,0,0,0,Overcast,0.23
2026-05-11 14:00:00,16.1,100,3,5,11,14,0,0,0,Overcast,0.23
2026-05-11 15:00:00,15.8,90,3,5,11,15,0,0,0,Overcast,0.27
2026-05-11 16:00:00,15.8,66,2,5,11,16,0,0,0,Partly Cloudy,0.33
2026-05-11 17:00:00,15.3,48,1,5,11,17,0,0,0,Mostly Clear,0.37
2026-05-11 18:00:00,14.6,53,2,5,11,18,0,0,0,Partly Cloudy,0.35
2026-05-12 11:00:00,14.9,6,0,5,12,11,1,0,1,Clear,0.28
2026-05-12 12:00:00,16.2,24,1,5,12,12,1,0,0,Mostly Clear,0.29
2026-05-12 13:00:00,17.3,59,2,5,12,13,1,0,0,Partly Cloudy,0.38
2026-05-12 14:00:00,18.7,41,1,5,12,14,1,0,0,Mostly Clear,0.42
2026-05-12 15:00:00,19.5,39,1,5,12,15,1,0,0,Mostly Clear,0.46
2026-05-12 16:00:00,20.0,66,2,5,12,16,1,0,0,Partly Cloudy,0.4
2026-05-12 17:00:00,20.1,76,2,5,12,17,1,0,0,Partly Cloudy,0.39
2026-05-12 18:00:00,19.7,67,2,5,12,18,1,0,0,Partly Cloudy,0.39
2026-05-13 11:00:00,18.0,28,1,5,13,11,2,0,0,Mostly Clear,0.29
2026-05-13 12:00:00,19.0,66,2,5,13,12,2,0,0,Partly Cloudy,0.29
2026-05-13 13:00:00,19.7,64,51,5,13,13,2,0,0,Drizzle,0.16
2026-05-13 14:00:00,16.4,62,53,5,13,14,2,0,0,Drizzle,0.14
2026-05-13 15:00:00,16.6,70,61,5,13,15,2,0,0,Rain,0.1
2026-05-13 16:00:00,17.4,32,51,5,13,16,2,0,0,Drizzle,0.18
2026-05-13 17:00:00,16.2,34,53,5,13,17,2,0,0,Drizzle,0.15
2026-05-13 18:00:00,13.7,48,55,5,13,18,2,0,0,Drizzle,0.16
2026-05-14 11:00:00,9.0,100,51,5,14,11,3,0,0,Drizzle,0.12
2026-05-14 12:00:00,9.2,100,51,5,14,12,3,0,0,Drizzle,0.12
2026-05-14 13:00:00,9.4,100,51,5,14,13,3,0,0,Drizzle,0.13
2026-05-14 14:00:00,9.6,100,51,5,14,14,3,0,0,Drizzle,0.14
2026-05-14 15:00:00,9.5,100,3,5,14,15,3,0,0,Overcast,0.25
2026-05-14 16:00:00,10.8,100,3,5,14,16,3,0,0,Overcast,0.26
2026-05-14 17:00:00,11.8,100,3,5,14,17,3,0,0,Overcast,0.28
2026-05-14 18:00:00,11.9,100,3,5,14,18,3,0,0,Overcast,0.26
2026-05-15 11:00:00,14.0,99,3,5,15,11,4,0,0,Overcast,0.19
2026-05-15 12:00:00,15.9,97,3,5,15,12,4,0,0,Overcast,0.18
2026-05-15 13:00:00,17.2,98,3,5,15,13,4,0,0,Overcast,0.29
2026-05-15 14:00:00,18.4,98,3,5,15,14,4,0,0,Overcast,0.3
2026-05-15 15:00:00,18.7,99,3,5,15,15,4,0,0,Overcast,0.32
2026-05-15 16:00:00,19.0,100,3,5,15,16,4,0,0,Overcast,0.29
2026-05-15 17:00:00,18.9,99,3,5,15,17,4,0,0,Overcast,0.29
2026-05-15 18:00:00,18.4,88,3,5,15,18,4,0,0,Overcast,0.29
2026-05-16 11:00:00,21.1,100,3,5,16,11,5,1,0,Overcast,0.28
2026-05-16 12:00:00,22.5,100,3,5,16,12,5,1,0,Overcast,0.34
2026-05-16 13:00:00,23.7,71,2,5,16,13,5,1,0,Partly Cloudy,0.54
2026-05-16 14:00:00,20.4,100,51,5,16,14,5,1,0,Drizzle,0.23
2026-05-16 15:00:00,19.1,100,61,5,16,15,5,1,0,Rain,0.15
2026-05-16 16:00:00,18.2,100,51,5,16,16,5,1,0,Drizzle,0.22
2026-05-16 17:00:00,20.0,83,3,5,16,17,5,1,0,Overcast,0.41
2026-05-16 18:00:00,21.1,95,3,5,16,18,5,1,0,Overcast,0.36
2026-05-17 11:00:00,24.0,4,0,5,17,11,6,1,1,Clear,0.54
2026-05-17 12:00:00,25.7,9,0,5,17,12,6,1,1,Clear,0.58
2026-05-17 13:00:00,26.9,23,51,5,17,13,6,1,0,Drizzle,0.23
2026-05-17 14:00:00,27.5,23,51,5,17,14,6,1,0,Drizzle,0.23
2026-05-17 15:00:00,28.4,29,51,5,17,15,6,1,0,Drizzle,0.29
2026-05-17 16:00:00,26.1,30,51,5,17,16,6,1,0,Drizzle,0.24
2026-05-17 17:00:00,27.5,73,2,5,17,17,6,1,0,Partly Cloudy,0.56
2026-05-17 18:00:00,27.8,91,3,5,17,18,6,1,0,Overcast,0.41
2026-05-18 11:00:00,29.2,26,1,5,18,11,0,0,0,Mostly Clear,0.38
2026-05-18 12:00:00,29.6,17,0,5,18,12,0,0,1,Clear,0.51
2026-05-18 13:00:00,30.6,12,0,5,18,13,0,0,1,Clear,0.56
2026-05-18 14:00:00,31.8,42,1,5,18,14,0,0,0,Mostly Clear,0.53
2026-05-18 15:00:00,31.3,37,51,5,18,15,0,0,0,Drizzle,0.21
2026-05-18 16:00:00,31.6,10,0,5,18,16,0,0,1,Clear,0.62
2026-05-18 17:00:00,31.6,32,51,5,18,17,0,0,0,Drizzle,0.25
2026-05-18 18:00:00,31.4,53,51,5,18,18,0,0,0,Drizzle,0.21
2026-05-19 11:00:00,23.3,95,51,5,19,11,1,0,0,Drizzle,0.16
2026-05-19 12:00:00,25.4,70,51,5,19,12,1,0,0,Drizzle,0.17
2026-05-19 13:00:00,28.1,77,2,5,19,13,1,0,0,Partly Cloudy,0.46
2026-05-19 14:00:00,28.1,70,2,5,19,14,1,0,0,Partly Cloudy,0.46
2026-05-19 15:00:00,28.7,11,0,5,19,15,1,0,1,Clear,0.64
2026-05-19 16:00:00,29.8,30,1,5,19,16,1,0,0,Mostly Clear,0.53
2026-05-19 17:00:00,29.6,42,1,5,19,17,1,0,0,Mostly Clear,0.54
2026-05-19 18:00:00,30.0,55,2,5,19,18,1,0,0,Partly Cloudy,0.47
2026-05-20 11:00:00,22.8,99,51,5,20,11,2,0,0,Drizzle,0.14
2026-05-20 12:00:00,23.7,100,51,5,20,12,2,0,0,Drizzle,0.18
2026-05-20 13:00:00,20.9,94,61,5,20,13,2,0,0,Rain,0.12
2026-05-20 14:00:00,22.1,100,51,5,20,14,2,0,0,Drizzle,0.21
2026-05-20 15:00:00,21.1,95,51,5,20,15,2,0,0,Drizzle,0.17
2026-05-20 16:00:00,19.6,99,53,5,20,16,2,0,0,Drizzle,0.19
2026-05-20 17:00:00,17.8,96,61,5,20,17,2,0,0,Rain,0.14
2026-05-20 18:00:00,17.8,100,3,5,20,18,2,0,0,Overcast,0.3
2026-05-21 11:00:00,12.9,100,3,5,21,11,3,0,0,Overcast,0.15
2026-05-21 12:00:00,13.5,100,3,5,21,12,3,0,0,Overcast,0.19
2026-05-21 13:00:00,14.3,100,3,5,21,13,3,0,0,Overcast,0.26
2026-05-21 14:00:00,16.6,100,3,5,21,14,3,0,0,Overcast,0.26
2026-05-21 15:00:00,17.0,100,3,5,21,15,3,0,0,Overcast,0.33
2026-05-21 16:00:00,17.7,99,3,5,21,16,3,0,0,Overcast,0.28
2026-05-21 17:00:00,17.5,98,3,5,21,17,3,0,0,Overcast,0.29
2026-05-21 18:00:00,17.2,98,3,5,21,18,3,0,0,Overcast,0.33
2026-05-22 11:00:00,17.4,100,3,5,22,11,4,0,0,Overcast,0.18
2026-05-22 12:00:00,16.7,100,3,5,22,12,4,0,0,Overcast,0.2
2026-05-22 13:00:00,16.6,100,3,5,22,13,4,0,0,Overcast,0.27
2026-05-22 14:00:00,16.8,100,53,5,22,14,4,0,0,Drizzle,0.18
2026-05-22 15:00:00,16.5,100,51,5,22,15,4,0,0,Drizzle,0.16
2026-05-22 16:00:00,14.9,100,53,5,22,16,4,0,0,Drizzle,0.17
2026-05-22 17:00:00,13.8,100,61,5,22,17,4,0,0,Rain,0.09
2026-05-22 18:00:00,13.4,100,61,5,22,18,4,0,0,Rain,0.13
2026-05-23 11:00:00,10.8,99,53,5,23,11,5,1,0,Drizzle,0.15
2026-05-23 12:00:00,13.2,84,3,5,23,12,5,1,0,Overcast,0.3
2026-05-23 13:00:00,16.1,92,51,5,23,13,5,1,0,Drizzle,0.2
2026-05-23 14:00:00,17.3,66,2,5,23,14,5,1,0,Partly Cloudy,0.49
2026-05-23 15:00:00,18.4,99,3,5,23,15,5,1,0,Overcast,0.38
2026-05-23 16:00:00,18.2,99,3,5,23,16,5,1,0,Overcast,0.39
2026-05-23 17:00:00,17.8,99,3,5,23,17,5,1,0,Overcast,0.37
2026-05-23 18:00:00,16.7,99,51,5,23,18,5,1,0,Drizzle,0.22
2026-05-24 11:00:00,19.8,88,51,5,24,11,6,1,0,Drizzle,0.19
2026-05-24 12:00:00,22.0,100,3,5,24,12,6,1,0,Overcast,0.33
2026-05-24 13:00:00,22.4,99,53,5,24,13,6,1,0,Drizzle,0.25
2026-05-24 14:00:00,20.5,79,51,5,24,14,6,1,0,Drizzle,0.23
2026-05-24 15:00:00,22.7,98,51,5,24,15,6,1,0,Drizzle,0.28
2026-05-24 16:00:00,23.4,100,51,5,24,16,6,1,0,Drizzle,0.24
2026-05-24 17:00:00,20.7,100,65,5,24,17,6,1,0,Rain,0.15
2026-05-24 18:00:00,19.9,100,63,5,24,18,6,1,0,Rain,0.14
2026-05-25 11:00:00,21.6,100,51,5,25,11,0,0,0,Drizzle,0.13
2026-05-25 12:00:00,21.0,97,51,5,25,12,0,0,0,Drizzle,0.14
2026-05-25 13:00:00,22.1,41,51,5,25,13,0,0,0,Drizzle,0.19
2026-05-25 14:00:00,23.8,58,51,5,25,14,0,0,0,Drizzle,0.18
2026-05-25 15:00:00,24.1,63,2,5,25,15,0,0,0,Partly Cloudy,0.44
2026-05-25 16:00:00,24.2,52,2,5,25,16,0,0,0,Partly Cloudy,0.44
2026-05-25 17:00:00,24.0,62,2,5,25,17,0,0,0,Partly Cloudy,0.45
2026-05-25 18:00:00,23.4,76,2,5,25,18,0,0,0,Partly Cloudy,0.45
2026-05-26 11:00:00,23.7,97,51,5,26,11,1,0,0,Drizzle,0.14
2026-05-26 12:00:00,24.2,97,53,5,26,12,1,0,0,Drizzle,0.17
2026-05-26 13:00:00,25.4,100,51,5,26,13,1,0,0,Drizzle,0.18
2026-05-26 14:00:00,26.5,98,51,5,26,14,1,0,0,Drizzle,0.21
2026-05-26 15:00:00,26.7,100,3,5,26,15,1,0,0,Overcast,0.33
2026-05-26 16:00:00,26.3,100,51,5,26,16,1,0,0,Drizzle,0.22
2026-05-26 17:00:00,25.7,100,51,5,26,17,1,0,0,Drizzle,0.23
2026-05-26 18:00:00,25.0,100,3,5,26,18,1,0,0,Overcast,0.37
2026-05-27 11:00:00,20.5,100,61,5,27,11,2,0,0,Rain,0.07
2026-05-27 12:00:00,20.9,66,53,5,27,12,2,0,0,Drizzle,0.15
2026-05-27 13:00:00,22.8,41,1,5,27,13,2,0,0,Mostly Clear,0.49
2026-05-27 14:00:00,25.1,81,3,5,27,14,2,0,0,Overcast,0.3
2026-05-27 15:00:00,25.3,88,3,5,27,15,2,0,0,Overcast,0.34
2026-05-27 16:00:00,25.0,99,3,5,27,16,2,0,0,Overcast,0.34
2026-05-27 17:00:00,24.5,64,2,5,27,17,2,0,0,Partly Cloudy,0.46
2026-05-27 18:00:00,24.6,53,2,5,27,18,2,0,0,Partly Cloudy,0.47
2026-05-28 11:00:00,20.2,0,0,5,28,11,3,0,1,Clear,0.31
2026-05-28 12:00:00,21.1,70,2,5,28,12,3,0,0,Partly Cloudy,0.32
2026-05-28 13:00:00,21.2,20,1,5,28,13,3,0,0,Mostly Clear,0.43
2026-05-28 14:00:00,22.3,4,0,5,28,14,3,0,1,Clear,0.5
2026-05-28 15:00:00,22.2,9,0,5,28,15,3,0,1,Clear,0.55
2026-05-28 16:00:00,21.9,1,0,5,28,16,3,0,1,Clear,0.52
2026-05-28 17:00:00,21.6,6,0,5,28,17,3,0,1,Clear,0.49
2026-05-28 18:00:00,20.5,9,0,5,28,18,3,0,1,Clear,0.51
2026-05-29 11:00:00,18.7,2,0,5,29,11,4,0,1,Clear,0.33
2026-05-29 12:00:00,19.9,4,0,5,29,12,4,0,1,Clear,0.38
2026-05-29 13:00:00,21.0,6,0,5,29,13,4,0,1,Clear,0.45
2026-05-29 14:00:00,23.0,6,0,5,29,14,4,0,1,Clear,0.5
2026-05-29 15:00:00,23.4,0,0,5,29,15,4,0,1,Clear,0.58
2026-05-29 16:00:00,23.6,0,0,5,29,16,4,0,1,Clear,0.55
2026-05-29 17:00:00,23.5,0,0,5,29,17,4,0,1,Clear,0.58
2026-05-29 18:00:00,23.2,0,0,5,29,18,4,0,1,Clear,0.58
2026-05-30 11:00:00,15.1,0,0,5,30,11,5,1,1,Clear,0.4
2026-05-30 12:00:00,16.5,0,0,5,30,12,5,1,1,Clear,0.44
2026-05-30 13:00:00,18.0,0,0,5,30,13,5,1,1,Clear,0.59
2026-05-30 14:00:00,20.2,0,0,5,30,14,5,1,1,Clear,0.59
2026-05-30 15:00:00,20.3,0,0,5,30,15,5,1,1,Clear,0.65
2026-05-30 16:00:00,20.4,0,0,5,30,16,5,1,1,Clear,0.62
2026-05-30 17:00:00,20.3,14,0,5,30,17,5,1,1,Clear,0.6
2026-05-30 18:00:00,20.1,38,1,5,30,18,5,1,0,Mostly Clear,0.57
2026-05-31 11:00:00,18.1,0,0,5,31,11,6,1,1,Clear,0.43
2026-05-31 12:00:00,19.4,0,0,5,31,12,6,1,1,Clear,0.5
2026-05-31 13:00:00,20.4,0,0,5,31,13,6,1,1,Clear,0.6
2026-05-31 14:00:00,22.0,0,0,5,31,14,6,1,1,Clear,0.65
2026-05-31 15:00:00,22.3,0,0,5,31,15,6,1,1,Clear,0.71
2026-05-31 16:00:00,22.6,0,0,5,31,16,6,1,1,Clear,0.68
2026-05-31 17:00:00,22.9,0,0,5,31,17,6,1,1,Clear,0.72
2026-05-31 18:00:00,22.6,2,0,5,31,18,6,1,1,Clear,0.67
2026-06-01 10:00:00,18.1,41,1,6,1,10,0,0,0,Mostly Clear,0.5
2026-06-01 11:00:00,20.2,73,2,6,1,11,0,0,0,Partly Cloudy,0.45
2026-06-01 12:00:00,21.6,99,3,6,1,12,0,0,0,Overcast,0.37
2026-06-01 13:00:00,22.3,100,3,6,1,13,0,0,0,Overcast,0.46
2026-06-01 14:00:00,23.7,100,3,6,1,14,0,0,0,Overcast,0.42
2026-06-01 15:00:00,23.3,100,3,6,1,15,0,0,0,Overcast,0.46
2026-06-01 16:00:00,23.0,100,3,6,1,16,0,0,0,Overcast,0.49
2026-06-01 17:00:00,22.5,100,3,6,1,17,0,0,0,Overcast,0.45
2026-06-01 18:00:00,22.1,99,3,6,1,18,0,0,0,Overcast,0.48
2026-06-01 19:00:00,21.7,97,3,6,1,19,0,0,0,Overcast,0.39
2026-06-01 20:00:00,21.7,97,3,6,1,20,0,0,0,Overcast,0.41
2026-06-02 10:00:00,18.0,3,0,6,2,10,1,0,1,Clear,0.53
2026-06-02 11:00:00,20.1,3,0,6,2,11,1,0,1,Clear,0.56
2026-06-02 12:00:00,21.4,37,1,6,2,12,1,0,0,Mostly Clear,0.53
2026-06-02 13:00:00,21.9,37,1,6,2,13,1,0,0,Mostly Clear,0.57
2026-06-02 14:00:00,23.5,26,1,6,2,14,1,0,0,Mostly Clear,0.66
2026-06-02 15:00:00,23.4,12,0,6,2,15,1,0,1,Clear,0.75
2026-06-02 16:00:00,23.4,8,0,6,2,16,1,0,1,Clear,0.75
2026-06-02 17:00:00,23.3,7,0,6,2,17,1,0,1,Clear,0.74
2026-06-02 18:00:00,23.2,19,0,6,2,18,1,0,1,Clear,0.78
2026-06-02 19:00:00,22.5,70,2,6,2,19,1,0,0,Partly Cloudy,0.56
2026-06-02 20:00:00,21.8,86,3,6,2,20,1,0,0,Overcast,0.37
2026-06-03 10:00:00,20.3,2,0,6,3,10,2,0,1,Clear,0.52
2026-06-03 11:00:00,22.3,0,0,6,3,11,2,0,1,Clear,0.66
2026-06-03 12:00:00,23.7,0,0,6,3,12,2,0,1,Clear,0.66
2026-06-03 13:00:00,24.6,0,0,6,3,13,2,0,1,Clear,0.72
2026-06-03 14:00:00,25.7,22,1,6,3,14,2,0,0,Mostly Clear,0.66
2026-06-03 15:00:00,25.8,36,1,6,3,15,2,0,0,Mostly Clear,0.7
2026-06-03 16:00:00,26.0,40,1,6,3,16,2,0,0,Mostly Clear,0.7
2026-06-03 17:00:00,26.0,41,1,6,3,17,2,0,0,Mostly Clear,0.71
2026-06-03 18:00:00,25.6,16,0,6,3,18,2,0,1,Clear,0.75
2026-06-03 19:00:00,24.9,0,0,6,3,19,2,0,1,Clear,0.67
2026-06-03 20:00:00,24.7,0,0,6,3,20,2,0,1,Clear,0.67
2026-06-04 10:00:00,22.4,14,0,6,4,10,3,0,1,Clear,0.61
2026-06-04 11:00:00,25.1,51,2,6,4,11,3,0,0,Partly Cloudy,0.53
2026-06-04 12:00:00,26.7,16,0,6,4,12,3,0,1,Clear,0.69
2026-06-04 13:00:00,27.8,63,2,6,4,13,3,0,0,Partly Cloudy,0.6
2026-06-04 14:00:00,28.9,61,2,6,4,14,3,0,0,Partly Cloudy,0.63
2026-06-04 15:00:00,29.1,22,1,6,4,15,3,0,0,Mostly Clear,0.73
2026-06-04 16:00:00,29.3,62,2,6,4,16,3,0,0,Partly Cloudy,0.63
2026-06-04 17:00:00,29.2,63,2,6,4,17,3,0,0,Partly Cloudy,0.67
2026-06-04 18:00:00,28.7,84,3,6,4,18,3,0,0,Overcast,0.49
2026-06-04 19:00:00,28.0,26,1,6,4,19,3,0,0,Mostly Clear,0.68
2026-06-04 20:00:00,26.9,25,1,6,4,20,3,0,0,Mostly Clear,0.64
2026-06-05 10:00:00,24.7,34,1,6,5,10,4,0,0,Mostly Clear,0.56
2026-06-05 11:00:00,26.8,52,2,6,5,11,4,0,0,Partly Cloudy,0.52
2026-06-05 12:00:00,28.0,35,1,6,5,12,4,0,0,Mostly Clear,0.65
2026-06-05 13:00:00,29.2,76,2,6,5,13,4,0,0,Partly Cloudy,0.61
2026-06-05 14:00:00,29.1,77,2,6,5,14,4,0,0,Partly Cloudy,0.63
2026-06-05 15:00:00,28.8,94,3,6,5,15,4,0,0,Overcast,0.52
2026-06-05 16:00:00,29.0,91,3,6,5,16,4,0,0,Overcast,0.52
2026-06-05 17:00:00,29.1,60,2,6,5,17,4,0,0,Partly Cloudy,0.67
2026-06-05 18:00:00,29.6,24,1,6,5,18,4,0,0,Mostly Clear,0.72
2026-06-05 19:00:00,29.2,25,1,6,5,19,4,0,0,Mostly Clear,0.68
2026-06-05 20:00:00,27.6,7,0,6,5,20,4,0,1,Clear,0.68
2026-06-06 10:00:00,24.5,64,2,6,6,10,5,1,0,Partly Cloudy,0.59
2026-06-06 11:00:00,26.3,53,2,6,6,11,5,1,0,Partly Cloudy,0.62
2026-06-06 12:00:00,28.0,24,1,6,6,12,5,1,0,Mostly Clear,0.78
2026-06-06 13:00:00,29.1,65,2,6,6,13,5,1,0,Partly Cloudy,0.72
2026-06-06 14:00:00,25.0,100,3,6,6,14,5,1,0,Overcast,0.53
2026-06-06 15:00:00,22.6,100,61,6,6,15,5,1,0,Rain,0.19
2026-06-06 16:00:00,23.8,98,51,6,6,16,5,1,0,Drizzle,0.31
2026-06-06 17:00:00,25.5,71,2,6,6,17,5,1,0,Partly Cloudy,0.7
2026-06-06 18:00:00,26.1,49,1,6,6,18,5,1,0,Mostly Clear,0.82
2026-06-06 19:00:00,24.9,62,51,6,6,19,5,1,0,Drizzle,0.29
2026-06-06 20:00:00,20.0,95,53,6,6,20,5,1,0,Drizzle,0.27
2026-06-07 10:00:00,22.9,15,0,6,7,10,6,1,1,Clear,0.73
2026-06-07 11:00:00,24.5,9,0,6,7,11,6,1,1,Clear,0.77
2026-06-07 12:00:00,25.6,5,0,6,7,12,6,1,1,Clear,0.79
2026-06-07 13:00:00,26.2,3,0,6,7,13,6,1,1,Clear,0.88
2026-06-07 14:00:00,27.3,0,0,6,7,14,6,1,1,Clear,0.83
2026-06-07 15:00:00,27.4,0,0,6,7,15,6,1,1,Clear,0.9
2026-06-07 16:00:00,27.5,0,0,6,7,16,6,1,1,Clear,0.9
2026-06-07 17:00:00,27.2,0,0,6,7,17,6,1,1,Clear,0.89
2026-06-07 18:00:00,26.6,0,0,6,7,18,6,1,1,Clear,0.92
2026-06-07 19:00:00,25.4,0,0,6,7,19,6,1,1,Clear,0.8
2026-06-07 20:00:00,24.7,0,0,6,7,20,6,1,1,Clear,0.83
2026-06-08 10:00:00,23.7,2,0,6,8,10,0,0,1,Clear,0.61
2026-06-08 11:00:00,25.7,19,0,6,8,11,0,0,1,Clear,0.66
2026-06-08 12:00:00,27.2,21,1,6,8,12,0,0,0,Mostly Clear,0.62
2026-06-08 13:00:00,28.2,20,1,6,8,13,0,0,0,Mostly Clear,0.7
2026-06-08 14:00:00,28.9,88,3,6,8,14,0,0,0,Overcast,0.46
2026-06-08 15:00:00,29.1,95,3,6,8,15,0,0,0,Overcast,0.49
2026-06-08 16:00:00,29.3,100,3,6,8,16,0,0,0,Overcast,0.52
2026-06-08 17:00:00,29.1,100,3,6,8,17,0,0,0,Overcast,0.47
2026-06-08 18:00:00,28.7,96,3,6,8,18,0,0,0,Overcast,0.48
2026-06-08 19:00:00,28.1,94,3,6,8,19,0,0,0,Overcast,0.43
2026-06-08 20:00:00,27.3,100,3,6,8,20,0,0,0,Overcast,0.43
2026-06-09 10:00:00,25.9,100,3,6,9,10,1,0,0,Overcast,0.39
2026-06-09 11:00:00,27.2,95,3,6,9,11,1,0,0,Overcast,0.38
2026-06-09 12:00:00,28.8,98,3,6,9,12,1,0,0,Overcast,0.43
2026-06-09 13:00:00,29.9,93,3,6,9,13,1,0,0,Overcast,0.46
2026-06-09 14:00:00,29.5,100,3,6,9,14,1,0,0,Overcast,0.45
2026-06-09 15:00:00,26.2,99,55,6,9,15,1,0,0,Drizzle,0.29
2026-06-09 16:00:00,24.6,100,55,6,9,16,1,0,0,Drizzle,0.29
2026-06-09 17:00:00,25.8,89,51,6,9,17,1,0,0,Drizzle,0.29
2026-06-09 18:00:00,25.0,82,53,6,9,18,1,0,0,Drizzle,0.26
2026-06-09 19:00:00,23.8,97,51,6,9,19,1,0,0,Drizzle,0.25
2026-06-09 20:00:00,24.7,79,53,6,9,20,1,0,0,Drizzle,0.24
2026-06-10 10:00:00,21.5,100,63,6,10,10,2,0,0,Rain,0.11
2026-06-10 11:00:00,21.5,100,53,6,10,11,2,0,0,Drizzle,0.21
2026-06-10 12:00:00,23.3,100,51,6,10,12,2,0,0,Drizzle,0.23
2026-06-10 13:00:00,25.5,98,51,6,10,13,2,0,0,Drizzle,0.27
2026-06-10 14:00:00,26.4,47,51,6,10,14,2,0,0,Drizzle,0.27
2026-06-10 15:00:00,28.1,34,51,6,10,15,2,0,0,Drizzle,0.32
2026-06-10 16:00:00,27.8,38,53,6,10,16,2,0,0,Drizzle,0.27
2026-06-10 17:00:00,28.3,3,51,6,10,17,2,0,0,Drizzle,0.3
2026-06-10 18:00:00,28.7,23,1,6,10,18,2,0,0,Mostly Clear,0.73
2026-06-10 19:00:00,28.2,44,1,6,10,19,2,0,0,Mostly Clear,0.68
2026-06-10 20:00:00,24.7,48,1,6,10,20,2,0,0,Mostly Clear,0.61
2026-06-11 10:00:00,25.9,96,3,6,11,10,3,0,0,Overcast,0.35
2026-06-11 11:00:00,28.6,93,3,6,11,11,3,0,0,Overcast,0.42
2026-06-11 12:00:00,30.8,88,3,6,11,12,3,0,0,Overcast,0.44
2026-06-11 13:00:00,31.2,80,51,6,11,13,3,0,0,Drizzle,0.31
2026-06-11 14:00:00,30.6,59,2,6,11,14,3,0,0,Partly Cloudy,0.65
2026-06-11 15:00:00,27.9,96,61,6,11,15,3,0,0,Rain,0.18
2026-06-11 16:00:00,28.3,62,51,6,11,16,3,0,0,Drizzle,0.3
2026-06-11 17:00:00,27.4,64,51,6,11,17,3,0,0,Drizzle,0.27
2026-06-11 18:00:00,28.1,77,51,6,11,18,3,0,0,Drizzle,0.32
2026-06-11 19:00:00,27.7,72,51,6,11,19,3,0,0,Drizzle,0.27
2026-06-11 20:00:00,24.0,97,3,6,11,20,3,0,0,Overcast,0.4
2026-06-12 10:00:00,26.4,100,3,6,12,10,4,0,0,Overcast,0.39
2026-06-12 11:00:00,25.2,33,51,6,12,11,4,0,0,Drizzle,0.23
2026-06-12 12:00:00,26.8,75,51,6,12,12,4,0,0,Drizzle,0.27
2026-06-12 13:00:00,27.4,100,3,6,12,13,4,0,0,Overcast,0.44
2026-06-12 14:00:00,26.3,76,2,6,12,14,4,0,0,Partly Cloudy,0.57
2026-06-12 15:00:00,26.8,87,3,6,12,15,4,0,0,Overcast,0.46
2026-06-12 16:00:00,26.2,73,2,6,12,16,4,0,0,Partly Cloudy,0.61
2026-06-12 17:00:00,27.1,12,0,6,12,17,4,0,1,Clear,0.79
2026-06-12 18:00:00,27.0,34,1,6,12,18,4,0,0,Mostly Clear,0.69
2026-06-12 19:00:00,26.0,100,3,6,12,19,4,0,0,Overcast,0.43
2026-06-12 20:00:00,24.4,100,3,6,12,20,4,0,0,Overcast,0.4
2026-06-13 10:00:00,23.4,0,0,6,13,10,5,1,1,Clear,0.74
2026-06-13 11:00:00,24.7,0,0,6,13,11,5,1,1,Clear,0.8
2026-06-13 12:00:00,25.7,7,0,6,13,12,5,1,1,Clear,0.8
2026-06-13 13:00:00,26.8,3,0,6,13,13,5,1,1,Clear,0.87
2026-06-13 14:00:00,27.1,2,0,6,13,14,5,1,1,Clear,0.85
2026-06-13 15:00:00,27.7,48,1,6,13,15,5,1,0,Mostly Clear,0.79
2026-06-13 16:00:00,28.1,79,2,6,13,16,5,1,0,Partly Cloudy,0.77
2026-06-13 17:00:00,28.5,43,1,6,13,17,5,1,0,Mostly Clear,0.86
2026-06-13 18:00:00,28.8,66,2,6,13,18,5,1,0,Partly Cloudy,0.77
2026-06-13 19:00:00,28.0,60,2,6,13,19,5,1,0,Partly Cloudy,0.72
2026-06-13 20:00:00,25.3,97,3,6,13,20,5,1,0,Overcast,0.51
2026-06-14 10:00:00,22.8,100,51,6,14,10,6,1,0,Drizzle,0.26
2026-06-14 11:00:00,21.9,98,53,6,14,11,6,1,0,Drizzle,0.27
2026-06-14 12:00:00,25.8,98,3,6,14,12,6,1,0,Overcast,0.49
2026-06-14 13:00:00,28.4,100,51,6,14,13,6,1,0,Drizzle,0.34
2026-06-14 14:00:00,28.7,99,53,6,14,14,6,1,0,Drizzle,0.34
2026-06-14 15:00:00,25.8,99,51,6,14,15,6,1,0,Drizzle,0.33
2026-06-14 16:00:00,25.1,95,51,6,14,16,6,1,0,Drizzle,0.35
2026-06-14 17:00:00,25.8,80,51,6,14,17,6,1,0,Drizzle,0.31
2026-06-14 18:00:00,22.8,100,61,6,14,18,6,1,0,Rain,0.22
2026-06-14 19:00:00,20.3,85,63,6,14,19,6,1,0,Rain,0.19
2026-06-14 20:00:00,18.6,99,63,6,14,20,6,1,0,Rain,0.17
2026-06-15 10:00:00,17.3,46,51,6,15,10,0,0,0,Drizzle,0.21
2026-06-15 11:00:00,18.2,34,51,6,15,11,0,0,0,Drizzle,0.2
2026-06-15 12:00:00,19.1,100,3,6,15,12,0,0,0,Overcast,0.37
2026-06-15 13:00:00,19.3,100,3,6,15,13,0,0,0,Overcast,0.42
2026-06-15 14:00:00,19.1,100,3,6,15,14,0,0,0,Overcast,0.43
2026-06-15 15:00:00,19.5,37,1,6,15,15,0,0,0,Mostly Clear,0.64
2026-06-15 16:00:00,20.4,45,1,6,15,16,0,0,0,Mostly Clear,0.64
2026-06-15 17:00:00,19.9,47,1,6,15,17,0,0,0,Mostly Clear,0.64
2026-06-15 18:00:00,19.1,26,1,6,15,18,0,0,0,Mostly Clear,0.62
2026-06-15 19:00:00,18.2,4,0,6,15,19,0,0,1,Clear,0.62
2026-06-15 20:00:00,17.5,1,0,6,15,20,0,0,1,Clear,0.64
2026-06-16 10:00:00,19.1,81,3,6,16,10,1,0,0,Overcast,0.33
2026-06-16 11:00:00,20.3,93,3,6,16,11,1,0,0,Overcast,0.36
2026-06-16 12:00:00,21.3,70,2,6,16,12,1,0,0,Partly Cloudy,0.49
2026-06-16 13:00:00,21.8,93,3,6,16,13,1,0,0,Overcast,0.42
2026-06-16 14:00:00,22.1,74,2,6,16,14,1,0,0,Partly Cloudy,0.59
2026-06-16 15:00:00,22.7,80,3,6,16,15,1,0,0,Overcast,0.45
2026-06-16 16:00:00,22.6,38,1,6,16,16,1,0,0,Mostly Clear,0.67
2026-06-16 17:00:00,23.2,77,2,6,16,17,1,0,0,Partly Cloudy,0.62
2026-06-16 18:00:00,23.2,33,1,6,16,18,1,0,0,Mostly Clear,0.67
2026-06-16 19:00:00,22.2,24,1,6,16,19,1,0,0,Mostly Clear,0.64
2026-06-16 20:00:00,15.8,99,3,6,16,20,1,0,0,Overcast,0.33
2026-06-17 10:00:00,20.1,54,51,6,17,10,2,0,0,Drizzle,0.2
2026-06-17 11:00:00,21.5,41,51,6,17,11,2,0,0,Drizzle,0.24
2026-06-17 12:00:00,22.8,53,51,6,17,12,2,0,0,Drizzle,0.27
2026-06-17 13:00:00,24.3,57,2,6,17,13,2,0,0,Partly Cloudy,0.58
2026-06-17 14:00:00,24.2,84,3,6,17,14,2,0,0,Overcast,0.46
2026-06-17 15:00:00,25.3,97,3,6,17,15,2,0,0,Overcast,0.46
2026-06-17 16:00:00,25.7,100,3,6,17,16,2,0,0,Overcast,0.48
2026-06-17 17:00:00,25.1,100,3,6,17,17,2,0,0,Overcast,0.45
2026-06-17 18:00:00,25.5,100,3,6,17,18,2,0,0,Overcast,0.45
2026-06-17 19:00:00,24.5,100,3,6,17,19,2,0,0,Overcast,0.41
2026-06-17 20:00:00,22.9,100,3,6,17,20,2,0,0,Overcast,0.44
2026-06-18 10:00:00,23.3,55,51,6,18,10,3,0,0,Drizzle,0.2
2026-06-18 11:00:00,24.4,27,51,6,18,11,3,0,0,Drizzle,0.22
2026-06-18 12:00:00,25.0,14,0,6,18,12,3,0,1,Clear,0.68
2026-06-18 13:00:00,25.6,34,1,6,18,13,3,0,0,Mostly Clear,0.65
2026-06-18 14:00:00,26.0,58,51,6,18,14,3,0,0,Drizzle,0.26
2026-06-18 15:00:00,26.0,88,3,6,18,15,3,0,0,Overcast,0.47
2026-06-18 16:00:00,25.2,47,1,6,18,16,3,0,0,Mostly Clear,0.69
2026-06-18 17:00:00,25.2,57,51,6,18,17,3,0,0,Drizzle,0.28
2026-06-18 18:00:00,25.1,21,1,6,18,18,3,0,0,Mostly Clear,0.7
2026-06-18 19:00:00,24.3,7,0,6,18,19,3,0,1,Clear,0.7
2026-06-18 20:00:00,23.2,75,2,6,18,20,3,0,0,Partly Cloudy,0.55
